BOR;AN;FI;RS;FI_EJ;STRUCTURE;CONS_PSY_INT;ACT_INF_INT;CONS_MED_INT_HORSPSY;CONS_MED_INT_PSY;CONS_IDE_INT;CONS_TOT_INT;CAS_RSP_INT;FILACT_INT;dt_NOUV_INT;CONS_PSY_EXT;ACT_INF_EXT;CONS_MED_EXT_HORSPSY;CONS_MED_EXT_PSY;CONS_IDE_EXT;CONS_TOT_EXT;CAS_RSP_EXT;FILACT_EXT;dt_NOUV_EXT;CONS_PSY18;ACT_INF18;CONS_MED18_HORSPSY;CONS_MED18_PSY;CONS_IDE18;CONS_TOT18;CAS_RSP18;FILACT18;dt_NOUV18;SEJ;HOSP;CAS_RCP;EFFPL_PM;EFFPL_PMDOU;EFFPL_IDE;EFFPL_IDEDOU;EFFPL_PSY;EFFPL_PNMAUT;EFFPA_PM;EFFPA_PMDOU;EFFPA_IDE;EFFPA_IDEDOU;EFFPA_PSY;EFFPA_PNMAUT;EFFPA1_PM;EFFPA1_PMDOU;EFFPA1_IDE;EFFPA1_IDEDOU;EFFPA1_PSY;EFFPA1_PNMAUT;EFFPA2_PM;EFFPA2_PMDOU;EFFPA2_IDE;EFFPA2_IDEDOU;EFFPA2_PSY;EFFPA2_PNMAUT;EFFPA3_PM;EFFPA3_PMDOU;EFFPA3_IDE;EFFPA3_IDEDOU;EFFPA3_PSY;EFFPA3_PNMAUT;ETP_PM;ETP_PMDOU;ETP_IDE;ETP_IDEDOU;ETP_PSY;ETP_PNMAUT
DOULEUR;2020;010000024;CH DE FLEYRIAT;010780054;Consultation;19;;;;;19;;;;378;;253;;467;1098;14;163;;;;;;;;;;;0;0;;;;;;;;2;2;3;;2;1;1;1;;;;;1;1;2;;2;;;;1;;;1;0.46;0.35;1.03;;0.44;0.5
DOULEUR;2020;020000162;CH SAINT-QUENTIN;020000063;Consultation;0;12;12;0;12;24;0;0;0;1003;763;1120;0;1964;4087;35;610;197;3;2;2;0;0;5;0;6;2;425;176;21;2;2;2;1;1;0;0;0;0;0;0;2;0;0;0;0;0;1;0;0;0;0;0;0;0;0;0;0;0;1;1.5;1.5;1.44;0.75;1;0.9
DOULEUR;2020;020000394;CH LAON;020000253;Consultation;;;;;;;;;;408;222;780;0;686;1874;213;497;211;;;;;;;;;;342;162;;1;1;1;0;1;0;0;0;0;0;1;0;0;0;0;0;0;0;0;0;0;0;1;0;0;0;0;0;0;0;1;1;1;0;1.25;0
DOULEUR;2020;020000519;CH SOISSONS;020000261;Consultation;411;89;2385;25;610;3431;59;;210;552;267;2444;320;593;3909;89;1198;420;;;18;;;18;;;;0;0;148;2;;2;;0;1;5;2;0;;2;2;2;;;;;;1;;;;;;2;2;;;2;2;3.53;1.2;2.04;;0.73;4
DOULEUR;2020;020001061;CH CHÂTEAU-THIERRY;020004404;Consultation;;;;;;;;;;391;;528;;97;1016;;315;;;;;;;;;;;0;0;;;;;;;;6;6;3;3;1;1;6;6;3;3;;;;;;;1;1;;;;;;;0.5;0.5;0.2;0.2;0.35;0.2
DOULEUR;2020;020001087;CH HIRSON;020004495;Consultation;;;22;;;22;;;;;;877;;;877;;;;;;;;;;;;;0;0;;0;;;;0;0;4;3;1;1;1;2;;3;1;1;1;2;4;;;;;;;;;;;;0.4;0.3;0.2;0.1;0.1;0.3
DOULEUR;2020;030000061;CH DE MOULINS;030780092;Consultation;1;124;162;0;140;303;0;65;26;136;1216;1645;0;1019;2800;325;676;276;3;8;14;0;6;23;0;11;6;0;0;0;1;;0;;0;0;0;;3;;1;1;0;;0;;0;0;0;;1;;1;0;0;;2;;0;1;1;;1.76;;0.3;0.68
DOULEUR;2020;030000079;CH DE MONTLUCON;030780100;Consultation;;0;130;0;0;130;;69;;299;814;589;0;805;1693;;379;150;1;0;1;0;0;2;;1;;0;0;0;1;;;;1;1;;;1;1;;;;;;;;;;;;;;;;;1;1;;;0.5;;0.8;0.8;0.4;0.5
DOULEUR;2020;030000087;CH JACQUES LACARIN VICHY;030780118;Consultation;;;20;;;20;;;;199;1073;902;;466;1567;194;557;50;;;;;;;;;;0;0;21;1;;0;;;;;;1;;;;;;;;;;;;;;;;;;1;;;;0.38;;0.83;;0.1;
DOULEUR;2020;050000348;CHI DES ALPES DU SUD SITE DE GAP;050002948;Consultation;;;;;;;;;;114;1414;563;;;677;50;349;7;;;;;;;;;;0;0;;;;1;;;;2;;1;;;2;1;;;;;1;;;1;;;;1;;;;;1;0.67;;1.3;;;0.51
DOULEUR;2020;060000510;CH D'ANTIBES JUAN LES PINS;060780954;Consultation;40;;231;;233;504;;111;508;797;;1171;;117;2085;31;508;98;;;;;;;;;;8;2;356;;;;;;;1;1;;;;;;;;;;;;;;;;;1;1;;;;;0.4;0.4;;;;
DOULEUR;2020;060000528;CENTRE ANTOINE LACASSAGNE;060780962;Consultation;2079;52;918;62;1090;4149;75;389;299;1495;;1018;390;333;3236;;405;248;;;;;;;;;;0;0;460;;;2;1;;;2;2;;;;;;;;;;;2;2;;;;;;;;;;;0.6;0.6;0.6;0.3;;
DOULEUR;2020;060780715;CLINIQUE SAINT GEORGE;060000361;Consultation;;;135;;;135;;;21;;;569;;;569;;;196;;;;;;;;;;0;0;;;;;;;;1;1;;;;;;;;;;;;;;;;;1;1;;;;;0.8;0.8;;;;
DOULEUR;2020;060788957;CHU DE NICE HOPITAL DE CIMIEZ;060785011;Centre;0;266;221;0;74;295;0;200;200;1071;7236;9625;0;1687;12383;531;3796;1424;;;;;;;;;;1615;395;221;5;;;;;;2;;;;;;2;;;;;;0;;;;;;0;;;;;;5.86;;;;;
DOULEUR;2020;070000609;CH D'AUBENAS;070005566;Consultation;;;;;;;;;;114;;447;225;269;1055;25;245;99;;;;;;;;;;0;0;;;;;;;1;3;;2;;1;;2;;;;1;;1;;2;;;;;;;;;;0.48;;0.37;;0.1;1
DOULEUR;2020;080000425;CH CHARLEVILLE - HOPITAL MANCHESTER;080011174;Consultation;;;;;;;;;;64;386;233;;89;386;;197;152;;;;;;;;;;34;27;;;;;;;;2;1;2;;1;2;1;;;;;1;1;1;1;;;1;;;1;;1;;0.14;0.13;0.3;;0.09;0.29
DOULEUR;2020;090000175;CHIVAL SITE FOIX;090781774;Consultation;;;1;;6;7;;4;;149;;188;;544;881;;177;73;;;;;1;1;;1;;0;0;;;;;;;;1;1;1;;1;2;1;1;;;1;1;;;;;;;;;1;;;1;0.2;0.2;0.6;;0.15;0.6
DOULEUR;2020;100000090;CENTRE HOSPITALIER DE TROYES;100000017;Centre;90;;;;;90;;;;793;;1411;45;1271;3520;;;213;;;;;;;;;;0;0;;0;0;1;1;1;1;3;3;1;0;0;4;2;2;0;0;0;2;0;0;1;0;0;1;1;1;0;0;0;1;0.63;0.63;1.09;0.79;1;1.85
DOULEUR;2020;110000023;CH CARCASSONNE;110780061;Consultation;18;5;0;0;5;23;0;;;476;439;506;0;439;1421;35;237;112;;;1;;;1;0;1;0;0;0;35;0;0;0;;0;0;2;2;1;1;2;1;1;1;0;0;0;0;0;0;0;0;0;0;1;1;1;1;2;1;0.43;0.43;0.5;0.5;0.64;0.5
DOULEUR;2020;110000056;CH NARBONNE HOTEL DIEU;110780137;Consultation;;0;9;0;;9;;;;;686;621;0;124;745;30;275;160;;0;0;0;0;0;;;;0;0;0;;;1;;1;1;1;;;;;;;;;;;;;;;;;;1;;;;;;0.4;;0.91;;0.47;0.5
DOULEUR;2020;120000039;CH DE RODEZ HOPITAL JACQUES PUEL;120780044;Consultation;;;104;;148;252;252;;;356;642;712;0;1082;2150;2792;313;125;;;;;;;;;;0;0;1;0;0;0;0;0;0;2;2;1;1;1;4;1;1;0;0;0;3;1;1;0;0;1;1;0;0;1;1;0;0;0.57;0.55;0.77;0.77;0.25;0.7
DOULEUR;2020;120004569;CH MILLAU;120004528;Consultation;;;;;;;;;;;161;258;;265;523;;162;126;;;;;;;;;;0;0;;;;;;;;1;;1;;;1;;;;;;;1;;;;;;;;1;;;1;0.2;;0.4;;;0.5
DOULEUR;2020;120004668;CH EMILE BOREL ST AFFRIQUE;120004619;Consultation;;;;;;;;;;;240;32;372;149;553;;237;205;;;;;;;;;;0;0;;;;;;;;;;1;;;;;;;;;;;;;;;;;;1;;;;;;0.95;;;
DOULEUR;2020;130000409;CHI SITE D'AIX EN PROVENCE;130041916;Consultation;30;58;89;0;3;122;0;29;27;1352;196;2016;666;897;4931;74;970;377;3;0;22;2;0;27;0;18;13;397;193;129;0;;2;;1;3;7;;1;;;;3;;;;;;1;;;;;;3;;1;;;;2.52;;2.01;;1;3.16
DOULEUR;2020;130001225;HOPITAL DU PAYS SALONNAIS;130782634;Consultation;65;3;111;0;264;440;22;59;45;318;306;1276;0;280;1874;10;527;207;;;;;;;;;;0;0;6;;;;;;;3;3;1;1;1;1;;;;;;;3;3;;;;;;;1;1;1;1;0.69;0.69;0.5;0.5;0.55;0.11
DOULEUR;2020;130001647;INSTITUT PAOLI CALMETTES;130784127;Consultation;1610;232;2173;173;20;3976;;659;509;278;;1331;;194;1803;;655;452;;;;;;;;;;0;0;381;;;1;;;;2;;;;1;1;;;;;;;1;;;;;;1;;;;1;1;1.15;;1;;0.5;0.5
DOULEUR;2020;130783293;APHM HOPITAL LA TIMONE;130786049;Centre;;;;;;;;;;636;405;9189;9;580;10414;;5383;1335;;;554;;11;565;;350;226;692;262;;4;;3;;1;3;3;;1;;;;1;;;;;;;;;;;;2;;1;;;;5.37;;2.59;;1;3.28
DOULEUR;2020;130784903;CLINIQUE LA PHOCEANNE;130002041;Consultation;;;;;;;;;;68;;1984;;201;2253;;1307;;;;;;;;;;;0;0;;;;4;2;;;2;2;;;1;;;;;;;;;;;;;;2;2;;;1;;1.5;1.5;4;2;0.5;
DOULEUR;2020;130785652;HOPITAL SAINT JOSEPH;130014228;Consultation;;;;;;;;;;249;;1934;;;2183;;859;;;;;;;;;;;285;172;407;4;4;16;16;;17;;;6;6;2;1;;;;;;;;;1;1;1;;;;5;5;1;1;4.7;4.7;13.94;13.94;0.24;14.3
DOULEUR;2020;140000027;CENTRE HOSPITALIER DE LISIEUX;140000035;Consultation;7;601;270;0;480;757;15;240;103;270;790;1144;19;552;1985;311;811;319;20;32;34;0;31;85;11;16;13;0;0;52;1;;;;;;;;2;;1;1;;;;;;;;;;;;;;;2;;1;1;0.9;;1.51;;0.57;0.5
DOULEUR;2020;140000233;CENTRE HOSPITALIER DE FALAISE;140000118;Consultation;;38;;;29;29;;;;;290;286;;255;541;145;145;86;;;;;;;;;;0;0;;;;;;;;1;1;1;1;;;;;;;;;;;;;;;1;1;1;1;;;0.8;0.8;0.5;0.5;;
DOULEUR;2020;140000555;CRLCC FRANCOIS BACLESSE - CAEN;140000639;Consultation;83;0;1099;33;341;1556;0;439;209;318;0;1025;123;1716;3182;5;514;215;;;;;;;;;;0;0;80;2;2;1;;;;2;2;1;;6;;;;;;1;;1;1;;;5;;1;1;1;;;;1.39;1.39;1.36;;2.98;
DOULEUR;2020;140004383;CHR GEORGES CLEMENCEAU - CAEN;140000100;Centre;3;244;116;5;289;413;7;219;111;572;958;2141;607;41;3361;143;1429;717;0;346;365;386;284;1035;28;483;261;0;0;42;1;;1;;1;1;5;;;;2;3;4;;;;;1;;;;;;;1;;;;2;2;1.18;;1;;1.03;1.57
DOULEUR;2020;140016759;POLYCLINIQUE DU PARC - CAEN;140003146;Consultation;;;40;;113;153;;;;3697;7100;2832;;572;7101;60;2137;805;;;;;;;;;;0;0;60;1;1;5;1;1;4;2;2;4;2;2;3;;;;;;;1;1;;;1;2;1;1;4;2;1;1;1.25;1.25;8;2.75;2;5
DOULEUR;2020;140024886;CENTRE HOSPITALIER - AUNAY-BAYEUX;140000092;Centre;31;267;278;0;91;400;;145;27;545;694;2446;0;45;3036;254;895;86;0;4;12;0;1;13;;8;;321;192;124;1;1;1;1;;1;10;4;2;2;2;2;6;1;;;;;2;1;;;1;2;2;2;2;2;1;;3.26;2.6;2.2;2.2;0.82;1.5
DOULEUR;2020;150000040;CH HENRI MONDOR;150780096;Consultation;1;;60;;12;73;2;64;60;213;;713;;1111;2037;87;457;210;;;24;;83;107;4;16;8;0;0;6;2;1;1;;;;;;;;1;1;;;;;;;;;;;;;;;;;1;1;0.8;0.6;0.98;;0.5;0.5
DOULEUR;2020;160000253;CENTRE HOSPITALIER D'ANGOULEME;160000451;Consultation;;;;;;;;;;119;378;952;326;1581;2978;0;471;176;;;;;;;;;;0;0;0;2;;3;;1;1;;;;;;;;;;;;;;;;;;;;;;;;;0.7;;0.8;;0.36;0.5
DOULEUR;2020;160013207;CENTRE CLINICAL SA;160001632;Consultation;;;12;;;12;;;;105;392;1574;;532;2211;236;406;236;;;;;;;;;;0;0;;1;1;;;;1;2;;1;1;1;2;2;;;;;2;;;;;1;;;;1;1;;;1.2;1;0.95;0.95;0.3;1.15
DOULEUR;2020;170000087;HOPITAL SAINT-LOUIS - LA ROCHELLE;170024194;Consultation;;19;23;;19;42;23;;;20;196;1253;;172;1445;285;499;252;;;;;;;;;;107;65;61;1;1;;;;;1;1;1;;1;1;;;;;;;;;;;;;1;1;1;;1;1;1.5;1.5;0.77;;0.37;0.5
DOULEUR;2020;170000103;CTRE HOSP. DE SAINTONGE - SAINTES;170780175;Consultation;;5;;;;;;;;0;0;417;;263;680;19;261;51;;;;;;;;;;0;0;;;;17;;1;1;;;5;;;2;;;;;;;;;;;;;;;5;;;2;0.28;;0.56;;0.5;1.93
DOULEUR;2020;180000010;CH BOURGES - JACQUES COEUR;180000028;Consultation;2;59;76;;17;95;;27;27;456;488;1848;;488;2792;340;1203;320;;;;;;;;;;0;0;340;1;1;1;1;;;;;;;2;1;;;;;;;;;;;;;;;;;2;1;1;1;1;1;0.96;0.9
DOULEUR;2020;190000018;CENTRE HOSPITALIER DUBOIS BRIVE;190000042;Consultation;42;1098;294;0;0;336;;162;160;713;1483;1686;0;0;2399;;901;437;1;4;72;0;0;73;;44;23;0;0;;2;1;2;;1;1;;;1;;;;;;;;;;;;;;;;;;1;;;;1.35;1;2.24;;0.55;0.53
DOULEUR;2020;210987558;HOPITAL LE BOCAGE CHRU DIJON;210780581;Centre;;;;;;;;;;411;;2028;;1666;4105;;1638;1147;;;;;;;;;;0;0;22;3;;2;;1;2;2;;;;;;1;;;;;;1;;;;;;;;;;;;2.2;;1;;0.5;1.5
DOULEUR;2020;210987731;CLCC GEORGES-FRANCOIS LECLERC;210780417;Centre;;;283;8;;291;;;59;;;2069;165;;2234;;957;677;;;;;;;;;;456;305;81;1;1;;;;;6;4;;;;;;;;;;;6;4;;;;;;;;;;;2.2;1.8;;;;
DOULEUR;2020;220000012;CENTRE HOSPITALIER YVES LE FOLL;220000020;Consultation;0;70;492;0;158;650;;457;143;235;299;1209;0;448;1892;;771;492;1;1;15;0;1;17;;10;6;0;0;;;;;;;;5;2;2;2;1;;3;1;;;;;1;;;;1;;1;1;2;2;;;0.92;0.52;2.1;1.65;0.3;
DOULEUR;2020;220012884;CENTRE REEDUC TRESTEL;220000103;Consultation;;;;;;;;;;157;307;1153;;;1310;;801;153;;;;;;;;;;;;;;;;;;;4;4;1;;1;2;3;3;;;;2;1;1;;;1;;;;1;;;;0.58;0.58;0.5;;0.3;0.2
DOULEUR;2020;230000820;CENTRE HOSPITALIER GUERET;230780041;Consultation;;;;;;;;;;248;156;736;0;415;1399;15;379;170;;;;;;;;;;168;133;16;;;1;;;;1;1;1;;1;2;;;;;;;;;;;;2;1;1;1;;1;;0.5;0.5;1.48;;0.4;0.53
DOULEUR;2020;240000372;C.H DE BERGERAC;240000059;Consultation;;;;;;;;;;0;0;256;0;0;256;0;193;65;;;;;;;;;;0;0;;1;0;0;0;0;1;0;0;0;0;0;0;0;0;0;0;0;0;0;0;0;0;0;0;0;0;0;0;0;0;0.05;0;0;0;0;0.1
DOULEUR;2020;240000489;CENTRE HOSPITALIER DE PERIGUEUX;240000117;Consultation;0;227;144;;104;248;144;20;15;0;731;492;;594;1086;72;302;152;0;10;14;;14;28;9;5;5;0;0;7;;;2;;;0;2;;0;;;1;1;;;;;;;;;;;1;1;;;;;;0.86;;2;;;0.25
DOULEUR;2020;240000687;CENTRE HOSPITALIER SARLAT;240000448;Consultation;0;0;;0;0;0;0;;;0;11;68;0;0;68;0;48;32;;;;;;;;;;0;0;0;0;0;0;0;0;0;1;0;1;1;0;0;1;0;0;0;0;0;0;0;0;0;0;0;0;0;1;1;0;0;0.1;0;0.8;0.8;0;0
DOULEUR;2020;250000700;CHI HC SITE RIVES DU DOUBS PONTARLIER;250000452;Consultation;;;17;;;17;;;;430;585;1871;;;2301;34;472;118;;;;;;;;;;0;0;;1;1;;;;1;1;;1;1;;2;;;;;;;;;;;;;1;;1;1;;2;1.05;1;0.5;0.5;;0.57
DOULEUR;2020;250006954;CHRU JEAN MINJOZ;250000015;Centre;10;;108;0;0;118;0;70;107;404;;1990;109;201;2704;80;1330;943;29;;444;2;0;475;5;135;33;1365;640;8;;;2;2;;2;4;4;2;2;2;5;;;0;0;;1;;;0;0;;1;4;4;2;2;2;3;1.46;1.46;2.25;2.25;0.96;3.03
DOULEUR;2020;260000013;CH DE VALENCE;260000021;Consultation;122;;55;0;60;237;20;;20;914;1176;1854;0;882;3650;130;797;380;;;5;0;;5;0;;;0;0;24;;;1;1;;1;4;4;2;2;2;1;;;;;;1;1;1;;;1;;3;3;;;1;1;1.4;1.4;2;2;1.1;1.2
DOULEUR;2020;270000359;CH EVREUX CH EURE-SEINE;270023724;Consultation;57;201;674;;;731;;206;119;434;;926;;429;1789;11;715;220;0;2;49;;16;65;4;27;18;0;0;10;;;;;;;5;1;3;1;3;4;1;;;;;;2;;;;3;1;2;1;3;1;;3;1.8;0.5;1.5;0.5;0.75;1.7
DOULEUR;2020;270000458;CH VERNON CH EURE-SEINE;270023724;Consultation;;;;;;;;;;;;;;;;;;;;;;;;;;;;0;0;;;;;;;;;;;;;;;;;;;;;;;;;;;;;;;;;;;;;
DOULEUR;2020;280000084;CH DREUX;280000183;Consultation;16;67;16;;;32;;67;11;875;1394;847;;;1722;;676;369;;;;;;;;;;0;0;78;;;;;;;4;3;4;1;2;1;;;1;;1;;3;3;1;;;;1;;2;1;1;1;1.1;0.6;1.39;0.5;0.59;0.8
DOULEUR;2020;280504267;CH CHARTRES LOUIS PASTEUR-LE COUDRAY;280000134;Consultation;20;11;6;0;;26;;25;20;592;718;1174;0;;1766;;777;360;3;9;14;0;;17;;5;5;0;0;;2;2;1;1;;1;3;3;;;1;;1;1;;;;;2;2;;;;;;;;;1;;1.09;1.09;0.92;0.92;0.95;1
DOULEUR;2020;290000025;CHIC QUIMPER;290020700;Consultation;15;212;11;;;26;23;10;9;125;382;1938;128;;2191;19;933;397;0;2;1;;;1;6;1;1;0;0;155;;;14;;0;18;8;2;5;;1;11;5;;0;;0;0;0;;;;1;1;3;2;5;;0;10;2.45;1.4;16.94;;0.37;24.23
DOULEUR;2020;290000033;C.H. DES PAYS DE MORLAIX;290021542;Consultation;;;6;;;6;;6;2;93;;479;;148;720;;290;242;;;3;;1;4;;3;2;0;0;;;;1;1;1;0;1;1;0;0;0;1;;;;;;;;;;;;;1;1;;;;1;0.53;0.53;0.2;0.2;0.55;0.5
DOULEUR;2020;290000728;HOPITAL INSTRUCTION DES ARMEES;750821092;Consultation;;5;17;;3;20;;13;;;65;503;37;65;605;2;297;174;;;2;;;2;;1;;0;0;;;;;;;;3;1;1;;;2;2;;;;;;;;;;;;1;1;1;;;2;0.7;0.5;0.1;;;0.2
DOULEUR;2020;290004324;CHRU BREST SITE HOPITAL CAVALE BLANCHE;290000017;Centre;;;;;;;;;;;;;;;;;;;;;;;;;;;;396;137;;2;;;;;;1;;;;;;;;;;;;;;;;;;;;;;;;1.23;;;;;
DOULEUR;2020;2A0000022;CH ND LA MISERICORDE;2A0000014;Consultation;0;0;0;0;0;0;0;0;0;315;288;1660;690;0;2665;0;697;351;0;0;0;0;0;0;0;0;0;0;0;148;2;;;;1;2;4;;1;1;;;1;;;;;;1;;;;;;2;;1;1;;;0.95;;0.7;0.7;0.5;0.7
DOULEUR;2020;300000023;CH ALES CEVENNES;300780046;Consultation;;;;;;;;;;;;;;;;;;;;;;;;;;;;0;0;;0;0;;;;;2;0;;;;;2;;;;;;0;;;;;;0;;;;;;0.2;0;;;;
DOULEUR;2020;300780152;NOUVEL HOPITAL PRIVE LES FRANCISCAINES;300017985;Consultation;173;536;470;0;;643;;200;100;699;1595;1482;0;;2181;90;500;250;;;;0;;0;;;;0;0;30;;;1;1;0;;2;2;0;1;0;2;;;0;;0;;1;1;;;0;;1;1;;1;0;2;1.7;1.3;1;1.48;0;1.2
DOULEUR;2020;300782117;CHU NIMES CAREMEAU;300780038;Centre;;1095;406;;;406;;281;248;656;414;7114;;;7770;416;3074;1512;20;;19;;;39;;37;21;4944;1608;120;5;5;7;;1;10;2;2;;;;1;;;;;;;1;1;;;;;1;1;;;;1;3.85;3.85;6.33;;1.33;8.38
DOULEUR;2020;310000310;CH COMMINGES PYRENEES SITE PLANCARD;310780671;Consultation;;;;;;;;;;326;1388;1823;;;2149;;574;164;;;;;;;;;;0;0;;;;1;1;;;3;;;;2;2;;;;;;;3;;;;2;2;;;;;;;1;;1;1;0.89;1
DOULEUR;2020;310016977;HOPITAUX MERE & ENFANTS SITE VIGUIER;310781406;Centre;;;;;;;;;;;;;;;;;;;;;;;;;;;;0;0;;;;;;;;;;;;;;;;;;;;;;;;;;;;;;;;;;;;;
DOULEUR;2020;310026927;CL CAPIO LA CROIX DU SUD;310026794;Centre;106;0;24;;;130;90;8;15;16;525;1488;;962;2466;32;898;487;;;;;;;;;;517;295;0;1;0;;;;;1;1;2;2;1;1;;;;;;;;;;;;;1;1;2;2;1;1;1.75;0.75;1.87;1.87;0.7;1
DOULEUR;2020;310780259;CL PASTEUR;310000096;Consultation;426;;509;;468;1403;;268;248;920;;1932;153;952;3957;180;986;402;;;5;;;5;;3;3;0;0;180;2;2;1;1;;1;2;1;;;1;1;1;;;;;;1;1;;;;;;;;;1;1;1.58;1.31;0.5;0.5;0.5;0.4
DOULEUR;2020;310780283;CL DE L'UNION;310000112;Consultation;30;177;;;;30;;;;313;202;1839;;;2152;;;544;;;;;;;;;;844;301;;1;;;;;;;;;1;1;;;;;;1;;;;;;;;;;;1;;;1;;;0.54;0.1;
DOULEUR;2020;310781067;HOPITAL JOSEPH DUCUING;310788898;Consultation;;;127;;92;219;50;96;73;;;607;;650;1257;0;206;118;0;0;0;0;0;0;0;0;0;0;0;0;2;2;3;1;0;0;0;0;2;0;0;0;0;0;0;0;0;0;0;0;0;0;0;0;0;0;2;0;0;0;0.7;0.7;1.85;0.8;0;0
DOULEUR;2020;310782347;INSTITUT CLAUDIUS REGAUD;310789136;Consultation;80;193;469;16;193;758;;127;12;130;504;581;24;504;1239;504;398;259;;;;;;;;;;0;0;457;1;1;3;3;;2;2;2;;;1;2;;;;;;;;;;;;1;2;2;;;1;1;1;1;1;1;0.5;1.1
DOULEUR;2020;310783048;HOPITAL PURPAN CHU TLSE;310781406;Centre;0;0;5;1;0;6;;;;2;15;2200;536;0;2738;;;;;;9;4;0;13;;;;0;0;;3;3;1;1;;2;3;3;1;0;3;;1;1;0;0;1;;2;2;0;0;;;0;;1;0;2;;2;2;1.5;1;1.2;2
DOULEUR;2020;320000086;CH AUCH EN GASCOGNE;320780117;Consultation;84;37;82;0;37;203;76;78;71;272;212;356;0;212;840;340;169;40;4;0;0;0;0;4;2;4;0;0;0;75;0;0;0;0;0;0;1;1;1;1;1;1;0;0;0;0;0;0;0;0;0;0;0;0;1;1;1;1;1;1;0.5;0.5;0.5;0.5;0.5;0.5
DOULEUR;2020;330000332;HOPITAL SUBURBAIN DU BOUSCAT;330780545;Consultation;21;;21;;;42;21;16;16;;;74;;;74;;48;31;;;;;;;;;;0;0;;;;;;;;1;1;;;1;1;1;;;;1;1;;1;;;;;;;;;;;0.08;0.08;;;0.05;0.02
DOULEUR;2020;330000340;MSP BORDEAUX BAGATELLE;330780552;Centre;;;;;;;;;;125;326;449;;326;900;;312;;;;54;;5;59;;8;;0;0;;;;;;;;3;3;1;;1;0;;;;;;0;;;1;;1;0;3;3;;;;0;1.38;1.38;0.38;;0.33;0.84
DOULEUR;2020;330000555;CENTRE HOSPITALIER D'ARCACHON;330781204;Consultation;1;;4;;3;8;;17;;714;512;696;;552;1962;;489;;;;;;;;;;;0;0;;1;1;;;;;1;1;1;1;1;1;;;;;;;;;;;;;1;1;1;1;1;1;1.05;1.05;0.8;0.8;0.8;0.8
DOULEUR;2020;330000597;CH SUD GIRONDE - SITE LA REOLE;330027509;Consultation;0;4;3;;4;7;;;;499;541;933;0;0;1432;35;467;192;0;2;1;;;1;;;;0;0;;;;1;;;;1;;;;1;3;;;;;;1;;;;;;;1;;;;1;2;0.5;;1;;0.8;1.73
DOULEUR;2020;330000605;CTRE HOSPIT.R.BOULIN-LIBOURNE;330781253;Consultation;;;34;;2;36;;28;21;368;;1162;;499;2029;;619;373;2;;6;;9;17;;5;4;0;0;;2;1;0;;0;0;0;0;1;;1;1;0;0;;;;;0;0;;;;;0;0;1;;1;1;2;1;0.46;;0.51;0.65
DOULEUR;2020;330000662;INSTITUT BERGONIE;330781329;Centre;;;;;;;;;;;;1333;;;1333;4;666;143;;;;;;;;;;65;47;100;;;;;;;3;;1;;2;2;1;;;;;2;1;;;;1;;1;;1;;1;;1.2;;0.5;;0.4;0.15
DOULEUR;2020;330780529;CLINIQUE MUTUALISTE DE PESSAC;330796392;Consultation;;;;;;;;;;;;845;;;845;;;;;;;;;;;;;0;0;;;;;;;;1;;;;;;;;;;;;1;;;;;;;;;;;;0.2;;;;;
DOULEUR;2020;330781360;GROUPE HOSPITALIER PELLEGRIN - CHU;330781196;Centre;4;0;13;0;9;26;;;;144;440;3090;108;120;3462;173;1846;908;148;68;447;0;129;724;12;212;89;3;3;135;2;;2;;;2;4;;1;;2;3;1;;;;;;2;;;;;;1;;1;;2;3;3.55;;2.5;;1.6;2.89
DOULEUR;2020;340000033;CH BEZIERS;340780055;Centre;;;;;;;;;;329;1745;1227;;;1556;10;1023;;;;;;;;;;;0;0;;;;1;;;1;4;;;;1;1;2;;;;;;1;;;;;;1;;;;1;1;1.05;;1;;0.75;1.5
DOULEUR;2020;340000207;ICM;340780493;Consultation;95;63;143;46;107;391;130;107;34;176;1129;673;162;879;1890;150;432;275;0;0;0;0;0;0;0;0;0;0;0;0;3;;2;;;3;2;;0;;;0;1;;;;;;;;;;;;1;;;;;;0.88;;1.5;;;0.58
DOULEUR;2020;340000223;HOPITAL ST CLAIR HBT SETE;340011295;Consultation;1;45;85;0;45;131;1;80;78;381;299;1221;48;525;2175;109;459;210;0;0;0;0;0;0;0;0;0;0;0;;;;;;;;2;2;2;2;1;2;;;;;;1;;;;;;;2;2;2;2;1;1;1.2;1.2;0.63;0.63;0.51;0.69
DOULEUR;2020;340780675;CL CLEMENTVILLE;340000298;Centre;28;163;270;0;165;463;52;;;701;622;1910;0;510;3121;275;768;546;13;0;6;0;0;19;4;2;2;31;28;;1;1;;;;;2;1;1;1;2;1;1;;;;;;1;1;;;;;;;1;1;2;1;1.5;1.4;0.6;0.6;1.2;0.7
DOULEUR;2020;340782036;HOPITAL ST ELOI CHU MONTPELLIER;340780477;Centre;;19;159;35;;194;;153;85;;1142;3947;348;;4295;;2340;1318;;;;;;;;;;1318;702;;9;9;4;;2;3;1;1;2;;;;1;1;;;;;;;;;;;;;2;;;;4.37;4.37;5.49;;0.8;2.13
DOULEUR;2020;350000139;CLINIQUE MUTUALISTE DE LA SAGESSE;350001137;Centre;;;;;;;;;;470;1367;2264;227;;2961;;951;;;;;;;;;;;444;290;;;;1;;;;4;4;2;;1;3;;;;;;;3;3;1;;;1;1;1;1;;1;2;1.31;1.31;1.49;;0.68;3.02
DOULEUR;2020;350000147;CENTRE HOSPITALIER SAINT-MALO;350000022;Consultation;0;0;0;0;0;0;0;0;0;693;1020;1534;0;1020;3247;300;675;350;5;10;10;0;10;25;5;5;5;323;172;49;1;1;1;1;0;1;1;1;1;0;2;0;0;0;;;;;0;0;;;2;;1;1;1;;;;1.19;1.19;1.4;1;0.43;1
DOULEUR;2020;350000741;CHRU RENNES SITE PONTCHAILLOU;350005179;Centre;;;;;;;;;;441;300;2207;17;1002;3667;53;921;446;262;;762;;226;1250;30;394;216;294;139;142;6;;0;;0;1;0;;2;;1;0;;;;;;;;;;;;;;;;;;;1.85;;2.55;;0.24;1.12
DOULEUR;2020;350002812;C.R.L.C.C. EUGENE MARQUIS;350023503;Consultation;376;597;225;;597;1198;;53;41;199;133;708;;133;1040;;323;163;0;0;0;;0;0;;0;0;0;0;379;0;0;0;0;0;;5;3;3;3;3;6;3;2;0;0;3;2;1;0;1;1;0;4;1;1;2;2;0;0;1.15;0.65;1.4;1.2;0.3;1.37
DOULEUR;2020;360000137;CH CHATEAUROUX;360000053;Consultation;0;;21;;20;41;8;20;20;243;;1268;;873;2384;234;577;235;1;;4;;5;10;1;4;4;0;0;69;1;1;1;;;;;;;;1;1;;;;;;;;;;;;;;;;;1;1;1;1;1;;0.64;0.8
DOULEUR;2020;370000531;CH DU CHINONAIS;370000606;Consultation;;;;;;;;;;290;1304;981;0;;1271;0;586;200;;;;;;;;;;0;0;0;2;3;3;1;1;1;0;2;0;0;0;0;;0;;;;;;;;;;;;;;;;;0.6;0.54;1.33;0.5;0.33;0.5
DOULEUR;2020;370000861;CHRU BRETONNEAU - TOURS;370000481;Centre;4;;190;1;;195;;;;356;473;2322;213;;2891;500;1433;823;0;10;;;;0;;90;90;0;0;600;3;;0;;;1;2;;2;;1;;2;;;;;;;;;;1;;;;2;;;;2.91;;1.5;;0.27;1.04
DOULEUR;2020;380000018;CH RHUMATOLOGIQUE D'URIAGE;380780023;Consultation;526;4;0;88;;614;;;;247;326;550;105;;902;;;;;;;;;;;;;0;0;10;;;;;;;1;1;;1;2;2;;;;;;;;;;;;1;1;1;;1;2;1;0.6;0.6;;0.5;1.1;0.7
DOULEUR;2020;380000034;CH PIERRE OUDOT BOURGOIN JALLIEU;380780049;Consultation;;;135;;;135;;;;213;;1451;70;635;2369;;828;341;;;;;;;;;;0;0;;0;0;0;0;0;0;5;3;1;1;1;1;2;0;0;0;0;0;2;2;0;0;0;1;1;1;1;1;1;0;1.59;1.39;0.52;0.52;0.5;0.2
DOULEUR;2020;380000067;HOPITAL NORD - CHU38;380780080;Centre;;;699;;;699;;;;704;1010;6112;27;6843;13686;200;2180;802;;;527;;;527;60;120;;0;0;;1;;;;;1;5;;3;;2;2;;;0;;0;0;3;;0;;0;1;2;;3;;2;1;4.26;;2.11;;1;2
DOULEUR;2020;380000174;CH LUCIEN HUSSEL DE VIENNE;380781435;Consultation;54;109;126;;109;289;;59;;407;635;3232;;635;4274;;434;147;0;0;0;;0;0;;0;0;0;0;30;0;;;;;;3;2;1;1;1;3;0;;;;;1;1;1;;;;;2;1;1;1;1;2;1.02;0.57;0.8;0.8;0.5;1.15
DOULEUR;2020;380000406;HOPITAL DE VOIRON;380780080;Consultation;;;;;;;;;;765;1052;1648;15;516;2944;90;680;571;;;;;;;;;;0;0;130;;;1;;;1;3;;;;2;;2;;;;;;1;;;;;;;;;;;;0.5;;1.22;;0.8;0.7
DOULEUR;2020;380012658;GROUPE HOSPIT. MUTUALISTE DE GRENOBLE;380012609;Centre;0;0;319;0;30;349;55;250;250;967;0;3484;484;1496;6431;91;1571;339;0;0;0;0;0;0;0;0;0;80;69;64;2;2;1;1;0;1;4;2;1;1;2;1;1;0;0;0;0;0;0;0;0;0;1;0;3;2;1;1;1;1;3.5;2.9;1.8;1.8;1;1.5
DOULEUR;2020;390000040;CH LONS;390780146;Consultation;;;;;;;;;;;;;;;;;;;;;;;;;;;;0;0;;1;;;;;;;;3;;1;2;;;;;;1;;;1;;;;;;2;;1;1;1;;1.9;;0.5;1.12
DOULEUR;2020;390000065;CH LOUIS JAILLON SAINT CLAUDE;390780161;Consultation;;;105;;;105;;69;69;;;456;;;456;;226;169;;;;;;;;;;0;0;0;1;1;;;;;;;;;;;;;;;;;;;;;;;;;;;;;0.3;0.3;;;;
DOULEUR;2020;400000105;CENTRE HOSPITALIER DAX;400780193;Consultation;1;36;26;;;27;;24;24;598;1646;1489;;;2087;;640;383;;;;;;;;;;0;0;;;;1;;0;0;2;;1;1;2;1;1;;;;;;;;;;1;;1;;1;1;1;1;0.85;;1.5;0.5;0.66;0.75
DOULEUR;2020;400000139;CHI MONT DE MARSAN ET PAYS DES SOURCES;400011177;Consultation;0;15;78;0;11;89;15;28;1;458;104;2013;0;213;2684;45;809;202;0;1;0;0;1;1;1;0;0;0;0;8;;;;;;;3;2;;;;;0;0;;;;;1;1;;;;;2;1;;;;;1.83;1;;;;
DOULEUR;2020;410000020;CH BLOIS SIMONE VEIL;410000087;Consultation;6;;368;;;374;;101;;1352;994;2876;0;;4228;800;1708;493;;;;;;;;;;0;0;15;1;;1;1;1;0;2;;2;1;1;1;0;;1;0;0;0;0;;0;0;0;1;2;;1;1;1;0;2.4;;1.6;1.5;1.5;0.25
DOULEUR;2020;420000010;CH DE ROANNE;420780033;Consultation;;6;8;;6;14;;;;864;580;1994;1;716;3575;312;982;223;;;13;;;13;;;;0;0;10;0;0;2;;;1;5;0;;1;2;;3;0;;;;;1;0;;;;;1;0;;1;2;;1.42;0;0.93;0.5;1.01;0.91
DOULEUR;2020;420000226;CH DU FOREZ SITE DE MONTBRISON;420013831;Consultation;25;0;0;0;0;25;0;0;0;194;2015;1407;0;226;1827;25;420;145;0;0;0;0;0;0;0;0;0;0;0;25;0;;1;;0;0;4;;1;;1;1;2;;;;0;0;2;;1;;0;0;;;0;;1;1;0.62;;1.25;;0.5;0.65
DOULEUR;2020;420785354;HOPITAL NORD - CHU42;420784878;Centre;;22;216;44;;260;44;108;;1129;429;5570;835;1336;8870;468;2829;1227;42;28;267;7;80;396;28;85;28;667;250;118;5;;2;0;1;4;5;;3;0;2;1;0;;1;0;1;0;2;;0;0;0;1;3;;2;0;1;0;3.6;;2.92;0;1;3.33
DOULEUR;2020;430000117;CH EMILE ROUX LE PUY;430000018;Consultation;16;77;148;0;0;164;0;88;88;499;112;1027;0;387;1913;71;478;137;4;0;10;0;0;14;0;7;2;0;0;27;1;0;1;1;0;1;1;1;0;0;1;1;0;0;0;0;0;1;0;0;0;0;0;0;1;1;0;0;1;0;1.43;0.6;0.69;0.69;0.46;1.11
DOULEUR;2020;430000299;CH DE CRAPONNE SUR ARZON;430000059;Consultation;;;;;;;;;;10;;21;;10;41;;21;6;;;;;;;;;;0;0;;;;;;;;1;;1;;1;;1;;1;;1;;;;;;;;;;;;;;0.01;;0.05;;0.05;
DOULEUR;2020;430000307;CH PIERRE GALLICE DE LANGEAC;430000067;Consultation;;;2;;;2;;;;97;5;27;;8;132;;;;;;;;;;;;;0;0;;;;;;;;;;;1;1;1;;;;1;1;1;;;;;;;;;;;;;;;;0.04;0.1;0.04
DOULEUR;2020;440000016;CH DE SAINT NAZAIRE;440000057;Consultation;1;7;31;0;7;39;;30;11;466;333;2239;47;333;3085;164;1225;507;0;6;24;1;6;31;;24;11;0;0;65;2;;;;;;5;;3;2;2;3;4;;1;;;;1;;1;1;1;;;;1;1;1;3;1.86;;1.2;1.3;0.8;1.92
DOULEUR;2020;440000271;CHU DE NANTES SITE HOTEL DIEU HME;440000289;Centre;;;;;;;;;;155;;1547;;;1702;;1175;987;1;;240;;;241;;140;105;0;0;;5;;;;;;2;;;;;;;;;;;;;;;;;;;;;;;;2.82;;;;;
DOULEUR;2020;440000412;CLINIQUE BRETECHE VIAUD;440000941;Centre;;;;;;;;;;1380;811;8840;0;2721;12941;1;4896;1554;;;;;;;;;;1158;831;287;3;3;2;2;;;5;3;4;2;4;5;;;;;;;2;1;1;;4;2;3;2;3;2;;3;5.2;4.4;7.68;3.65;2.3;3
DOULEUR;2020;440000453;CHU DE NANTES SITE HOPITAL BELLIER;440000289;Consultation;;;;;;;;;;;;243;2;;245;;;;;;;;;;;;;0;0;;;;;;;;;;;;;;;;;;;;;;;;;;;;;;;;;;;;;
DOULEUR;2020;440001113;ICO - SITE GAUDUCHEAU;490017258;Centre;;;230;;;230;;;;;;1898;;;1898;;697;395;;;;;;;;;;0;0;;;;;;;;6;5;3;3;1;4;1;1;;;1;1;4;3;2;2;;3;1;1;1;1;;;1.4;1.2;1;1;0.15;1.15
DOULEUR;2020;440017598;CHU DE NANTES SITE LAENNEC;440000289;Centre;;;;;;;;;;370;282;3276;355;282;4283;;2020;865;0;;8;4;3;15;;7;5;739;412;;2;;0;;0;1;1;;2;;1;3;;;;;;;2;;;;;;1;;2;;1;3;0.95;;1.4;;0.5;2.45
DOULEUR;2020;440041580;L'HOPITAL PRIVE DU CONFLUENT;440041572;Centre;;;20;;40;60;;;;91;484;2923;;35;3049;197;1759;1010;;;30;;;30;;30;;936;662;400;2;2;;0;;;2;1;37;1;2;9;2;1;37;;2;4;;;;;;3;;;;1;;2;2.4;2.2;4.77;0.8;0.24;2.34
DOULEUR;2020;450002613;CHR ORLÉANS - HÔPITAL DE LA SOURCE;450000088;Centre;;;;;;;80;584;;;;;;;;;;;;;;;;;;;;0;0;89;2;;6;;0;0;4;;1;;2;8;0;;1;;1;1;3;;0;;0;0;1;;0;;1;7;3.48;;5.73;;0.44;7.21
DOULEUR;2020;460000110;CH JEAN ROUGIER CAHORS;460780216;Consultation;48;650;303;;60;411;259;218;176;260;324;1151;;324;1735;40;680;324;;;8;;;8;;;;0;0;259;;;1;;;;2;;;;1;1;;;;;;;;;;;;;2;;;;1;1;1;;1;;0.5;0.5
DOULEUR;2020;470000423;CH AGEN NERAC - HOPITAL SAINT-ESPRIT;470016171;Consultation;;;32;;15;47;20;20;19;105;;866;;;971;3;553;341;;;;;;;;;;0;0;3;0;;1;;0;0;2;;0;;2;1;;;;;2;;1;;;;;;1;;;;;1;0.87;;1;;0.21;0.5
DOULEUR;2020;490000049;CHR ANGERS SITE LARREY;490000031;Centre;0;0;60;0;0;60;0;0;0;714;658;2598;217;658;4187;361;1204;382;60;181;374;0;181;615;;175;100;0;0;92;0;0;1;1;0;1;9;6;2;2;3;1;5;2;0;0;1;0;2;2;0;0;0;0;2;2;2;2;2;1;2.1;1.47;2.2;2.2;1.1;1.5
DOULEUR;2020;490000155;ICO - SITE PAUL PAPIN;490017258;Centre;;;178;;;178;;;;;;3013;;;3013;;1138;564;;;;;;;;;;0;0;123;2;2;;;;;5;4;6;3;1;2;2;1;;;1;;1;1;;;;2;2;2;6;3;;;3.75;3.7;1.5;0.75;0.1;0.8
DOULEUR;2020;490000635;CH DE CHOLET;490000676;Consultation;;;19;;;19;0;;;141;;299;;142;582;0;275;41;;;1;;;1;0;1;1;0;0;0;1;;;;;;3;;2;;1;1;2;;;;;;1;;2;;1;1;;;;;;;0.56;;0.51;;0.4;0.41
DOULEUR;2020;500000021;CHAG - SITE AVRANCHES;500000054;Consultation;5;;219;;71;295;;34;13;513;2146;1710;54;755;3032;100;770;311;;;;;;;;;;0;0;32;;;1;;1;0;3;2;0;1;0;1;;;0;;0;0;2;1;0;;0;0;1;1;0;1;0;1;0.83;0.7;0.83;0.5;0.45;0.89
DOULEUR;2020;500000187;CHPC - SITE CHERBOURG;500000013;Consultation;;;;;;;;;;352;233;1227;116;466;2161;55;819;364;;;;;;;;;;0;0;;;;;;;1;2;;;1;;;1;;;;;;;;;;;;1;;;1;;;1.2;;;0.77;0.5;1
DOULEUR;2020;500000450;CH MEMORIAL - SAINT-LO;500000112;Consultation;;100;100;;;100;;;;557;533;3631;;;4188;95;1169;239;;;28;;;28;1;3;;0;0;96;2;;3;2;1;1;;;;;1;;;;;;;;;;;;;;;;;;;;2;;2.88;1.86;1.2;1.07
DOULEUR;2020;510002447;HOPITAL ROBERT DEBRE CHU REIMS;510000029;Centre;48;4;160;;8;216;;;;176;603;1571;;603;2350;;1255;455;;;;;;;;;;0;0;72;3;;1;1;1;1;;;0;0;0;0;;;0;0;0;0;;;0;0;0;0;;;0;0;0;0;2.3;;0.8;0.8;0.15;0.93
DOULEUR;2020;520000043;CENTRE HOSPITALIER DE LANGRES;520780057;Consultation;;;62;;;62;;;;;;239;;;239;;;;;;;;;;;;;0;0;;;;;;;;;;;;;;;;;;;;;;;;;;;;;;;;;;;;;
DOULEUR;2020;520000068;CH GENEVIEVE DE GAULLE ANTHONIOZ;520780073;Consultation;0;0;5;0;0;5;;;;442;298;778;0;448;1668;65;434;265;0;0;1;0;0;1;;;;0;0;12;1;1;;;;;;;1;1;1;2;;;;;;;;;;;;2;;;1;1;1;;1;1;0.5;0.5;0.7;0.48
DOULEUR;2020;530000017;CH HAUT ANJOU SITE CHATEAU GONTIER;530000025;Consultation;;;;;;;;;;398;1483;1041;;1992;3431;258;849;445;;;10;;;10;;5;5;401;193;;0;;0;1;0;0;0;1;0;2;0;0;0;;0;;0;0;0;;0;1;0;0;0;1;0;1;0;0;0;0.6;0;2.1;0;0
DOULEUR;2020;540001138;CHRU NANCY - HOPITAL CENTRAL;540023264;Consultation;15;141;212;0;210;437;29;1538;610;703;16;2191;46;408;3348;;;;;;;;;;;;;0;0;34;4;;;;1;3;1;;1;;;;1;;;;;;;;;;;;;;1;;;;1.52;;0.8;;1;1.93
DOULEUR;2020;540001286;INSTITUT DE CANCEROLOGIE DE LORRAINE;540003019;Consultation;462;203;2216;101;1894;4673;;552;127;602;75;1398;62;461;2523;40;485;78;;;;;;;;;;0;0;;3;3;1;;2;1;4;;2;1;1;1;;;;;;;;;;;;;4;;2;1;1;1;1.9;1.2;1.4;0.7;0.9;0.5
DOULEUR;2020;540002698;CHRU NANCY - HOPITAUX DE BRABOIS;540023264;Centre;;;;;;;36;;;294;;217;42;;553;108;125;67;294;50;217;42;48;601;108;125;67;0;0;108;1;;;;;1;;;;;2;;;;;;;;;;;;;;;;;;2;;0.28;;;;0.8;0.3
DOULEUR;2020;550000012;CH VERDUN/ST MIHIEL-HOP ST NICOLAS;550006795;Consultation;0;79;207;0;319;526;56;154;94;207;477;1693;0;335;2235;;867;396;;;7;;;7;;;;0;0;14;;1;1;;;;3;3;;;;;;;;;;;2;2;;;;;1;1;;;;;1.13;0.98;0.45;;;0.55
DOULEUR;2020;560000127;CHBA SITE DE VANNES;560023210;Consultation;7;125;66;0;46;119;;70;55;844;62;2437;0;1065;4346;;1051;384;3;0;22;0;13;38;;15;10;444;221;66;4;4;0;;0;4;1;1;2;;1;0;0;0;0;;0;0;0;0;0;;0;0;1;1;2;;1;0;1.75;1.75;0.98;;0.96;2.11
DOULEUR;2020;560000143;CHCB- SITE KÉRIO;560014748;Consultation;3;16;70;;;73;;;;263;681;1257;;;1520;;688;444;;;;;;;;;;276;118;;1;1;;;;;1;1;;1;1;;;;;;;;;;;;;;1;1;;1;1;;1.8;1.8;;0.8;0.6;
DOULEUR;2020;560002933;CLINIQUE MUTUALISTE PORTE DE L'ORIENT;560026965;Consultation;;;;;;;;;;413;77;2021;;;2434;;921;489;;;;;;;;;;0;0;;1;1;1;1;;2;11;5;1;1;2;1;10;4;;;;1;;;;;;;1;1;1;1;2;;1.15;1.15;1.29;1.29;0.76;2.27
DOULEUR;2020;570000281;HOPITAL D'HAYANGE - CHR;570005165;Consultation;;;3;;;3;;3;;410;;674;;;1084;;356;150;;;;;;;;;;0;0;;3;;;;0;;0;;;;1;;;;;;;;;;;;;;;;;;1;;0.25;;;;0.8;
DOULEUR;2020;570000901;HOPITAL ROBERT PAX DE SARREGUEMINES;570000158;Consultation;;;12;1;;13;;;;502;374;1379;290;;2171;108;716;309;;;2;;;2;;2;;0;0;0;;;;;1;1;3;1;1;1;;;3;;;;;;;;;;;;;1;1;1;;;0.35;0.7;0.8;0.8;0.53;1
DOULEUR;2020;570001099;HOPITAL SAINTE-BLANDINE DE METZ - HPM;570023630;Centre;;;;;;;;;;;;3512;;;3512;;1789;;;;;;;;;;;2206;1021;;;;;;;;;;;;;;;;;;;;;;;;;;;;;;;;3;;9.29;;;4.61
DOULEUR;2020;570026682;HOPITAL DE MERCY - CHR METZ THIONVILLE;570005165;Consultation;;;30;;;30;;28;23;462;0;1748;;33;2243;214;835;281;;;;;;;;;;0;0;;3;2;1;;;2;0;0;1;;1;;;;;;;;;;;;;;;;1;;1;;2.2;2;1;;0.75;0.9
DOULEUR;2020;590000188;CLCC OSCAR LAMBRET LILLE;590780334;Centre;142;;594;424;;1160;;252;49;178;;1090;368;;1636;;492;300;2;;0;0;;2;;1;1;0;0;57;;;;;;;9;4;1;;1;2;4;2;1;;;;3;;;;1;;2;2;;;;2;1.9;1.1;0.1;;0.2;1
DOULEUR;2020;590000337;CH DUNKERQUE;590781415;Consultation;0;668;268;;281;549;8;95;39;81;165;160;;165;406;;125;50;0;13;0;;10;10;;;;0;0;27;;;1;1;;;2;;;;1;;;;;;;;2;;;;;;;;;;1;;0.2;;1;1;0.5;
DOULEUR;2020;590000428;CH CAMBRAI;590781605;Consultation;;;;;;;;;;544;3274;1645;;;2189;;733;313;;;;;;;;;;0;0;;1;1;2;2;;1;;;;;;1;;;;;;;;;;;;;;;;;;1;1;1;2;2;;1.09
DOULEUR;2020;590000436;CH LE CATEAU;590781621;Consultation;;;;;;;;;;;;;;;;;;;;;;;;;;;;0;0;;0;0;2;0;1;3;2;1;1;0;0;0;0;0;0;0;0;0;0;0;0;0;0;0;2;1;1;0;0;0;0.5;0.5;0.9;0;0.3;0.9
DOULEUR;2020;590000618;CH VALENCIENNES;590782215;Centre;;;;;;;;;;;;;;;;;;;;;;;;;;;;672;583;;11;1;2;0;1;9;3;;4;3;0;1;3;;;;;;;;;;;;;;4;3;0;1;4.21;0.02;4.79;3.07;1;5.68
DOULEUR;2020;590001004;CH DOUAI DECHY;590783239;Consultation;0;0;64;0;91;155;1;;;291;159;1802;0;261;2354;172;1060;438;3;2;34;0;2;39;6;;;0;0;15;1;1;1;1;;;2;1;;;1;1;1;;;;;;1;;;;;1;;;;;1;;1.3;1.2;1;1;0.5;0.2
DOULEUR;2020;590006607;HOP JEANNE DE FLANDRE CHR LILLE;590780193;Centre;5;1;15;2;;22;3;;;237;46;502;106;;845;53;389;214;237;46;500;80;;817;50;384;214;0;0;5;0;;;;;;2;;;;;;1;;;;;;;;;;;;1;1;1;1;1;1;0.6;;0.5;;;
DOULEUR;2020;590780284;GPT HOPITAUX INSTITUT CATHOLIQUE LILLE;590051801;Consultation;;;37;;25;62;;32;;64;;;;393;457;;470;;;;;;;;;;;0;0;;2;1;2;2;1;;;;;;;;;;;;;;;;;;;;;;;;;;0.35;0.28;0.5;0.5;0.1;
DOULEUR;2020;590796975;HOP SALENGRO - HOPITAL B CHR LILLE;590780193;Centre;;;;;;;;;;408;;2828;;;3236;115;2070;1225;;;20;;;20;;20;;0;0;115;2;2;0;;3;2;11;3;3;;3;1;8;3;3;;;;3;1;;;;;2;1;;;3;3;2.25;1.4;0.3;;2;2.8
DOULEUR;2020;590797353;HOPITAL SAINT VINCENT - SAINT ANTOINE;590051801;Consultation;4;;28;;;32;;29;;247;;627;;1;875;;508;;;;;;;;;;;0;0;30;5;3;2;2;;;;;;;1;2;;;;;;;;;;;;2;;;;;1;;0.9;1.1;0.1;0.1;0.4;0.5
DOULEUR;2020;590801106;HOPITAL VICTOR PROVO;590782421;Consultation;;;;;;;;;;466;;806;0;172;1444;150;654;313;16;;13;;;29;;14;5;0;0;150;0;;0;0;0;;3;;1;1;2;;1;;0;0;;;1;;1;1;;;1;;0;0;2;;1.07;;0.32;0.32;1.26;
DOULEUR;2020;590811279;HOP CLAUDE HURIEZ CHR LILLE;590780193;Centre;;;;;;;;;;1258;415;5952;0;1955;9165;405;3036;1017;;;;;;;;;;0;0;155;1;;1;;1;1;2;;1;;1;1;;;;;;;;;;;;;2;;1;;1;1;2.19;;2.64;;1.6;2.12
DOULEUR;2020;600000053;CH GHPSO SENLIS;600101984;Consultation;;;120;;111;231;;84;84;415;152;775;;218;1408;;341;159;;;;;;;;;;0;0;0;;;;;;;3;;1;;;2;1;;;;;1;1;;;;;1;1;;1;;;;0.8;;0.5;;1;0.23
DOULEUR;2020;600000194;CH BEAUVAIS;600100713;Consultation;2;11;177;;;179;;639;639;622;1307;1393;;;2015;196;743;530;2;2;7;;;9;2;5;5;141;78;;0;0;2;0;0;0;5;0;0;0;2;2;1;0;0;0;0;0;2;0;0;0;0;1;2;0;0;0;2;1;1.42;0;2;0;0.9;1
DOULEUR;2020;600000467;CH GHPSO CREIL;600101984;Consultation;;;;;;;;;;415;;402;;407;1224;;249;163;;;;;;;;;;0;0;0;;;;;;;4;;2;;;1;2;;;;;;2;;;;;;;;2;;;1;0.7;;1;;;0.5
DOULEUR;2020;600113476;CH CHICN COMPIÈGNE;600100721;Centre;;;;;;;;;;;;465;;;465;;308;169;;;;;;;;2;2;95;56;;0;0;0;0;0;0;1;1;5;1;2;0;1;1;1;0;0;0;0;0;1;1;1;0;0;0;3;0;1;0;0.11;0.11;2.2;0.3;0.95;0
DOULEUR;2020;610000051;CHICAM - SITE ALENCON;610780082;Centre;3;4;16;;4;23;;7;;472;427;1136;;334;1942;20;510;218;;;1;;;1;;;;0;0;58;;;;;1;;0;1;1;;;1;;;;;;;;;;;;;;1;1;;;1;0.9;0.9;1.15;;1;0.8
DOULEUR;2020;610000069;CENTRE HOSPITALIER D'ARGENTAN;610780090;Consultation;;16;111;;142;253;;;;;436;350;;342;692;;168;88;;;;;;;;;;95;53;0;;;;;;;1;1;1;1;;1;;;;;;;;;;;;;1;1;1;1;;1;0.5;0.5;0.7;0.7;;0.53
DOULEUR;2020;610000119;CH -JACQUES MONOD- - FLERS;610780165;Consultation;;;;;;;;;;339;84;375;30;524;1268;61;141;59;;;;;;;;;;0;0;8;1;;2;;;1;1;;;;1;;;;;;;;1;;;;;;;;;;1;;0.29;;1.2;;0.4;0.7
DOULEUR;2020;620000026;ETAB HOPALE CTRE CALOT/HELIO;620003814;Centre;50;;175;;536;761;41;42;40;505;536;2908;;;3413;437;2004;999;45;;65;;;110;;;35;1759;1020;777;5;5;9;8;4;13;;;;;;;;;;;;;;;;;;;;;;;;;4;4;8.8;8;3.5;12.5
DOULEUR;2020;620000034;CH ARRAS;620100057;Consultation;;;;;;;;;;399;;1786;;796;2981;255;834;459;9;;37;;;46;;;;0;0;75;1;1;1;;;;4;;;;;;3;;;;;;;;;;;;1;;;;;;1.87;1;1;;0.33;
DOULEUR;2020;620000224;CH BETHUNE;620100651;Centre;;1;8;;3;11;;1;;195;419;2180;;218;2593;;1126;483;;;7;;;7;;3;;418;267;;2;;;;;;2;;;;2;;1;;;;;;1;;;;;;;;;;2;;1.94;;;;0.75;
DOULEUR;2020;620000257;CH LENS;620100685;Consultation;;;;;;;;;;;;;;;;;;;;;;;;;;;;0;0;;;;1;;;1;;;;;1;;;;;;;;;;;;;;;;;;;;;;1;;0.8;1
DOULEUR;2020;620000349;CH REGION DE ST OMER;620101360;Consultation;13;8;50;;20;83;;38;18;108;53;316;;12;436;64;200;80;;;;;;;;;;37;28;0;;;;;;;1;1;2;1;1;1;;;1;;;;1;1;1;1;1;1;;;;;;;0.45;0.45;0.35;0.3;0.2;0.3
DOULEUR;2020;620000653;CH BOULOGNE-SUR-MER;620103440;Consultation;0;15;15;;;15;;15;15;463;698;1093;;;1556;70;580;353;5;28;12;;;17;;8;31;0;0;70;;;1;;;;3;2;1;;1;1;1;;1;;1;1;2;2;;;;;;;;;;;0.77;0.67;1.32;;0.84;0.2
DOULEUR;2020;620100099;HOPITAL PRIVE ARRAS LES BONNETTES;620014779;Consultation;;;;;;;;;;;462;544;;154;698;;;;;;;;;;;;;0;0;;;;;;;;2;2;3;3;;;;;1;1;;;2;2;2;2;;;;;;;;;0.4;0.4;0.5;0.5;;
DOULEUR;2020;630000404;HOPITAL GABRIEL MONTPIED - CHU63;630780989;Centre;;;;;;;;;;689;;3580;228;388;4885;80;1865;;;;98;;;98;;98;;1054;404;7;5;3;;;;2;1;;2;2;1;2;;;;;;;1;;;;;;;;2;2;1;2;2.55;1.8;0.97;0.97;0.8;3.42
DOULEUR;2020;630000420;CH PAUL ARDIER ISSOIRE;630781003;Consultation;;;;;;;;;;151;246;825;;7;983;;435;176;;;;;;;;;;0;0;0;;;;;;;1;1;1;1;1;1;;;;;;;;;;;1;;1;1;1;1;;1;0.4;0.4;0.4;0.4;0.25;0.5
DOULEUR;2020;630000479;CENTRE LUTTE CONTRE LE CANCER J.PERRIN;630781110;Consultation;28;209;693;36;159;916;;203;112;2;43;926;74;20;1022;;329;190;0;0;0;0;0;0;;0;0;0;0;;1;2;1;1;;;2;;;;;;;;;;;;1;;;;;;1;;;;;;1.6;0.9;1;1;;
DOULEUR;2020;640000162;CH DE LA COTE BASQUE - BAYONNE;640780417;Consultation;;;;;;;;;;188;917;756;188;1148;2280;65;368;284;;;4;;13;17;;;;0;0;;1;0;1;0;0;0;2;0;0;0;1;1;1;0;0;0;0;0;1;0;0;0;1;0;0;0;0;0;0;1;1.3;0;1;0;0.3;0.95
DOULEUR;2020;640000600;CENTRE HOSPITALIER DE PAU;640781290;Consultation;;;;;5;5;;;;378;1053;1122;;1053;2553;119;564;178;;;5;;;5;;;;0;0;8;0;0;1;0;0;1;2;0;0;0;1;0;1;0;0;0;0;0;0;0;0;0;0;0;1;0;0;0;1;0;0.74;0;1;0;0.5;1
DOULEUR;2020;660000084;CH PERPIGNAN;660780180;Consultation;55;90;182;;2;239;;;;257;1180;1356;;167;1780;178;787;244;;;;;;;;;;0;0;272;2;2;1;1;;1;;;1;;1;;;;;;;;;;;;;;;;1;;1;;1.16;1.16;1.74;1;0.5;1
DOULEUR;2020;670000025;HOPITAL CIVIL / NOUVEL HOPITAL CIVIL;670780055;;;;;;;;;;;;;;;;;;;;;;;;;;;;;2073;149;;;;;;;;;;;;;;;;;;;;;;;;;;;;;;;;;;;;;
DOULEUR;2020;670000157;CENTRE HOSPITALIER DE HAGUENAU;670780337;Consultation;;;;;;;;;;393;311;969;;87;1449;108;438;177;;;;;;;;;;65;41;0;;;;;;;4;2;1;;2;3;2;;;;1;1;1;1;;;1;;1;1;1;;;2;0.73;0.64;0.44;;0.31;0.88
DOULEUR;2020;670783273;HOPITAL DE HAUTEPIERRE;670780055;Centre;;;278;;;278;;137;;799;;4056;424;;5279;;511;;;;;;;;;;;0;0;;6;5;1;1;1;3;5;2;4;1;;;2;0;0;0;;;2;1;1;1;;;1;1;3;0;;;5.59;5.16;1.77;1.13;1;3
DOULEUR;2020;670797539;CLINIQUE DE LA TOUSSAINT;670014604;Consultation;;;;;;;;;;;;1825;189;;2014;;575;;;;;;;;;;;82;49;;;;;;;1;5;;;;1;;;;;;;;2;;;;;;3;;;;1;;2.19;;;;0.59;1
DOULEUR;2020;680000601;HOPITAL DE THANN;680020336;Centre;;;;;;;;;;;16;725;;;725;;;;;;;;;;;;;0;0;;;;;;;;1;1;;;;;;;;;;;1;1;;;;;;;;;;;0.2;0.2;;;;
DOULEUR;2020;680000684;HOPITAL LOUIS PASTEUR;680000973;Centre;6;6;318;3;92;419;;124;72;161;16;3427;107;493;4188;;1392;836;1;1;41;1;;43;;13;9;119;83;92;1;1;;;;;3;2;1;1;1;2;1;;;;;;;;;;;;2;2;1;1;1;2;1.78;1.5;0.5;0.5;0.42;1.6
DOULEUR;2020;680004546;HOPITAL EMILE MULLER;680020336;Centre;;;;;;;;;;181;830;3065;;;3246;;877;;;;;;;;;;;0;0;;;;1;1;;1;3;3;1;1;1;3;1;1;;;;1;;;;;;;2;2;1;1;1;2;1.25;1.05;1.42;1.42;0.5;1.13
DOULEUR;2020;690000880;CENTRE LEON BERARD;690783220;Consultation;67;383;561;;445;1073;;372;110;190;;1363;;1476;3029;;646;120;;;;;;;;;;279;228;294;3;3;5;2;;;2;2;;;;;1;1;;;;;;;;;;;1;1;;;;;1.39;1.39;3.92;1.78;;
DOULEUR;2020;690041132;MEDIPOLE HOPITAL MUTUALISTE;690006598;Consultation;311;27;1308;32;43;1694;113;832;331;146;0;1837;44;147;2174;152;1103;528;0;0;4;0;0;4;0;4;4;0;0;107;0;0;0;0;0;0;5;4;2;2;2;2;1;0;2;2;1;0;1;1;0;0;1;1;3;3;0;0;0;1;1.75;1.7;0.4;0.4;0.5;1
DOULEUR;2020;690784137;HOPITAL LYON SUD - HCL;690781810;Consultation;48;;;61;;109;;61;95;541;;;404;;945;;471;539;1;;;;;1;;4;3;0;0;;;;;;;1;1;;;;;;;;;;;;1;;;;;;;;;;;;0.35;;0.51;;;1.41
DOULEUR;2020;690784152;HOPITAL CROIX-ROUSSE - HCL;690781810;Consultation;0;;123;10;371;504;;84;83;244;205;1688;115;895;2942;300;643;512;0;;1;0;;1;;1;0;0;0;60;;;1;;;1;2;;;;2;;;;;;;;;;;;;;2;;;;;;1.37;;1.33;;0.37;1.25
DOULEUR;2020;690784178;HOPITAL PIERRE WERTHEIMER - HCL;690781810;Centre;1;0;77;0;9;87;0;77;0;856;144;4827;361;452;6496;96;3248;865;103;0;499;0;83;685;0;217;102;68;64;49;0;0;2;2;;3;8;6;2;1;2;;1;1;;;;;3;3;;;1;;4;2;2;1;1;;3.3;2.3;3.3;2.8;1.1;3
DOULEUR;2020;690805361;CH ST JOSEPH ST LUC;690805353;Consultation;;;;;;;;;;309;576;1209;338;;1856;32;847;435;;;;;;;;;;0;0;16;;;;;;;6;6;1;1;1;1;4;4;;;1;;2;2;;;;;;;1;1;;1;1.03;1.03;0.54;0.54;0.25;0.65
DOULEUR;2020;700000029;GH HAUTE SAONE SITE VESOUL;700004591;Consultation;0;0;190;0;35;225;;55;;138;0;755;0;467;1360;45;465;206;;;4;;;4;;4;;0;87;;;;1;1;;1;1;1;;;1;2;;;;;;1;;;;;;1;1;1;;;1;;0.8;0.8;1;1;0.5;1.42
DOULEUR;2020;710978263;CH WILLIAM MOREY CHALON SUR SAONE;710780958;Consultation;;;159;;881;1040;;;;168;;574;61;64;867;;;94;;;;;;;;;;0;0;0;;;;;;;3;;;;;;1;;;;;;2;;;;;;;;;;;;0.6;;;;;
DOULEUR;2020;710978289;CH LES CHANAUX MACON;710780263;Centre;;;;;;;;;;314;;2251;;;2565;30;817;;;;;;;;;;;0;0;40;1;;2;;1;1;3;;0;;0;3;;;;;;;;;;;;;3;;;;;3;1.45;;1.2;;0.3;1.44
DOULEUR;2020;720000033;CENTRE HOSPITALIER DU MANS;720000025;Centre;;;125;;;125;378;76;;419;921;2385;;886;3690;;893;318;;3;31;;3;34;;23;;285;115;99;1;1;;;;;3;3;1;1;1;5;2;2;;;;3;1;1;;;;1;0;0;1;1;1;1;1.25;1.25;0.98;0.98;0.4;1.29
DOULEUR;2020;720017748;CENTRE MEDICO-CHIRURGICAL DU MANS;720000561;Consultation;;5;21;;8;29;;;;490;2501;2634;;273;3397;188;1274;467;;;;;;;;;;417;187;25;;;;;1;1;5;5;4;2;;1;1;1;;;;;3;3;1;1;;;1;1;3;1;;1;1.35;1.35;2.5;2;1;1.5
DOULEUR;2020;730000031;CHMS CHAMBERY NH;730000015;Centre;;;;;;;;;;587;1540;2703;9;1637;4936;771;1404;683;;;;;;;;;;540;389;496;3;2;0;0;0;1;5;4;4;3;4;4;0;0;0;0;0;0;2;1;1;0;3;0;3;3;3;3;1;4;4.9;2.7;2.7;1.8;1.4;3.1
DOULEUR;2020;730000247;CH DE BOURG ST MAURICE;730780525;Consultation;;;1;;;1;;0;0;;;71;;;71;;48;37;;;0;;;0;;0;0;0;0;;;;;;;;1;;;;;;1;;;;;;;;;;;;;;;;;;0.05;;;;;
DOULEUR;2020;740000237;CH ANNECY-GENEVOIS SITE ANNECY;740781133;Centre;13;96;205;;214;432;168;168;163;317;679;2369;49;;2735;;1270;609;6;3;20;;;26;;18;12;201;112;157;;;1;1;;;6;3;2;2;1;6;;;1;1;;6;4;2;;;1;;2;1;1;1;;;1.8;1.3;1.24;1.24;0.3;1.25
DOULEUR;2020;740000328;HOPITAUX DU LEMAN;740790381;Centre;295;254;;;;295;;;;;;106;;;106;;189;;;;;;;;;;;0;0;;1;;1;1;1;;;;0;;;;;;;;;;;;;;;;;;;;;;0.2;;0.5;0.15;0.5;
DOULEUR;2020;750000499;CH SAINTE ANNE;750062036;Centre;;230;35;;25;60;5;35;35;743;500;3770;35;500;5048;150;2425;123;;;;;;;;;;251;131;220;0;0;;;;;3;2;1;;1;1;0;0;;;;;3;0;;;;;0;2;1;;1;1;1.3;1;1;;0.86;1
DOULEUR;2020;750000523;GH PARIS SITE SAINT JOSEPH;750150120;Consultation;;;;;;;;;;141;;2594;84;313;3132;;1457;791;;;;;;;;11;;0;0;17;1;1;1;;;;8;5;1;;1;3;5;3;;;;;1;;1;;;2;2;2;;;1;1;2.9;2.55;1.2;;0.5;0.9
DOULEUR;2020;750000549;HOPITAL FONDATION A DE ROTHSCHILD;750150229;Centre;;;67;;;67;27;54;;819;931;3400;;931;5150;283;1210;238;;;2;;;2;;;;680;334;58;4;;1;;;1;2;;;;2;;;;;;;;1;;;;;;1;;;;2;;4.95;;1.01;;1.08;0.96
DOULEUR;2020;750100042;HU SAINT LOUIS SITE LARIBOISIERE APHP;750712184;Consultation;130;;80;;159;369;0;1199;534;225;100;2353;;;2578;260;1689;731;;;;;;;;;;279;149;8;3;7;2;2;1;3;4;;;;;;3;;;;;;1;;;;;;;;;;;;3.5;7;2;2;1;3
DOULEUR;2020;750100075;HU SAINT LOUIS SITE SAINT LOUIS APHP;750712184;Consultation;;1;1324;1;;1325;;;;1789;465;2886;145;;4820;;736;365;;;;;;;;;;0;0;;;;1;;1;1;1;;;;;;;;;;;;1;;;;;;;;;;;;2;;1;;1;1
DOULEUR;2020;750100083;HU EST PARISIEN SITE ROTHSCHILD APHP;750712184;Consultation;;370;;;;;;;;;284;735;;;735;;;197;;;;;;;;;;44;30;;1;1;1;1;;;;;;;;1;;;;;;;;;;;;;;;;;;1;1;1;1;1;;0.8
DOULEUR;2020;750100091;HU EST PARISIEN SITE ST ANTOINE APHP;750712184;Consultation;489;179;1937;;;2426;120;404;300;852;704;2762;69;;3683;30;1600;600;;;;;;;;;;296;164;10;4;4;3;3;;4;7;7;;;;;5;5;;;;;2;2;;;;;;;;;;;5.2;5.2;2.3;2.3;;4
DOULEUR;2020;750100109;HU EST PARISIEN SITE TROUSSEAU APHP;750712184;Consultation;;823;1071;;370;1441;10;120;120;;44;56;;307;363;40;466;197;;;;;;;;;;0;0;8;1;1;1;1;;;;;;;;1;;;;;;;;;;;;;;;;;;1;1;1;1;1;;0.8
DOULEUR;2020;750100125;HU PITIE SALPETRIERE APHP;750712184;Consultation;;;255;1;;256;;;;;143;2498;;143;2641;;;;;;;;;;;;;523;225;13;1;1;1;1;1;;2;2;;;;4;;;;;;;;;;;;2;2;2;;;;2;2.5;2.5;1;1;1;1.4
DOULEUR;2020;750100166;HU PARIS CENTRE SITE COCHIN APHP;750712184;Centre;6;;98;;;104;;;;667;131;2739;22;129;3557;17;1668;804;0;;14;;;14;;11;9;431;252;30;2;2;;;1;4;6;3;1;1;1;;4;1;;;;;1;1;;;1;;1;1;1;1;;;3.13;2.83;0.86;0.86;1.25;3.25
DOULEUR;2020;750100208;HU NECKER ENFANTS MALADES APHP;750712184;Consultation;589;133;9532;;84;10205;494;;609;944;133;1742;15;50;2751;0;537;416;938;100;5526;12;;6476;118;349;513;0;0;426;1;1;2;1;0;0;1;0;0;0;1;1;;;;;;;;;;;;;1;;;;1;1;1.9;1;1.8;1;0.8;0.4
DOULEUR;2020;750100232;HU PARIS NORD SITE BICHAT APHP;750712184;Centre;;;;;;;;;;;;902;;;902;;;;;;;;;;;;;0;0;;1;1;;;;;1;;;;1;;;;;;;;;;;;1;;1;;;;;;1.8;1;;;0.25;
DOULEUR;2020;750100273;HU EST PARISIEN SITE TENON APHP;750712184;;;253;;;;;;;;;;;;;;;;;;;;;;;;;;0;0;;;;;;;;;;;;;;;;;;;;;;;;;;;;;;;;;;;;;
DOULEUR;2020;750100299;HU PARIS IDF SITE SAINTE PERINE APHP;750712184;Consultation;;;;;;;;;;170;387;256;;;426;;108;55;;;;;;;;;;0;0;;;;;;;;1;1;1;1;1;1;;;;;;;;;;;;;;;;;;;0.2;0.2;0.5;0.5;0.5;0.5
DOULEUR;2020;750160012;CLCC INSTITUT CURIE;750813321;Consultation;;;;;29;29;;58;;11;377;2010;29;468;2518;;923;412;;;;;;;;;;0;0;728;2;1;2;;;;3;3;;;1;4;1;;;;1;1;1;;;;;3;1;;;;;;2.72;2;2;;0.1;0.8
DOULEUR;2020;750803447;HU PARIS OUEST SITE G POMPIDOU APHP;750712184;Consultation;;3180;3093;;14;3107;1200;1361;330;331;298;2920;164;57;3472;352;1224;297;;;;;;;;;;0;0;352;2;2;1;1;;1;6;6;1;1;1;;1;1;;;;;4;4;;;;;1;1;1;1;1;;3.4;3.4;1.8;1.8;0.5;1
DOULEUR;2020;750803454;HU ROBERT DEBRE APHP;750712184;Consultation;10;1308;1539;0;2235;3784;;;;357;11;770;0;46;1173;;735;302;367;1315;2263;;2278;4908;120;692;286;0;0;20;1;1;2;;1;;7;1;0;;2;1;;;;;;;;;;;;;7;1;;;2;1;5;1;2;;3;2
DOULEUR;2020;760000018;CH DIEPPE;760780023;Consultation;1;359;61;0;129;191;;;;234;0;1070;0;1485;2789;680;685;279;0;0;6;0;0;6;4;4;4;0;0;0;2;;2;;;1;1;;1;;1;;1;;;;;;;;;;;;;;1;;1;;0.9;;1.2;;0.42;0.5
DOULEUR;2020;760000158;HOPITAL CHARLES NICOLLE CHU ROUEN;760780239;Centre;1;2;167;0;42;210;9;148;128;1260;11;5141;0;1464;7865;401;2527;957;335;13;811;0;351;1497;140;470;228;686;359;27;6;;1;;1;2;3;;2;;1;;1;;;;;;;;;;;;2;;;;;;2.96;;2.6;;1.3;2
DOULEUR;2020;760000166;CRLCC HENRI BECQUEREL ROUEN;760780247;Consultation;187;358;659;39;10;895;15;276;200;157;204;877;38;127;1199;40;410;221;2;1;1;0;0;3;1;1;1;0;0;104;;;;;;;2;2;2;2;3;6;;;;;;6;;;;;3;;2;2;2;2;;;0.9;0.9;1;1;0.7;0.6
DOULEUR;2020;760000356;HOPITAL GUSTAVE FLAUBERT CH LE HAVRE;760780726;Consultation;9;1;9;;;18;;;;631;143;653;2;;1286;105;501;237;;;;;;;;;;0;0;;1;;;;;;;;;;;;;;;;;;;;;;;;;;;;;;0.1;;;;;
DOULEUR;2020;760000463;CH LES FEUGRAIS CHI ELBEUF;760024042;Consultation;;;;;;;;;;338;;640;;49;1027;;375;152;;;;;;;;;;0;0;;1;1;;;;;1;1;3;;;1;;;2;;;;;;1;;;;1;1;;;;1;0.84;0.84;0.5;;0.33;0.5
DOULEUR;2020;760805770;HOPITAL JACQUES MONOD CH LE HAVRE;760780726;Consultation;;;9;;;9;;;;622;;575;;312;1509;;287;;;;;;;;;;;0;0;;;;1;1;1;1;3;;0;0;0;0;;;;;;;3;;;;;;;;;;;;0.75;;1.15;1;1;1
DOULEUR;2020;760921809;CLINIQUE DE L'EUROPE ROUEN;760000273;Consultation;;;;;;;;;;24;348;665;0;119;808;25;424;177;;;;;;;;;;370;135;0;;;1;;;;5;1;;1;1;1;1;;;;;;1;;;;1;1;3;1;;1;;;2.5;1;1;0.5;0.2;0.3
DOULEUR;2020;770000214;CH DE NEMOURS;770021152;Consultation;;;91;;;91;;;;189;297;2572;;297;3058;126;2242;333;;;;;;;;;;0;0;126;2;;8;;;9;5;1;;;1;;;;;;;;;;;;;;5;1;;;1;;2.91;1;8;;0.25;10.5
DOULEUR;2020;770000446;CH DE MEAUX SITE SAINT FARON;770021145;Consultation;;;;;;;;;;3;56;164;;;167;;99;90;;;;;;;;;;0;0;;;;1;;;;1;;;1;1;1;;;;;1;;;;;;;;1;;;1;;1;0.15;;1;0.92;0.1;0.63
DOULEUR;2020;770700011;CENTRE DE READAPTATION DE COUBERT;930027347;Centre;166;;10;0;0;176;4;10;7;9;;195;0;0;204;27;175;109;;;;;;;;;;52;50;;1;1;;;;13;;;2;2;1;1;;;;;;1;;;;;;;;;2;2;1;;0.75;0.75;1;1;0.75;7.15
DOULEUR;2020;780000287;CH FRANCOIS QUESNAY MANTES;780110011;Consultation;;;0;;;0;;;;;;134;;;134;;;;;;0;;;0;;;;0;0;4;1;;;;;;;;;;;;;;;;;;;;;;;;;;;;;;1;;;;;
DOULEUR;2020;780000295;CHI DE MEULAN LES MUREAUX;780002697;Consultation;;;;;;;;;;143;587;1834;;;1977;18;719;156;;;;;;;;;;0;0;25;2;;1;;;1;;;1;;1;;;;;;;;;;;;;;;;1;;1;;1.99;;1.32;;0.4;1.09
DOULEUR;2020;780000311;CHI POISSY ST GERMAIN SITE DE POISSY;780001236;Consultation;;;;;;;;;;26;185;1079;74;185;1364;50;803;228;;;;;;;;;;0;0;227;;;;;;;2;;;;1;;;;;;1;;2;;;;;;;;;;;;0.8;;;;0.07;0.5
DOULEUR;2020;780000329;CH DE RAMBOUILLET;780110052;Consultation;;;569;;;569;;236;;535;806;1767;201;;2503;157;648;260;;;5;;;5;;3;3;0;0;30;1;1;1;1;;1;4;;1;1;1;4;2;;;;;1;1;;;;;1;1;;1;1;1;2;1.28;1;1.31;1.31;0.5;1.35
DOULEUR;2020;780000337;CHI POISSY ST GERMAIN SITE ST GERMAIN;780001236;Consultation;;;15;;;15;;;;;;96;;;96;;44;24;;;;;;;;;;0;0;227;;;;;;;;;;;;;;;;;;;;;;;;;;;;;;;0.1;;;;;
DOULEUR;2020;780800256;CH DE VERSAILLES SITE ANDRE MIGNOT;780110078;Centre;2;3;148;0;17;167;0;64;57;453;4;2122;95;0;2670;89;646;277;0;1;10;0;0;10;0;8;6;234;120;89;2;;0;0;0;1;3;;1;0;2;0;1;;0;0;0;0;2;;1;0;2;0;;;0;0;0;0;2.15;;0.27;0;0.61;1
DOULEUR;2020;790000087;CENTRE HOSPITALIER DE NIORT;790000012;Consultation;1;;21;;;22;;;;921;1947;2504;;242;3667;144;1194;425;2;;;;3;5;;3;;0;0;43;1;;3;2;1;1;2;2;;;1;4;;;;;;;1;1;;;1;2;1;1;;;;2;2.83;1.83;2.45;1.57;1.4;2.65
DOULEUR;2020;790019848;SITE HOSPITALIER FAYE L'ABBESSE;790006654;Consultation;12;157;53;0;28;93;;;;639;;1177;0;784;2600;119;49;;;;;;;;;;;220;117;46;1;;;;1;2;1;;2;;;;;;;;;;;;;;;;1;;2;;;;1.35;;1.5;;0.9;1.22
DOULEUR;2020;800000143;CH ABBEVILLE;800000028;Consultation;;;;;;;;;;;;3136;;;3136;;838;468;;;31;;;31;;13;11;0;0;;1;0;1;0;1;1;1;0;0;0;0;0;0;0;0;0;0;0;1;0;0;0;0;0;0;0;0;0;0;0;1.2;0;1;0;1;1
DOULEUR;2020;800000192;CHU AMIENS NORD;800000044;Centre;;;571;25;11;607;;290;250;785;;3570;761;1155;6271;67;1968;1019;157;;334;2;177;670;;203;197;316;193;67;;;1;;;;5;2;2;;2;3;1;1;;;;;1;;;;;;3;1;2;;2;3;2.5;0.7;2;;1;1.4
DOULEUR;2020;800000226;CH DOULLENS;800000069;Consultation;;;;;;;;;;;;;;;;;;;;;;;;;;;;0;0;;;;;;;;;;;;;;;;;;;;;;;;;;;;;;;;;;;;;
DOULEUR;2020;800009920;CLINIQUE VICTOR PAUCHET DE BUTLER;800003071;Consultation;74;;;;;74;;;;153;106;1240;11;319;1723;120;407;314;;;;;;;;;;0;0;16;;;;;;;4;;4;2;2;2;3;;3;1;1;;;;;0;0;;1;;1;1;1;2;1.05;;0.95;0.85;0.6;1
DOULEUR;2020;810000505;CH ALBI;810000331;Consultation;170;1;93;0;291;554;130;234;;508;157;844;0;155;1507;400;536;316;10;0;3;0;0;13;;3;;0;0;0;0;0;1;0;0;1;2;0;1;0;2;0;0;0;0;0;0;0;0;0;0;0;2;0;2;0;1;0;0;0;1.34;0;1.23;0;0.55;1
DOULEUR;2020;820000032;CH DE MONTAUBAN;820000016;Centre;3;0;10;0;5;18;;17;17;613;0;1316;0;333;2262;;805;267;0;0;18;0;6;24;;14;12;0;0;12;0;0;0;0;0;0;2;1;2;0;2;1;0;0;0;0;1;0;1;0;1;0;0;0;1;1;1;0;1;1;1;0.95;0.63;0;0.55;0.57
DOULEUR;2020;830000287;CH LA DRACENIE DE DRAGUIGNAN;830100525;Consultation;0;344;87;7;344;438;6;56;51;180;442;571;127;442;1320;82;574;361;0;2;4;;2;6;;6;4;745;280;4;0;0;0;0;0;0;2;0;2;0;0;0;;0;0;0;0;0;1;0;0;0;0;0;1;0;2;0;0;0;0.68;0;1;0;0;0
DOULEUR;2020;830000311;CHI DE FREJUS SAINT RAPHAEL;830100566;Consultation;15;;580;;81;676;;;;1387;1025;2432;;1194;5013;510;831;242;;;;;;;;;;821;290;0;1;1;1;1;1;1;;;2;1;;1;;;1;;;1;;;;;;;;;1;1;;;0.8;0.8;1.55;1.5;1;1.08
DOULEUR;2020;830000337;CENTRE HOSPITALIER DE SAINT TROPEZ;830100590;Consultation;;;;;;;;;;;;65;;;65;;;;;;0;;;0;;;;65;8;;;;;;;;;;;;;;;;;;;;;;;;;;;;;;;;;;;;;
DOULEUR;2020;830000345;CHITS CH SAINTE MUSSE;830100616;Consultation;;;4;;;4;;4;;246;369;940;;;1186;50;720;480;;;2;;;2;;1;;0;0;;;;;;1;;2;;2;;1;19;;;;;;19;;;2;;;;;;;;1;;0.7;;0.68;;1.5;1.4
DOULEUR;2020;830100608;CHITS CH GEORGE SAND;830100616;Consultation;;;;;;;;;;;;48;;;48;;44;18;;;;;;;;;;0;0;;0;;;;;;1;;;;;;1;;;;;;;;;;;;;;;;;;0.1;;;;;
DOULEUR;2020;830202743;CHITS HOPITAL GEORGES CLEMENCEAU;830100616;Consultation;;;;;;;;;;;;399;;;399;;230;;;;5;;;5;;4;;;;;;;;;;;1;;;;;;1;;;;;;;;;;;;;;;;;;0.2;;;;;
DOULEUR;2020;840000285;POLYCLINIQUE URBAIN V;840000608;Consultation;;;;;;;;;;611;1758;5296;211;;6118;;1711;350;;;;;;;;;;0;0;238;3;1;;;;2;5;;2;1;1;;;;1;;;;5;;;;;;;;1;1;1;;5.5;1;0.8;0.5;0.5;2
DOULEUR;2020;840000350;INSTITUT SAINTE CATHERINE;840000657;Consultation;2;175;501;9;428;940;;221;46;10;428;1413;1;175;1599;;340;153;;;;;;;;;;0;0;5;0;;1;1;;;3;2;;;1;1;1;;;;;;1;1;;;1;;1;1;;;;1;1.33;0.9;1;1;0.2;0.5
DOULEUR;2020;840001861;CH D'AVIGNON HENRI DUFFAUT;840006597;Centre;;6;1097;;;1097;;195;183;;254;3737;;;3737;;832;676;;2;10;;;10;;4;4;809;160;;;;;;;;;;;;;;;;;;;;;;;;;;;;;;;;1.8;;3.86;;1.32;3.69
DOULEUR;2020;850000142;CENTRE HOSPITALIER-SITE LA ROCHE/YON;850000019;Centre;;;250;0;57;307;17;;;911;1810;4745;135;1513;7304;;3234;1594;;;16;;;16;;;;1171;463;78;5;;;;;;3;;6;;1;3;0;;;;;;2;;;;;;1;;;;;;5.05;;6.19;;0.6;3.65
DOULEUR;2020;850000175;CH LVO :SITE DE CHALLANS;850009010;Consultation;;0;2;0;0;2;;2;0;;43;559;0;43;602;;555;90;;0;0;0;0;0;;0;0;0;0;;;;;;0;0;2;;;;1;1;;;;;1;1;2;;;;0;0;;;;;0;0;0.4;;;;0.05;0.12
DOULEUR;2020;850000209;CENTRE HOSPITALIER -SITE DE LUCON;850000019;Centre;;;;;;;;;;;;;;;;;;;;;;;;;;;;128;59;;;;;;;;;;;;;;;;;;;;;;;;;;;;;;;;;;;;;
DOULEUR;2020;850000225;CENTRE HOSPITALIER -SITE DE MONTAIGU;850000019;Centre;;;;;;;;;;;;;;;;;;;;;;;;;;;;246;116;;;;;;;;;;;;;;;;;;;;;;;;;;;;;;;;;;;;;
DOULEUR;2020;850000647;HOPITAL DES COLLINES VENDEENNES;850025867;Consultation;;;;;;;;;;;;;;;;;;;;;;;;;;;;0;0;;;;;;;;;;;;;;;;;;;;;;;;;;;;;;;;;;;;;
DOULEUR;2020;850009630;CH FONTENAY SITE POLE SANTE SUD VENDEE;850000035;Consultation;;;;;;;;;;;;;;;;;;;;;;;;;;;;137;69;;0;;;;;;;;;;;;;;;;;;;;;;;;;;;;;;;;;;;
DOULEUR;2020;860000223;CHU LA MILETRIE;860014208;Centre;0;0;172;15;;187;0;12;12;664;825;5600;359;;6623;300;2401;838;75;1;54;;;129;0;28;17;2779;621;170;4;4;3;;1;4;3;1;4;;0;1;;;0;;0;0;1;;0;;0;0;2;1;4;;0;1;5.3;4.8;4.39;;0.5;3.48
DOULEUR;2020;870000064;C H U DUPUYTREN LIMOGES;870000015;Centre;;20;;;;;;;;492;810;1218;24;886;2620;22;910;518;;;126;;;126;;73;55;0;0;34;3;;1;1;1;2;3;;;;;1;2;;;;;1;1;;;;;;0;;;;;;1.73;;1.23;1.23;1;1.42
DOULEUR;2020;880006663;CHI E.DURKHEIM-MAISON DE SANTE ST JEAN;880007059;Consultation;1;0;99;0;101;201;3;16;0;686;0;1621;0;753;3060;245;782;242;6;0;4;0;4;14;2;2;2;0;0;248;;;;;;;4;2;2;2;2;1;1;;0;;;0;;;1;1;;;3;2;1;1;2;1;1.8;1.3;1;1;1;0.5
DOULEUR;2020;890975527;CH AUXERRE;890000037;Consultation;;17;;;;;;;;258;;1016;;339;1613;;;176;;;;;;;;;;0;0;;;;;;1;;1;;2;;;1;;;;;;;;;;;;;1;;2;;;1;0.5;;1.71;;1;0.86
DOULEUR;2020;890975543;CH JOIGNY;890000417;Consultation;;;;;;;;;;;;;;;;;;;;;;;;;;;;0;0;;;;;;;;;;;;;;;;;;;;;;;;;;;;;;;;;;;;;
DOULEUR;2020;890975550;CH SENS;890970569;Consultation;;19;;;2;2;;;;22;202;848;;227;1097;200;538;256;;;;;;;;;;0;0;10;3;1;;;;;;;1;;1;1;;;;;;;;;;;1;;;;1;;;1;0.49;0.2;0.5;;0.03;0.86
DOULEUR;2020;900003039;HNFC SITE TREVENANS;900000365;Consultation;;17;100;;153;253;;69;51;791;604;2297;;1640;4728;302;1030;409;;;8;;10;18;;7;7;1129;259;216;1;;1;;0;;4;;3;;2;;1;;;;;;2;;1;;;;1;;2;;2;;1.34;;3.03;;1;
DOULEUR;2020;910020254;CH SUD FRANCILIEN SITE JEAN JAURES;910002773;Consultation;0;115;94;0;71;165;0;94;0;0;359;815;0;72;887;0;325;104;0;2;0;0;2;2;0;0;0;0;0;;;;1;1;0;0;1;1;0;0;0;0;;;0;0;0;0;;;0;0;0;0;1;1;0;0;0;0;0.5;0.5;1;1;0;0
DOULEUR;2020;920000460;CLCC RENE HUGUENIN INSTITUT CURIE;750813321;Consultation;;;299;;;299;;44;;;179;937;;0;937;;150;86;;;;;;;;;;0;0;70;;;;;;;4;2;1;;;3;;;;;;1;;;;;;2;;;1;;;;1.35;0.7;0.5;;;0.2
DOULEUR;2020;920000650;HOPITAL FOCH;920150059;Consultation;528;1086;625;;;1153;85;;;;;2977;;;2977;;1703;830;;;;;;;;;;0;0;15;1;0;1;0;0;3;1;0;4;0;4;2;0;0;0;0;1;0;0;0;0;0;2;1;1;0;4;0;1;1;1.82;0;4.01;0;1.63;4.01
DOULEUR;2020;920100013;HU OUEST SITE AMBROISE PARE APHP;750712184;Centre;;;314;;;314;;;;300;1143;4375;103;;4778;140;1807;1180;;;;;;;;;;268;163;150;;;1;1;1;2;11;11;1;1;;1;;;;;;;;;;;;;;;;;;;4.92;4.92;1.61;1.61;1;2.43
DOULEUR;2020;920100054;HU PARIS SITE RAYMOND POINCARE APHP;750712184;Consultation;;200;54;;;54;;;;520;380;847;;;1367;15;514;;;;;;;;;;;700;313;15;;;;;;;3;3;1;1;1;;;;;;;;;;;;;;;;;;;;0.6;0.6;0.5;0.5;0.3;
DOULEUR;2020;920120011;HIA PERCY;750821092;Consultation;;;;;;;;;;;;;;;;;;;;;;;;;;;;0;0;;;;;;;;;;;;;;;;;;;;;;;;;;;;;;;;;;;;;
DOULEUR;2020;930000336;CHI ROBERT BALLANGER;930110069;Consultation;122;702;306;;398;826;;1087;;770;155;2777;108;1200;4855;;292;;42;2;36;1;2;81;;;;0;0;;1;;;;;1;;;;;;;;;;;;;;;;;;;;;;;;;1;;1.7;0.9;1.29;1.9
DOULEUR;2020;930100037;HU PARIS SITE AVICENNE APHP;750712184;Consultation;251;828;1134;0;282;1667;12;604;451;;;;;;;;;;;;;;;;;;;0;0;;1;;1;1;;1;;;;;;1;;;;;;;;;;;;;;;;;;1;1.12;;1;1;;1.42
DOULEUR;2020;940000649;HOPITAL SAINT CAMILLE;940150014;Consultation;;170;328;;;328;;171;171;806;123;2648;12;123;3589;60;1009;423;;;;;;;;;;0;0;60;2;1;1;;1;;1;;;;;3;1;;;;;;;;;;;1;;;;;;2;1.35;0.3;0.5;;1;1.27
DOULEUR;2020;940000664;CLCC INSTITUT GUSTAVE ROUSSY;940160013;Centre;1252;303;2494;519;646;4911;384;777;484;943;628;2143;379;162;3627;159;878;294;235;14;132;47;9;423;29;42;29;0;0;978;2;2;2;3;;1;4;;0;;2;;1;;;;;;;;;;;;3;;;;2;;4.26;2;2;3;1.7;1
DOULEUR;2020;940100027;HU HENRI MONDOR SITE HENRI MONDOR APHP;750712184;Centre;;7;504;;37;541;48;400;385;90;28;2702;;138;2930;7;2010;1399;;;;;;;;;;0;0;12;2;;1;;;;;;1;;1;2;;;;;1;;;;1;;;;;;;;;2;2;;1.2;;0.15;1
DOULEUR;2020;940100043;HU PARIS SUD SITE KREMLIN BICETRE APHP;750712184;Consultation;;;;;;;;;;;;;;;;;965;;;;;;;;;;;133;57;;2;2;3;3;1;1;;;;;;;;;;;;;;;;;;;;;;;;;2.6;2;3;3;1.5;1
DOULEUR;2020;940100068;HU PARIS SUD SITE PAUL BROUSSE APHP;750712184;Consultation;;;957;314;;1271;;;;;;;;;;;;;;;957;314;;1271;;;;0;0;;;;1;;;;;;;;;;;;;;;;;;;;;;;;;;;;1;;1;;;
DOULEUR;2020;950000307;CH VICTOR DUPOUY;950110015;Consultation;;130;130;;130;260;;;;258;68;1419;;68;1745;80;1156;304;;;9;;;9;;;;0;0;16;1;1;0;0;0;1;3;1;1;1;1;1;3;1;0;0;0;1;0;0;0;0;0;0;0;0;1;1;1;0;1.3;1.1;0.6;0.6;0.6;1.1
DOULEUR;2020;950000323;GHEM SIMONE VEIL SITE EAUBONNE;950013870;Consultation;;;;;;;;;;60;10;64;;7;131;;104;1;;;;;;;;;;0;0;0;2;1;2;2;;;4;2;;;1;6;1;;;;;5;1;;;;;;2;2;;;1;1;2.51;1.98;2;2;0.76;0.82
DOULEUR;2020;950000331;CH GENERAL DE GONESSE;950110049;Consultation;;;;;;;;;;269;210;711;0;326;1306;16;445;174;;;;;;;;;;0;0;65;2;2;1;1;1;1;;;;;;;;;;;;;;;;;;;;;;;;;0.8;0.8;0.9;0.9;0.4;0.3
DOULEUR;2020;950000364;CH RENE DUBOS;950110080;Consultation;;;;;;;;;;314;159;928;51;108;1401;168;762;515;;;;;;;;;;31;24;;3;3;1;;0;0;0;0;0;;;;0;0;0;;;;0;0;0;;;;0;0;0;;;;2.4;2.4;0.41;;0.49;0.5
DOULEUR;2020;970100020;CENTRE MEDICO SOCIAL;970100152;Consultation;;;;;;;;;;;;239;;;239;;108;65;;;;;;;;;;0;0;239;;;;;;;1;1;1;1;1;;;;;;;;1;1;1;1;1;;;;;;;;0.4;0.4;0.4;0.4;0.4;
DOULEUR;2020;970100442;C.H.U. DE POINTE-A-PITRE/ABYMES;970100228;Consultation;72;589;222;;;294;;226;81;397;27;1265;;22;1684;22;485;87;6;;11;;;17;;4;;0;0;12;;;;;;;2;2;4;1;1;1;;;;;;;;;;;;;;;;;;;1;1;2;0.5;0.5;0.5
DOULEUR;2020;970211215;CHU DE MARTINIQUE SITE P.ZOBDA QUITMAN;970211207;Consultation;;36;;;;;;;;;354;1960;;;1960;;;;;;;;;;;;;0;0;;3;;1;;1;3;;;;;;;;;;;;;;;;;;;;;;;;;2.45;;0.99;;0.98;1.97
DOULEUR;2020;970400024;CHU SITE FELIX GUYON (SAINT DENIS);970408589;Consultation;9;142;119;;;128;;65;65;56;531;887;;;943;;454;223;;;;;;;;;;0;0;;;;1;;;1;5;;1;;1;;2;;1;;1;;;;;;;;3;;;;;;1.2;;1.5;;0.5;1
DOULEUR;2020;970400065;CH OUEST REUNION;970421038;Consultation;;;;;;;;;;328;;1326;;;1654;72;453;124;;;;;;;;;;0;0;72;0;0;0;0;0;1;3;0;0;0;1;1;0;0;0;0;0;0;1;0;0;0;0;0;2;0;0;0;1;1;1.2;0;0;0;0.5;1.5
DOULEUR;2020;970400081;CHU SITE SUD (SAINT LOUIS);970408589;Centre;;;;;;;;;;;;;;;;;;;;;;;;;;;;0;0;;;;1;1;;4;4;2;;;1;;4;2;;;1;;;;;;;;;;;;;;2;1.6;1;1;0.5;1.5
DOULEUR;2020;970462107;CLINIQUE STE-CLOTILDE;970400305;Centre;209;;516;;;725;;;;234;;1019;11;;1264;;532;358;0;;0;;;0;;;;0;0;;;;;;;2;2;;;;1;6;;;;;;;;;;;;2;2;;;;1;4;1.25;;;;0.5;4.85
