BOR;AN;FI;RS;FI_EJ;STRUCTURE;CONS_PSY_INT;ACT_INF_INT;CONS_MED_INT_HORSPSY;CONS_MED_INT_PSY;CONS_IDE_INT;CONS_TOT_INT;CAS_RSP_INT;FILACT_INT;dt_NOUV_INT;CONS_PSY_EXT;ACT_INF_EXT;CONS_MED_EXT_HORSPSY;CONS_MED_EXT_PSY;CONS_IDE_EXT;CONS_TOT_EXT;CAS_RSP_EXT;FILACT_EXT;dt_NOUV_EXT;CONS_PSY18;ACT_INF18;CONS_MED18_HORSPSY;CONS_MED18_PSY;CONS_IDE18;CONS_TOT18;CAS_RSP18;FILACT18;dt_NOUV18;SEJ;HOSP;CAS_RCP;EFFPL_PM;EFFPL_PMDOU;EFFPL_IDE;EFFPL_IDEDOU;EFFPL_PSY;EFFPL_PNMAUT;EFFPA_PM;EFFPA_PMDOU;EFFPA_IDE;EFFPA_IDEDOU;EFFPA_PSY;EFFPA_PNMAUT;EFFPA1_PM;EFFPA1_PMDOU;EFFPA1_IDE;EFFPA1_IDEDOU;EFFPA1_PSY;EFFPA1_PNMAUT;EFFPA2_PM;EFFPA2_PMDOU;EFFPA2_IDE;EFFPA2_IDEDOU;EFFPA2_PSY;EFFPA2_PNMAUT;EFFPA3_PM;EFFPA3_PMDOU;EFFPA3_IDE;EFFPA3_IDEDOU;EFFPA3_PSY;EFFPA3_PNMAUT;ETPSAL_PM;ETPSAL_PMDOU;ETPSAL_IDE;ETPSAL_IDEDOU;ETPSAL_PSY;ETPSAL_PNMAUT
DOULEUR;2022;010000024;CH DE FLEYRIAT;010780054;Consultation;;;;;;;;;;68;;384;;510;962;0;202;118;;;;;;;;;;0;0;0;;;;;;;2;;3;;1;;1;;;;;;1;;2;;;;;;1;;1;;0.25;;0.95;;0.21;0.26
DOULEUR;2022;020000162;CH SAINT-QUENTIN;020000063;Consultation;;;19;;;19;;;;899;844;1294;75;1220;3488;25;716;264;;;;;;;;;;522;173;13;2;2;2;1;1;;;;;;;1;;;;;;;;;;;;;;;;;;1;2;2;2;1;1;1
DOULEUR;2022;020000394;CH LAON;020000253;Consultation;3;3;18;0;0;21;0;3;1;373;488;1091;0;838;2302;66;764;252;3;0;5;0;0;8;4;1;;491;209;201;1;1;1;;1;2;2;;;;2;;2;;;;;;;;;;;;;;;;2;;1.08;1;1;;1.54;1.5
DOULEUR;2022;020000519;CH SOISSONS;020000261;Consultation;0;0;2349;0;0;2349;241;212;;628;806;2395;;91;3114;;1018;;;0;;;0;0;;;;460;111;47;;;1;;;1;3;;2;;4;;2;;;;1;;;;1;;1;;1;;1;;2;;0.71;;2.03;;0.99;1
DOULEUR;2022;020001061;CH CHÂTEAU-THIERRY;020004404;Consultation;;;;;;;;;;8;1;91;;;99;;82;;;;;;;;;;;0;0;;;;;;;;1;1;2;;1;1;1;1;2;;1;1;;;;;;;;;;;;;0.03;0.03;0.1;;0.1;0.1
DOULEUR;2022;030000061;CH DE MOULINS;030780092;Consultation;110;394;405;0;350;865;0;231;173;304;1011;1404;0;834;2542;292;684;311;3;;11;0;4;18;0;9;12;346;201;0;1;1;;;1;;1;1;3;2;;2;0;;;;;;0;;1;0;;1;1;1;2;2;;1;1.25;1.25;1.82;1.59;1;0.7
DOULEUR;2022;030000079;CH DE MONTLUCON;030780100;Consultation;;2;0;;3;3;2;2;3;355;696;869;0;858;2082;440;440;178;2;;2;;;4;;;2;229;108;0;1;;1;;1;1;;;1;;;;;;;;;;;;;;;;;;1;;;;0.5;;0.96;;0.4;1.09
DOULEUR;2022;030000087;CH JACQUES LACARIN VICHY;030780118;Consultation;;152;;;;;;;;268;1058;546;;582;1396;224;501;;;;;;;;;;;0;0;2;;;1;0;0;0;1;;0;0;1;0;;;0;0;0;0;;;0;0;0;0;1;;0;0;1;0;0.6;;0.85;0;0.23;0
DOULEUR;2022;050000348;CHI DES ALPES DU SUD SITE DE GAP;050002948;Consultation;;;;;;;;;;197;108;1240;0;108;1545;12;311;159;;;;;;;;;;0;0;;;;1;;;;3;;1;;;3;1;;;;;2;1;;;;;;1;;1;;;1;0.93;;1.36;;;0.81
DOULEUR;2022;060000510;CH D'ANTIBES JUAN LES PINS;060780954;Consultation;142;0;1078;0;1401;2621;355;723;0;550;0;1601;0;884;3035;22;614;297;0;0;0;0;0;0;0;0;0;118;44;375;;;;;;;1;;1;;1;2;;;;;;;;;;;;1;1;;1;;1;1;0.5;;0.39;;0.61;0.7
DOULEUR;2022;060000528;CENTRE ANTOINE LACASSAGNE;060780962;Consultation;1950;19;1375;103;536;3964;135;311;228;972;37;2152;520;109;3753;;659;446;;;;;;;;;;0;0;472;2;;3;;2;2;2;1;;;;1;;;;;;;1;;;;;;1;1;;;;1;0.78;0.18;0.64;;0.5;0.3
DOULEUR;2022;060780715;CLINIQUE SAINT GEORGE;060000361;Consultation;;;2;;;2;;;;;;828;;;828;;;;;;;;;;;;;0;0;;1;1;;;;;;;;;;;;;;;;;;;;;;;;;;;;;0.8;0.8;;;;
DOULEUR;2022;060780947;HOP PEDIATRIQUES DE NICE CHU LENVAL;060800174;Consultation;0;0;6;0;0;6;;4;;247;517;1301;0;515;2063;;379;;242;506;1263;0;506;2011;;364;;0;0;;;;1;;;;1;;;;;;;;;;;;1;;;;;;;;;;;;0.3;;1.53;;;
DOULEUR;2022;060788957;CHU DE NICE HOPITAL DE CIMIEZ;060785011;Centre;0;0;310;;0;310;0;310;310;1142;4244;10257;;475;11874;502;4234;1760;;;;;;;;;;2467;552;234;3;;4;;1;7;5;;1;;1;2;2;;;;;;0;;;;;;3;;1;;1;2;5.17;;4.8;;1.5;8.43
DOULEUR;2022;070000013;CH DE PRIVAS ARDECHE;070002878;Consultation;;;;;3;3;;;;30;1277;103;;1288;1421;68;;;;;;;;;;;;0;0;0;;;;;;;3;1;2;1;1;1;;;;;;;2;1;;;1;1;1;;2;1;;;0.4;0.2;1.75;0.75;0.2;0.2
DOULEUR;2022;070000609;SITE B. HUGO CH ARDECHE MERIDIONALE;070005566;Consultation;;;;;;;;;;105;;930;;498;1533;34;273;121;;;;;;;;;;0;0;12;;;;;;1;3;;2;;1;;2;;;;1;;;;;;;;1;;2;;;;0.52;;0.4;;0.1;1
DOULEUR;2022;080000425;CH CHARLEVILLE - HOPITAL MANCHESTER;080011174;Consultation;;;;;;;;;;228;558;1088;;;1316;;284;132;;;;;;;;;;144;79;;;;;;;;4;1;2;;1;1;3;;;;;;1;1;1;;1;;;;1;;;1;0.4;0.25;0.8;;0.2;0.5
DOULEUR;2022;090000175;CHIVA SITE ST JEAN DE VERGES;090781774;Consultation;0;;2;;30;32;;17;0;246;;196;;519;961;;194;9;0;;0;;0;0;;0;0;0;0;;;;;;;;1;1;1;;1;2;;;;;;1;1;1;;;1;;;;1;;;1;0.2;0.2;0.6;;0.3;0.61
DOULEUR;2022;100000090;CENTRE HOSPITALIER DE TROYES;100000017;Centre;68;;78;;;146;;;;764;;2052;61;1659;4536;40;1640;350;;;12;;;12;;;;0;0;55;0;0;1;1;1;1;4;2;1;0;0;3;2;0;0;0;0;1;0;0;1;0;0;1;2;2;0;0;0;1;1.15;1;1.3;1;1;2.08
DOULEUR;2022;110000023;CH CARCASSONNE;110780061;Consultation;1;6;11;;6;18;;6;2;523;495;855;;495;1873;58;334;184;;;4;;;4;;3;3;0;0;0;;;;;;;3;3;1;1;1;2;1;1;;;;;1;1;;;;;1;1;1;1;1;2;0.7;0.7;0.68;0.68;0.5;0.59
DOULEUR;2022;110000056;CH NARBONNE;110780137;Consultation;;;;;;;;;;0;755;647;;748;1395;;284;240;;;;;;;;;;0;0;0;;;;;;;2;2;1;;1;1;;;;;;1;1;1;;;1;;1;1;1;;;;0.7;0.7;0.9;;0.3;0.1
DOULEUR;2022;120000039;CH DE RODEZ HOPITAL JACQUES PUEL;120780044;Consultation;0;0;0;0;0;0;0;0;0;297;847;716;0;778;1791;253;234;68;;;;;;;;;;0;0;253;1;1;2;2;1;3;;;;;;;;;;;;;;;;;;;;;;;;;0.4;0.4;0.8;0.8;0.5;0.6
DOULEUR;2022;120004569;CH MILLAU;120004528;Consultation;;;;;;;266;;;;;544;;301;845;;518;354;;;;;;;;;;0;0;;;;;;;1;3;1;1;1;1;1;1;;;;;;1;;;;1;;1;1;1;1;;1;0.43;0.4;0.8;0.8;0.02;0.82
DOULEUR;2022;120004668;CH EMILE BOREL ST AFFRIQUE;120004619;Consultation;;;;;;;266;;;;0;544;0;301;845;;518;354;;;;;;;;;;0;0;1;;;;;;;2;1;1;1;1;1;;;;;;;1;;;;1;;1;1;1;1;;1;0.4;0.4;0.8;0.8;0.2;0.5
DOULEUR;2022;130000409;CHI SITE D'AIX EN PROVENCE;130041916;Consultation;1;;30;;16;47;;;;1001;706;2124;565;706;4396;119;689;406;;;;;;;;;;721;248;138;1;1;1;;1;2;4;;1;;;2;2;;;;;;1;;;;;;1;;1;;;2;2.17;1;1.48;;1.02;2.02
DOULEUR;2022;130001225;HOPITAL DU PAYS SALONAIS;130782634;Consultation;11;5;54;0;181;246;15;73;66;424;590;1258;0;338;2020;12;576;233;;;;;;;;;;0;0;6;;;;;;;3;2;1;1;1;1;;;;;;;3;2;;;;;;;1;1;1;1;0.9;0.6;0.5;0.5;0.5;0.5
DOULEUR;2022;130001647;INSTITUT PAOLI CALMETTES;130784127;Consultation;1574;264;1414;252;233;3473;;506;435;285;0;1266;194;538;2283;;523;362;;;;;;;;;;0;0;321;;;1;;;;3;;4;;5;2;;;4;;5;1;;;;;;;3;;;;;1;2.47;;1.4;;0.5;0.6
DOULEUR;2022;130783293;APHM HOPITAL LA TIMONE;130786049;Centre;;;;;;;;;;821;;10911;;1300;13032;70;5703;1364;;;;;;;;;;936;310;384;4;2;4;3;1;3;4;1;;;;;1;;;;;;;;;;;;3;;;;;;5.6;2.6;4;3;1;3
DOULEUR;2022;130784903;CLINIQUE LA PHOCEANNE;130002041;Consultation;114;;2105;241;127;2587;670;1355;;;;;;;;;;;;;;;;;;;;1105;1355;282;2;2;4;2;;4;;;;;1;2;;;;;;;;;;;;2;;;;;1;;2;2;4;2;0.53;4.5
DOULEUR;2022;130785652;HOPITAL SAINT JOSEPH;130014228;Consultation;;;;;;;;;;476;;;;3268;3744;;884;;;;;;;;;;;146;81;;3;;14;;1;18;2;;4;;1;;;;;;;;;;;;;;2;;4;;1;;4.59;;17.36;;1.71;18.92
DOULEUR;2022;140000027;CENTRE HOSPITALIER DE LISIEUX;140000035;Consultation;12;218;501;0;263;776;49;270;245;108;817;1123;0;817;2048;153;689;205;4;31;27;0;31;62;6;17;5;;;32;;;;;;;1;1;2;0;1;1;;;;;;;;;;;;;;;;;;;0.77;0.77;1.6;0;0.27;0.4
DOULEUR;2022;140000233;CENTRE HOSPITALIER DE FALAISE;140000118;Consultation;;39;12;;9;21;;1;1;;430;333;;250;583;43;156;89;;;;;;;;;;69;30;;;;;;;;1;;1;;;;;;;;;;1;;;;;;;;1;;;;0.2;;0.56;;;
DOULEUR;2022;140000555;CRLCC FRANCOIS BACLESSE - CAEN;140000639;Consultation;270;159;809;34;1237;2350;300;538;138;436;210;782;78;1709;3005;50;657;328;;;;;;;;;;0;0;150;3;1;1;1;;2;2;1;1;1;2;;0;;;;;;1;;;;;;1;1;1;1;2;;1.18;1.13;1.83;1.83;0.3;0.35
DOULEUR;2022;140004383;CHR GEORGES CLEMENCEAU - CAEN;140000100;Centre;1;126;354;8;254;617;16;227;163;738;1032;2407;789;8;3942;331;1601;715;0;294;368;490;37;895;65;431;259;0;0;60;2;;2;1;1;2;8;;;;1;3;6;;;;;1;1;;;;;;1;;;;1;2;1.26;;1;1;1.07;1.39
DOULEUR;2022;140016759;POLYCLINIQUE DU PARC - CAEN;140003146;Centre;;;;;;;;;;2362;3598;4793;537;7324;15016;1018;2738;876;;;;;;;;;;2824;1136;80;1;1;7;;1;3;2;2;2;2;2;1;1;1;;;;;;;;;;;1;1;2;2;2;1;1.6;1.6;7.89;0.89;2.4;3.5
DOULEUR;2022;140024886;CENTRE HOSPITALIER - AUNAY-BAYEUX;140000092;Centre;9;297;144;0;139;292;94;89;75;808;1369;1947;0;1277;4032;;985;327;0;3;0;0;3;3;;0;0;380;218;121;;;1;1;;1;9;4;2;2;2;2;5;1;;;;1;1;;;;1;1;3;3;2;2;1;;2.03;1.53;2.2;2.2;0.9;1.48
DOULEUR;2022;150000040;CH HENRI MONDOR;150780096;Consultation;;;;;;;;;;362;;1693;;1441;3496;290;490;173;1;;;;;1;;;;0;0;0;1;1;2;;;;;;;;1;1;;;;;;;;;;;;;;;;;1;1;0.6;0.6;1.32;;0.5;0.5
DOULEUR;2022;160000253;CENTRE HOSPITALIER D'ANGOULEME;160000451;Consultation;;;;;;;;;;216;665;1045;0;720;1981;22;517;110;;;;;;;;;;0;0;0;2;;1;;;3;;;2;;1;;;;1;;;;;;;;1;;;;1;;;;0.8;;1.43;;0.36;0.5
DOULEUR;2022;160013207;CENTRE CLINICAL SA;160001632;Consultation;;;;;;;;;;300;458;1096;;844;2240;665;479;249;;;;;;;;;;0;0;;;;1;1;;1;2;1;1;;1;;1;;1;;;;;;;;;;1;1;;;1;;1;1;1.1;1;0.5;1
DOULEUR;2022;170000087;HOPITAL SAINT-LOUIS - LA ROCHELLE;170024194;Consultation;;;;;;;;;;376;258;1051;;258;1685;237;530;258;;;;;;;;;;0;0;52;2;2;;;;1;;;1;;1;;;;;;;;;;;;;;;;1;;1;;1.33;1.33;0.8;;0.48;0.6
DOULEUR;2022;170000103;CTRE HOSP. DE SAINTONGE - SAINTES;170780175;Consultation;4;7;2;0;;6;0;5;0;179;863;248;0;221;648;0;273;113;0;9;3;0;9;12;;3;0;5;5;46;;;11;;1;1;1;;5;;;2;;;;;;;1;;;;;;;;5;;;2;0.2;;1.03;;0.5;0.44
DOULEUR;2022;180000010;CH BOURGES - JACQUES COEUR;180000028;Consultation;17;19;42;0;19;78;;40;33;255;176;860;0;172;1287;161;485;243;;;;;;;;;;0;0;161;;;;;;;2;1;1;1;1;1;;;;;;;1;1;;;;;1;;1;1;1;1;0.51;0.33;0.5;0.5;0.5;0.4
DOULEUR;2022;190000018;CENTRE HOSPITALIER DUBOIS BRIVE;190000042;Consultation;62;162;921;0;0;983;0;351;20;1013;865;1931;0;0;2944;0;1047;342;4;0;42;0;0;46;0;46;;0;0;;1;1;1;;1;1;1;1;1;;;;;;;;;;1;1;;;;;;;1;;;;1.4;1.4;1.09;;0.94;0.75
DOULEUR;2022;210987558;HOPITAL LE BOCAGE CHRU DIJON;210780581;Centre;;772;446;0;0;446;;;;447;558;4378;0;0;4825;249;1419;806;0;32;232;0;0;232;;;;443;111;130;1;1;;;;;8;4;2;2;1;2;3;;;;;;3;2;;;;;2;2;2;2;1;2;2.7;2.4;1;1;0.5;1.8
DOULEUR;2022;210987731;CLCC GEORGES-FRANCOIS LECLERC;210780417;Centre;0;0;304;17;0;321;0;176;82;;0;2484;176;0;2660;0;1617;240;0;0;0;0;0;0;0;0;0;872;452;;1;1;;;;;7;3;;;;;1;;;;;;3;1;;;;;3;2;;;;;3.3;2.1;;;;
DOULEUR;2022;220000012;CENTRE HOSPITALIER YVES LE FOLL;220000020;Consultation;210;11;558;0;10;778;;258;139;236;537;1528;0;462;2226;43;939;475;4;13;75;0;13;92;;17;9;0;0;60;1;1;1;;;2;1;1;2;2;1;0;;;;;;;1;1;;;;;;;2;2;1;0;0.6;0.6;1.37;1.33;0.51;1.19
DOULEUR;2022;220012884;CENTRE REEDUC TRESTEL;220000103;Consultation;;;;;;;;;;143;;1256;;340;1739;;845;153;;;;;;;;;;0;0;4;;;;;;;3;3;1;;1;2;2;2;;;;1;1;1;;;1;1;;;1;;;;0.47;0.47;0.5;;0.3;0.4
DOULEUR;2022;230000820;CENTRE HOSPITALIER GUERET;230780041;Consultation;0;12;10;0;0;10;;;;387;102;1047;0;431;1865;;477;190;;;;;;;;;;89;41;13;1;;2;1;1;2;;;;;;;;;;;;;;;;;;;;;;;;;0.5;;1.5;1;0.4;0.5
DOULEUR;2022;240000372;C.H DE BERGERAC;240000059;Consultation;0;;43;0;0;43;;13;8;;;217;;;217;;204;172;;;;;;;;;;0;0;;;;;;;;1;1;;;;;1;1;;;;;;;;;;;;;;;;;0.1;0.1;;;;
DOULEUR;2022;240000489;CENTRE HOSPITALIER DE PERIGUEUX;240000117;Consultation;;290;79;;42;121;36;79;79;192;234;800;;510;1502;;376;287;;;;;;;;;;13;7;15;;;2;2;;;2;2;;;1;1;1;1;;;;;;;;;;;1;1;;;1;1;1.02;1.02;2;2;0.33;0.25
DOULEUR;2022;240000687;CENTRE HOSPITALIER SARLAT;240000448;Consultation;;;;;18;18;;;;6;10;52;;;58;;34;24;;;;;;;;;;0;0;0;;;1;1;;;1;1;1;1;1;;1;1;;;1;;;;;;;;;;1;1;;;0.1;0.1;1.8;1.8;0.05;
DOULEUR;2022;250000700;CHI HC SITE RIVES DU DOUBS PONTARLIER;250000452;Consultation;;;6;;;6;;;;;;866;;;866;20;309;104;;;;;;;;;;0;0;;1;1;;;;1;1;;1;1;;1;;;;;;;;;;;;;1;;1;1;;1;1.05;1;0.42;0.42;;0.57
DOULEUR;2022;250006954;CHRU JEAN MINJOZ;250000015;Centre;0;0;94;6;0;100;0;152;94;778;1;2734;144;59;3715;400;2605;988;7;0;43;0;3;53;0;127;21;2247;883;8;1;1;1;1;0;4;2;2;3;3;2;0;0;0;0;0;0;0;0;0;0;0;0;0;2;2;3;3;2;0;2.29;2.29;2.56;2.56;1.3;2.05
DOULEUR;2022;260000013;CH DE VALENCE;260000021;Consultation;141;;126;;90;357;16;;;1068;1431;2362;69;1431;4930;36;1102;626;;;;;;;;;;31;30;15;;;1;1;;1;5;4;2;2;2;;1;;;;;;1;1;;;1;;3;3;2;2;1;;1.45;1.4;2;2;1.1;1.3
DOULEUR;2022;270000359;CH EVREUX CH EURE-SEINE;270023724;Consultation;21;212;277;;399;697;;160;86;276;151;1548;;151;1975;;667;181;0;23;26;;23;49;;12;8;0;0;12;3;;;;;;2;;;;;1;;;;;;;;;;;;;2;;;;;1;4.4;;;;;0.97
DOULEUR;2022;270000391;CH LOUVIERS CHI ELBEUF;760024042;Consultation;;;;;;;;;;;;;;84;84;;;;;;;;84;84;;;;0;0;;;;;;;;;;;;;;;;;;;;;;;;;;;;;;;;;;;;;
DOULEUR;2022;280000084;CH DREUX;280000183;Consultation;16;67;16;;;32;;67;11;357;1612;884;;;1241;201;665;415;;;;;;;;;;0;0;78;;;;;;;4;3;4;1;2;;;;1;;1;;3;3;1;;;;1;;2;1;1;;1.1;0.6;1.39;0.5;0.59;0.8
DOULEUR;2022;280504267;CH CHARTRES LOUIS PASTEUR-LE COUDRAY;280000134;Consultation;7;7;13;;;20;;19;15;574;867;1394;;;1968;;905;423;3;8;8;;;11;;7;6;0;0;;0;0;0;0;0;1;4;4;2;2;2;1;2;2;0;0;0;1;1;1;0;0;0;0;1;1;2;2;2;0;1.28;1.28;1.25;1.25;0.95;1.03
DOULEUR;2022;290000025;CHIC QUIMPER;290020700;Consultation;46;143;14;;;60;15;5;5;232;475;2713;130;;3075;55;1106;365;;;1;;;1;;1;1;81;41;140;;;0;;0;1;4;2;3;;2;4;1;;;;1;1;2;;;;1;1;1;2;3;;;2;2;1.5;2.61;;0.35;2.39
DOULEUR;2022;290000033;C.H. DES PAYS DE MORLAIX;290021542;Consultation;0;0;;;;0;;;;140;186;221;;186;547;;149;80;;;1;;;1;;1;1;0;0;4;1;;2;2;1;1;0;;;;;;;;;;;;;;;;;;;;;;;;0.16;;0.2;0.2;0.16;0.5
DOULEUR;2022;290000728;HOPITAL INSTRUCTION DES ARMEES;750821092;Consultation;;10;33;;5;38;;0;;;209;1165;53;273;1491;;377;142;;;1;;;1;;0;;0;0;;;;;;;;;;;;;;;;;;;;;;;;;;;;;;;;0.6;;0.5;;0.1;0.3
DOULEUR;2022;290004324;CHRU BREST SITE HOPITAL CAVALE BLANCHE;290000017;Centre;;;;;;;;;;;;;;;;;;;;;;;;;;;;479;150;;;;;;;;;;;;;;;;;;;;;;;;;;;;;;;;;;;;;
DOULEUR;2022;2A0000022;CH ND LA MISERICORDE;2A0000014;Consultation;0;0;0;0;0;0;0;0;0;431;;2818;;58;3307;33;744;406;0;0;0;0;0;0;0;0;0;0;0;130;;;;;;;4;;1;;1;;1;;;;;;2;;;;;;1;;1;;1;;1.05;;0.02;;0.5;
DOULEUR;2022;300000023;CH ALES CEVENNES;300780046;Consultation;;;;;;;;;;;;;;;;;;;;;;;;;;;;0;0;;0;;2;2;0;1;1;;1;1;3;2;0;;0;0;0;2;1;;0;0;2;0;0;;1;1;1;0;0.07;;2.8;2.8;1.35;1.17
DOULEUR;2022;300780152;HOPITAL PRIVE LES FRANCISCAINES NIMES;300017985;Consultation;19;57;235;;75;329;;86;75;886;612;1447;;663;2996;137;521;224;;;;;;;;;;0;0;56;;;1;1;2;;2;;;;;2;;;;;;;;;;;;;2;;;;;2;1.4;;1;1;1;2
DOULEUR;2022;300782117;CHU NIMES CAREMEAU;300780038;Centre;11;28;276;;;287;;1220;620;610;3256;9156;;;9766;640;3669;1960;;;;;;;;28;28;4368;1072;1604;6;;;8;1;10;1;;;;1;1;;;;;;;;;;;;;1;;;;1;1;5.07;;;7.92;1;9.45
DOULEUR;2022;310000310;CH COMMINGES PYRENEES SITE ST PLANCARD;310780671;Consultation;;;;;;;;;;654;1325;1496;;215;2365;138;563;236;;;;;;;;;;0;0;36;;;1;1;;;3;2;;;2;2;;;;;;;2;1;;;2;0;1;1;;;;2;1;0.7;1;1;0.8;1
DOULEUR;2022;310016977;HOPITAUX MERE & ENFANTS CHU TOULOUSE;310781406;Centre;283;3784;74;0;0;357;;0;;629;240;875;270;0;1774;45;;;912;4024;949;270;0;2131;45;910;450;0;0;12;;;1;;;1;2;;1;;1;;;;;;;;1;;;;;;1;;1;;1;;0.7;;1.8;0;0.9;0.63
DOULEUR;2022;310026927;CL CAPIO LA CROIX DU SUD QUINT FONSEGR;310026794;Consultation;50;;11;;;61;87;;;33;527;1652;;754;2439;24;944;431;;;;;;;;;;777;325;;1;;;;;;1;;2;2;1;1;;;;;;;;;;;;;1;;2;2;1;1;1.75;0.75;1.87;1.87;0.7;1
DOULEUR;2022;310780259;CL PASTEUR TOULOUSE;310000096;Consultation;442;0;590;;428;1460;;308;290;1018;0;1902;195;969;4084;110;1065;421;;;6;;;6;;4;4;71;59;22;;;;;;;4;3;1;1;1;4;1;1;;;;;1;;;;;1;2;2;1;1;1;3;1.47;1.28;0.5;0.5;0.5;0.99
DOULEUR;2022;310780283;CL DE L'UNION SAINT JEAN;310000112;Consultation;1660;;45;;;1705;;;;486;221;1854;;;2340;109;868;439;0;;;;;0;;0;;836;260;1;1;1;;;;2;0;0;;;;;;;;;;;;;;;;;;;;;;;1;1;;;;0.95
DOULEUR;2022;310781067;HOPITAL JOSEPH DUCUING TOULOUSE;310788898;Consultation;0;35;58;0;35;93;50;19;15;0;1177;473;0;1177;1650;;167;95;0;0;0;0;0;0;;;;0;0;;;;1;;;;2;2;2;1;;;;;;;;;2;2;1;;;;;;1;1;;;0.7;0.7;1.85;0.8;;
DOULEUR;2022;310782347;INSTITUT CLAUDIUS REGAUD ONCOPOLE;310789136;Centre;249;301;708;22;301;1280;;247;152;387;0;1089;36;183;1695;628;588;438;;;;;;;;;;0;0;462;;;;;;;8;4;4;2;1;5;1;1;;;;;6;2;4;2;1;4;1;1;;;;1;2.6;1.8;1.4;0.6;0.4;1.8
DOULEUR;2022;310783048;HOPITAL PURPAN CHU TOULOUSE;310781406;Centre;;;38;;;38;;;;1475;6;2447;622;1646;6190;290;1992;703;;;;;;;;;;0;0;353;;;1;;;2;2;;1;;3;;;;;;;;1;;;;1;;1;;1;;2;;2;;1.69;;1.2;2.03
DOULEUR;2022;320000086;CH AUCH EN GASCOGNE;320780117;Consultation;147;0;110;0;56;313;42;86;78;329;0;695;0;344;1368;24;379;244;2;0;0;0;0;2;0;0;0;0;0;23;3;3;1;;1;1;0;0;0;;0;0;0;0;0;;0;0;0;0;0;;0;0;0;0;0;;0;0;3;3;1;;1;1
DOULEUR;2022;330000340;MSP BORDEAUX BAGATELLE;330780552;Consultation;;;;;;;;;;355;134;874;0;223;1452;43;400;189;;;;;;;;;;0;0;9;1;;0;;;0;0;;2;;;0;;;0;;;;;;1;;;;;;1;;;;1;;0.7;;;0.41
DOULEUR;2022;330000555;CENTRE HOSPITALIER D'ARCACHON;330781204;Consultation;16;;7;;10;33;;12;3;642;494;183;;512;1337;73;279;46;6;;;;4;10;;1;1;27;11;;2;2;;;;;1;1;2;2;1;2;1;1;;;;1;;;1;1;;;;;1;1;1;1;1.18;1.18;0.79;0.79;0.8;0.84
DOULEUR;2022;330000597;CH SUD GIRONDE - SITE LA REOLE;330027509;Consultation;;;3;;5;8;;;;441;467;330;;425;1196;8;278;100;;;;;;;0;;;0;0;;;;1;;;1;1;;;;1;;1;;;;;;;;;;;;;;;;1;;0.46;;1;;0.8;0.89
DOULEUR;2022;330000605;CTRE HOSPIT.R.BOULIN-LIBOURNE;330781253;Consultation;38;0;8;0;0;46;;45;35;497;0;1714;0;526;2737;;838;350;0;0;9;0;0;9;;5;4;0;0;0;2;1;;;;1;0;0;1;;1;;0;0;;;;;0;0;1;;;;0;0;;;1;;2;1;0.5;;0.6;0.8
DOULEUR;2022;330000662;INSTITUT BERGONIE;330781329;Centre;;;528;;;528;;;;132;;1740;;444;2316;29;1171;519;;;;;;;;;;0;0;154;;;;;;;4;;1;;1;1;1;;;;;;1;;;;;;2;;1;;1;1;1.3;;0.5;;0.2;0.5
DOULEUR;2022;330780529;CLINIQUE MUTUALISTE DE PESSAC;330796392;Consultation;;;;;;;;;;;;1555;;;1555;;225;;;;;;;;;;;0;0;;;;;;;;1;;;;;;;;;;;;1;;;;;;;;;;;;0.2;;;;;
DOULEUR;2022;330781360;GROUPE HOSPITALIER PELLEGRIN - CHU;330781196;Centre;;53;495;;978;1473;;236;199;809;669;5037;;1985;7831;355;2386;1409;319;55;539;;357;1215;133;316;147;3;3;196;;;3;2;;1;8;;5;1;;;;;1;;1;1;3;;2;;;2;5;;2;1;3;4;3.5;;5.04;2.62;1.78;3.64
DOULEUR;2022;340000033;CH BEZIERS;340780055;Centre;;;;;;;;;;332;2114;1282;;;1614;;1161;;;;;;;;;;;0;0;;;;1;;;1;3;;;;1;;1;;;;;;1;;;;;;1;;;;1;;0.95;;1;;0.5;1
DOULEUR;2022;340000207;ICM MONTPELLIER;340780493;Consultation;0;0;66;40;0;106;110;49;26;44;994;1035;165;1546;2790;161;695;354;;;;;;;;;;0;0;398;2;;3;;;2;3;;0;;;0;1;;;;;;;;;;;;2;;;;;;0.88;;2.17;;;0.66
DOULEUR;2022;340000223;HOPITAL ST CLAIR HBT SETE;340011295;Consultation;0;125;149;0;128;277;1;100;80;401;659;1218;52;813;2484;100;414;192;0;2;2;0;2;4;2;2;2;0;0;2;0;0;0;0;0;0;2;2;2;2;1;1;0;0;0;0;0;0;0;0;0;0;0;0;2;2;2;2;1;1;1.04;1.04;0.83;0.83;0.5;0.54
DOULEUR;2022;340780675;CL CLEMENTVILLE MONTPELLIER;340000298;Centre;12;55;148;0;148;308;;;;611;585;2097;0;560;3268;345;851;585;17;6;14;0;0;31;0;14;0;25;20;7;;;;;;;;;1;;;1;;;;;;;;;;;;;;;1;;;1;;;0.58;;;0.29
DOULEUR;2022;340782036;HOPITAL ST ELOI CHU MONTPELLIER;340780477;Centre;;2;116;43;2;161;;367;;42;854;3307;874;770;4993;;2584;;;;;;;;;;;2629;1311;;2;;2;;0;1;5;;5;;2;1;2;;1;;0;;2;;0;;1;;1;;4;;1;1;3.2;;5.31;;0.8;1.5
DOULEUR;2022;340785161;HOPITAL LAPEYRONIE CHU MONTPELLIER;340780477;Consultation;;98;123;72;117;312;;124;;245;358;912;371;372;1900;;422;184;245;456;1035;443;489;2212;;546;184;0;0;;;;1;1;;;3;2;;;1;1;;;;;;;1;;;;1;1;2;2;;;;;1.3;1;1;1;0.25;0.25
DOULEUR;2022;350000139;CLINIQUE MUTUALISTE DE LA SAGESSE;350001137;Consultation;;;;;;;;;;680;1481;2893;193;;3766;;1198;;;;;;;;;;;634;396;;;;;;;;4;4;4;3;2;4;;;;;;;2;2;;;;;2;2;4;3;2;4;1.9;1.9;2.14;1.34;0.76;3.56
DOULEUR;2022;350000147;CENTRE HOSPITALIER SAINT-MALO;350000022;Consultation;;;;;;;;;;689;1756;1410;;1756;3855;719;739;536;4;3;10;;3;17;3;3;3;368;219;3;1;1;2;1;;1;1;;4;;3;1;0;;;;;;0;;4;;;;1;;;;3;1;1.3;0.8;0.85;1;0.86;1.3
DOULEUR;2022;350000741;CHRU RENNES SITE PONTCHAILLOU;350005179;Centre;;;;;;;;;;642;516;3780;;1367;5789;198;1304;602;257;;719;;460;1436;72;340;200;477;169;95;2;;1;;;1;4;;2;;1;2;2;;0;;1;;0;;0;;;;2;;2;;;2;2.45;;1.9;;0.1;1.57
DOULEUR;2022;350002812;C.R.L.C.C. EUGENE MARQUIS;350023503;Consultation;129;701;237;;701;1067;;91;52;162;99;419;;99;680;;273;100;2;0;1;;0;3;;1;1;0;0;468;;;;;;;5;3;3;3;3;6;3;2;0;0;3;2;1;0;1;1;0;4;1;1;2;2;0;0;1.15;0.75;1.5;1.2;0.3;1.38
DOULEUR;2022;360000137;CH CHATEAUROUX;360000053;Consultation;;;21;;20;41;8;20;20;243;;1268;;873;2384;234;577;235;1;;4;;5;10;1;4;4;0;0;69;0;0;;;;;2;2;;;;;1;1;;;;;0;0;;;;;1;1;;;;;0.7;0.7;;;;
DOULEUR;2022;370000499;CHRU CLOCHEVILLE - TOURS;370000481;Centre;;;;;;;;;;;;197;;12;209;25;;;;;;;;;;;;0;0;23;;;;;;;1;;;;;;;;;;;;;;;;;;1;;;;;;0.4;;;;;
DOULEUR;2022;370000531;CH DU CHINONAIS;370000606;Consultation;;;35;;;35;;;;462;;1528;;1899;3889;260;709;323;;;;;;;;;;0;0;0;;;1;1;;1;2;;;;1;;;;;;;;;;;;;;2;;;;1;;0.9;;1;1;0.8;0.5
DOULEUR;2022;370000861;CHRU BRETONNEAU - TOURS;370000481;Centre;1;0;55;0;0;56;;0;;496;0;2488;0;265;3249;52;1440;;;;;;;;;;;0;0;45;3;;0;0;0;1;2;;2;0;1;0;1;;0;0;0;0;1;;0;0;0;0;0;;2;0;1;0;1.8;;1.32;0;0.6;1.09
DOULEUR;2022;380000018;CH RHUMATOLOGIQUE D'URIAGE;380780023;Consultation;592;481;0;158;;750;;;;232;418;574;204;;1010;;;;;;;;;;;;;0;0;0;;;;;;;1;1;;1;2;2;;;;;;;;;;;;;1;1;;1;2;2;0.6;0.6;;0.5;1.1;0.7
DOULEUR;2022;380000034;CH PIERRE OUDOT BOURGOIN JALLIEU;380780049;Consultation;;;;;;;;;;288;;1711;94;510;2603;88;897;284;;;;;;;;;;0;0;88;;;;;;;3;3;;;1;1;1;1;;;;;;;;;;1;2;2;;;1;;1.4;1.4;;;0.5;0.2
DOULEUR;2022;380000067;HOPITAL NORD - CHU38;380780080;Centre;;;515;;;515;;;;926;;6822;44;1410;9202;110;2557;749;;;440;;;440;30;192;123;0;0;120;1;;1;;0;1;6;;3;;3;2;2;;0;;1;0;2;;0;;1;1;2;;3;;1;1;2.82;;3.18;;0.99;2.12
DOULEUR;2022;380000174;CH LUCIEN HUSSEL DE VIENNE;380781435;Consultation;116;185;208;;185;509;47;115;85;471;808;1816;;807;3094;0;556;404;1;0;3;;0;4;2;2;2;0;0;9;1;1;;;;;;;1;1;1;5;;;;;;3;;;;;;0;;;1;1;1;2;1;1;0.86;0.86;0.5;1.18
DOULEUR;2022;380000406;HOPITAL DE VOIRON - CHU38;380780080;Centre;;;62;;;62;148;62;62;958;1720;1821;;864;3643;96;780;625;15;134;76;;72;163;5;24;18;0;0;140;;;;;;;3;;;;;;2;;;;;;1;;;;;;;;;;;;0.57;;1;;1;0.7
DOULEUR;2022;380012658;GROUPE HOSPIT. MUTUALISTE DE GRENOBLE;380012609;Centre;0;0;251;0;20;271;30;150;150;1354;0;2485;545;1816;6200;291;1163;234;0;;;;;0;;;;86;73;73;1;1;1;1;1;1;5;3;1;1;1;1;1;0;0;0;0;0;1;1;0;0;0;0;3;2;1;1;1;1;3.2;2.6;1.8;1.8;1.5;1.7
DOULEUR;2022;390000040;CH LONS;390780146;Centre;;;;;;;;;;288;;2250;0;1802;4340;375;517;235;;;;;;;;;;0;0;0;1;1;;;;3;0;0;;;;;0;0;;;;;0;0;;;;;0;0;;;;;1;1;0.93;;0.23;1.3
DOULEUR;2022;390000065;CH LOUIS JAILLON SAINT CLAUDE;390780161;Consultation;0;0;158;0;0;158;0;11;;0;0;515;0;0;515;0;305;170;;;;;;;;;;0;0;0;1;1;0;0;0;0;0;0;0;0;0;0;0;0;0;0;0;0;0;0;0;0;0;0;0;0;0;0;0;0;0.2;0.2;0;0;0;0
DOULEUR;2022;400000105;CENTRE HOSPITALIER DAX;400780193;Consultation;0;8;4;0;8;12;0;12;12;580;910;1439;0;1497;3516;95;577;262;0;0;0;0;0;0;0;;0;0;0;15;;;1;;0;0;2;;0;1;2;1;;;;;;;;;;;1;;2;;;1;1;1;0.9;;1.13;0.5;0.54;0.95
DOULEUR;2022;400000139;CHI MONT DE MARSAN ET PAYS DES SOURCES;400011177;Consultation;0;28;62;0;32;94;29;43;7;536;117;2320;0;467;3323;27;1068;259;0;1;0;0;1;1;0;0;0;0;0;0;1;0;7;;1;3;2;2;17;;2;21;0;;3;;;6;1;1;2;;;6;1;1;12;;2;9;2;1;11.9;;2;9.41
DOULEUR;2022;410000020;CH BLOIS SIMONE VEIL;410000087;Consultation;13;17;32;0;9;54;;1;;781;1314;2155;0;1319;4255;300;1217;283;0;0;3;0;0;3;;2;2;0;0;55;1;1;1;1;1;1;;;1;1;1;2;;;1;;;;;;;;;1;;;;1;1;1;1.41;1.41;1.1;1.4;1.29;1.75
DOULEUR;2022;420000010;CH DE ROANNE;420780033;Consultation;;6;6;;6;12;;6;6;794;633;2377;;837;4008;265;1071;285;;6;25;;6;31;6;13;13;0;0;9;;;1;1;1;1;6;3;1;1;2;;2;1;;;;;1;;;;;;3;2;1;1;2;;2.44;1.34;0.96;0.96;0.88;0.94
DOULEUR;2022;420000226;CH DU FOREZ SITE DE MONTBRISON;420013831;Consultation;12;;;;;12;;;;350;2446;2056;;189;2595;35;539;393;0;2;2;;;2;;;;0;0;35;0;0;0;0;0;0;2;0;4;0;1;2;0;0;2;0;0;0;2;0;1;0;0;1;0;0;1;0;1;1;0.64;0;1.36;0;0.5;0.9
DOULEUR;2022;420785354;HOPITAL NORD - CHU42;420784878;Centre;;;233;55;;288;27;123;;680;495;6003;1045;1706;9434;285;3227;1391;;20;288;9;102;399;17;97;32;770;248;92;5;;1;0;1;2;5;;2;0;1;1;;;0;0;0;0;2;;0;0;0;0;3;;2;0;1;1;3.68;;2.79;0;1.13;2.84
DOULEUR;2022;430000117;CH EMILE ROUX LE PUY;430000018;Consultation;7;89;71;;;78;0;120;48;981;1158;1585;;;2566;74;545;252;;;;;;;;;;0;0;64;1;1;1;1;0;1;2;2;1;0;1;5;0;0;0;0;0;1;2;2;0;0;0;4;0;0;1;0;1;0;1.4;1.4;1.2;1;0.5;1.21
DOULEUR;2022;430000299;CH DE CRAPONNE SUR ARZON;430000059;Consultation;;;;;;;;;;148;31;71;;;219;1;;25;;;;;;;;;;0;0;;0;;;;;;1;1;1;1;1;;1;1;1;1;1;;;;;;;;;;;;;;0.05;0.05;0.05;0.05;0.05;
DOULEUR;2022;430000307;CH PIERRE GALLICE DE LANGEAC;430000067;Consultation;;;1;;1;2;;2;2;85;;89;;44;218;2;59;30;;;;;;;;;;0;0;;;;;;;;1;1;1;1;1;1;1;1;1;1;1;1;;;;;;;;;;;;;0.05;0.05;0.05;0.05;0.05;0.05
DOULEUR;2022;440000016;CH DE SAINT NAZAIRE;440000057;Consultation;0;35;16;49;35;100;;59;56;594;782;1712;47;782;3135;137;973;425;8;14;18;1;14;41;;12;10;0;0;62;1;;;;;;3;;2;2;1;3;;;;;;1;;;;;;;3;;2;2;1;2;1.09;;1.2;1.2;0.5;2.1
DOULEUR;2022;440000271;CHU DE NANTES SITE HOTEL DIEU HME;440000289;Centre;12;;21;;;33;;21;21;209;;1926;;;2135;;1532;1409;3;;284;;;287;;161;128;0;0;;9;;0;0;0;0;4;;0;0;0;0;4;;0;0;0;0;;;0;0;0;0;;;0;0;0;0;1.03;;0;0;0;0
DOULEUR;2022;440000412;CLINIQUE BRETECHE VIAUD;440000941;Centre;;;2254;0;0;2254;;;;1407;2319;12708;0;3226;17341;156;4425;793;;;;0;0;0;;;;1256;823;253;3;3;3;1;;2;3;3;8;2;5;4;0;;1;1;;1;1;1;2;;5;2;2;2;5;1;;1;1.1;1.36;7.7;1.84;1;3.1
DOULEUR;2022;440000453;CHU DE NANTES SITE HOPITAL BELLIER;440000289;Consultation;;;6;1;;7;;4;3;;;122;6;;128;;43;20;;;;;;;;;;0;0;;4;;0;0;0;0;0;;0;0;0;0;0;;0;0;0;0;0;;0;0;0;0;0;;0;0;0;0;0.1;;0;0;0;0
DOULEUR;2022;440001113;ICO - SITE GAUDUCHEAU;490017258;Consultation;;;99;;;99;;74;55;152;;1833;;;1985;;772;477;;;;;;;;;;754;373;400;2;;;;1;3;3;;3;;4;1;;;;;;;1;;2;;1;;2;;1;;3;1;1.5;;1;;0.15;1.15
DOULEUR;2022;440017598;CHU DE NANTES SITE LAENNEC;440000289;Centre;2;1;9;;9;20;;8;3;204;165;2420;247;587;3458;;1803;889;;;6;1;7;14;;6;5;857;531;;25;;4;;1;3;15;;3;;0;3;15;;0;;0;0;;;0;;0;0;;;3;;0;3;3.34;;5.29;;0.5;3.54
DOULEUR;2022;440041580;HOPITAL PRIVE DU CONFLUENT;440041572;Centre;9;3;78;0;150;237;;42;4;66;408;4585;0;239;4890;;2889;1457;0;7;97;;4;101;;;;1573;946;;2;;;;;;2;;33;;1;30;2;;33;;;30;0;;;;1;;;;;;;;0.26;;4.37;;0.32;2.35
DOULEUR;2022;450002613;CHR ORLÉANS - HÔPITAL DE LA SOURCE;450000088;Centre;;703;403;;0;403;80;3;;;1181;1724;;0;1724;;;;;2;0;;0;0;;;;0;0;89;3;;4;;3;11;;;;;;;;;;;;;;;;;;;;;;;;;2.7;;4.8;;0.3;5.8
DOULEUR;2022;460000110;CH JEAN ROUGIER CAHORS;460780216;Consultation;63;45;232;;60;355;504;;;412;380;1385;;324;2121;;681;349;;;;;;;;;;0;0;156;0;;1;;0;0;2;;0;;1;1;0;;0;;0;0;0;;0;;0;0;2;;0;;1;1;1;;1;;0.5;0.5
DOULEUR;2022;470000423;CH AGEN NERAC - HOPITAL SAINT-ESPRIT;470016171;Consultation;;;71;;;71;;;;228;143;1658;;58;1944;;925;433;;;;;;;;;;0;0;0;1;;0;;0;1;0;;1;;2;0;;;;;1;;;;;;1;;;;1;;;;1;;0.83;;0.35;1
DOULEUR;2022;470000431;CH VILLENEUVE -POLE SANTE VILLENEUVOIS;470000324;Consultation;;;;;;;;;;;;384;;;384;;;;;;;;;;;;;0;0;;1;;;2;;;;;;;;;;;;;;;;;;;;;;;;;;;0.2;;;0.2;;
DOULEUR;2022;480000017;HOPITAL LOZERE SITE VALLEE DU LOT;480780097;Consultation;;;;;;;;;;;;26;;;26;;;;;;;;;;;;;0;0;;;;;;;;;;;;;;;;;;;;;;;;;;;;;;;;;;;;;
DOULEUR;2022;490000049;CHR ANGERS SITE LARREY;490000031;Centre;0;0;0;0;0;0;0;0;0;1145;1159;2429;190;721;4485;166;1224;401;334;188;390;0;188;912;100;135;93;0;0;55;0;;1;;0;1;9;;3;;3;1;4;;;;;;3;;;;;;2;;3;;3;1;2.14;;2.5;;1.08;1.5
DOULEUR;2022;490000155;ICO - SITE PAUL PAPIN;490017258;Centre;;;104;;;104;48;76;4;136;;2743;;;2879;;1197;541;;;;;;;;;;4485;1010;201;2;2;;;;;8;8;4;3;1;4;5;5;;;1;2;1;1;4;3;;;2;2;;;;2;3.7;3.7;1.5;1.12;0.1;1
DOULEUR;2022;490000635;CH DE CHOLET;490000676;Consultation;1;;7;;;8;;5;4;;;;;;;;;;;;;;;;;;;0;0;;;;;;;;3;;2;2;;1;2;;;;;;1;;2;2;;1;;;;;;;0.37;;0.36;0.36;;0.41
DOULEUR;2022;500000021;CHAG - SITE AVRANCHES;500000054;Consultation;10;146;263;;73;346;;10;10;473;2059;1230;29;821;2553;85;505;304;;;;;;;;;;0;0;16;;;1;1;;;3;3;;;1;1;1;1;;;;;1;1;;;1;;1;1;;;;1;1;1;1;1;0.28;0.52
DOULEUR;2022;500000187;CHPC - SITE CHERBOURG;500000013;Consultation;;;163;;120;283;;;;401;420;1999;158;1509;4067;68;1116;283;;;;;;;;;;0;0;;;;1;;;1;2;;;;1;;1;;;;;;;;;;1;;1;;;;;;0.9;;1;;0.5;1
DOULEUR;2022;500000260;CHAG - SITE GRANVILLE;500000054;Consultation;10;146;263;;73;346;;11;11;473;2059;1230;29;821;2553;86;505;305;;;;;;;;;;0;0;16;;;;;;;1;1;1;1;1;1;;;;;;;1;1;;;1;;;;1;1;;1;0.3;0.3;0.5;0.5;0.28;0.52
DOULEUR;2022;500000450;CH MEMORIAL - SAINT-LO;500000112;Consultation;;100;100;;;100;;;;557;533;3631;;;4188;95;1169;239;;;28;;;28;1;3;;0;0;96;2;;3;2;;1;;;;;1;;;;;;;;;;;;;;;;;;1;;2;;2.88;1.86;1.2;1.07
DOULEUR;2022;510002447;HOPITAL ROBERT DEBRE CHU REIMS;510000029;Consultation;22;0;103;;;125;;;;111;0;2736;;1320;4167;170;1480;500;0;0;62;;66;128;;50;;0;0;103;6;;1;;1;2;;;0;;0;0;;;0;;0;0;;;0;;0;0;;;0;;0;0;3.43;;0.8;;0.13;1.3
DOULEUR;2022;520000027;CENTRE HOSPITALIER DE CHAUMONT;520780032;Consultation;;;0;;;0;;0;0;;;277;;;277;;128;42;;;2;;;2;;1;0;0;0;;;;;;;;1;;;;;;1;;;;;;;;;;;;;;;;;;0.1;;;;;
DOULEUR;2022;520000043;CENTRE HOSPITALIER DE LANGRES;520780057;Consultation;;;0;0;0;0;;0;;;;212;0;0;212;;96;14;;;0;0;0;0;;;;0;0;;;;;;;;;;;;;;;;;;;;;;;;;;;;;;;;;;;;;
DOULEUR;2022;520000068;CH GENEVIEVE DE GAULLE ANTHONIOZ;520780073;Consultation;500;91;1030;0;568;2098;80;402;165;;;511;;;511;;;;;;13;;;13;;;;363;83;;1;;1;;;;;;;;1;2;;;;;;;;;;;;2;;;;;1;;1;;1;;0.7;0.48
DOULEUR;2022;530000017;CH HAUT ANJOU SITE CHATEAU GONTIER;530000025;Consultation;;;;;;;;;;601;1846;1461;;1227;3289;257;1055;596;;;;;;;;10;8;540;247;;;;2;2;1;;1;1;3;3;;2;;;1;1;;;;;1;1;;1;1;1;1;1;;1;0.5;0.5;2.9;2.9;1;0.8
DOULEUR;2022;540001138;CHRU NANCY - HOPITAL CENTRAL;540023264;Consultation;10;202;242;0;210;462;27;1578;626;1579;6;2434;30;241;4284;;;;0;0;0;0;0;0;;;;0;0;58;2;;1;;2;1;;;;;;;;;;;;;;;;;;;;;;;;;0.93;;0.89;;1.6;1.2
DOULEUR;2022;540001286;INSTITUT DE CANCEROLOGIE DE LORRAINE;540003019;Consultation;417;106;1449;26;771;2663;36;436;141;514;108;1654;91;1199;3458;446;629;283;;;;;;;;;;0;0;1;3;2;3;2;2;1;3;;1;;1;1;;;;;;;;;;;;;3;;1;;1;1;1.8;0.8;1.8;1.3;0.8;0.5
DOULEUR;2022;540002698;CHRU NANCY - HOPITAUX DE BRABOIS;540023264;Centre;;;55;;5;60;;;;235;1;121;;;356;49;0;0;235;1;176;0;54;465;49;0;0;0;0;108;1;;;;;1;;;;;2;;;;;;;;;;;;;;;;;;2;;0.28;;;;0.73;0.3
DOULEUR;2022;550000012;CH VERDUN/ST MIHIEL-HOP ST NICOLAS;550006795;Consultation;2;147;135;;163;300;300;51;30;542;318;1271;;318;2131;2131;570;197;;20;10;;;10;30;10;10;0;0;1;;;;;;;;1;;;;;;;;;;;;;;;;;;1;;;;;;0.97;0.9;;0.08;0.51
DOULEUR;2022;560000127;CHBA SITE DE VANNES;560023210;Consultation;23;;224;;;247;;142;115;664;;2455;;;3119;;1088;343;5;;37;;;42;;15;11;675;285;;3;3;0;;0;0;2;2;9;;1;8;;;0;;0;7;;;7;;0;1;2;2;2;;1;;2.1;2.1;3.11;;0.8;0.99
DOULEUR;2022;560000143;CHCB- SITE KÉRIO;560014748;Consultation;;;65;;;65;;;;354;;887;;815;2056;;483;265;;;;;;;;;;439;172;;1;;;;;1;1;1;;1;1;;;;;;;;;;;;;;1;1;;1;1;;1.56;0.6;;0.9;0.5;0.8
DOULEUR;2022;560000192;CENTRE HOSPITALIER DE PLOERMEL;560000044;Consultation;19;42;154;;41;214;;60;60;32;367;406;;290;728;16;135;68;;;;;;;;;;0;0;11;;;;;;;1;1;1;1;1;1;;;;;;;;;1;1;1;;1;1;;;;1;0.6;0.6;0.3;0.3;0.2;0.6
DOULEUR;2022;560002933;CLINIQUE MUTUALISTE PORTE DE L'ORIENT;560026965;Consultation;;;;;;;;;;719;351;2026;;1205;3950;300;1306;673;;;;;;;;;;0;0;106;2;1;2;;;2;;;1;;2;2;;;;;;1;;;;;2;;;;1;;;1;2;1;2.51;;0.73;2.84
DOULEUR;2022;570000281;HOPITAL D'HAYANGE - CHR;570005165;Consultation;;;6;;;6;;5;5;781;;701;;;1482;76;415;233;;;;;;;;;;0;0;;3;;;;0;;0;;;;1;;;;;;;;;;;;;;;;;;1;;0.23;;;;0.8;
DOULEUR;2022;570000901;HOPITAL ROBERT PAX DE SARREGUEMINES;570000158;Centre;;;59;;;59;;;;588;399;1328;353;70;2339;8;534;280;;;9;;;9;;4;3;0;0;8;;;;;;3;1;1;1;1;1;;;;;;;;;;;;;;1;1;1;1;1;;0.7;0.7;0.8;0.8;0.8;1.05
DOULEUR;2022;570001057;HOPITAL BELLE-ISLE DE METZ - HPM;570023630;Centre;;;;;;;;;;;;1929;;;1929;;1141;;;;;;;;;;;3753;1670;;3;;10;;;5;;;3;;;2;;;;;;;;;;;;;;;3;;;2;3;;10.87;;;5.95
DOULEUR;2022;570026682;HOPITAL DE MERCY - CHR METZ THIONVILLE;570005165;Consultation;;;16;;;16;;;;576;;2319;;470;3365;51;778;300;;;;;;;;;;0;0;;3;;1;0;0;1;0;;1;0;1;0;;;;;;;;;;;;;;;1;;1;;2.2;;0.99;0;0.75;0.96
DOULEUR;2022;590000188;CLCC OSCAR LAMBRET LILLE;590780334;Centre;25;0;267;186;0;478;0;151;91;155;0;1364;371;0;1890;0;636;346;0;0;2;1;0;3;0;1;1;0;0;20;;;;;;;8;3;1;;1;2;4;1;1;;;;3;1;;;1;;1;1;;;;2;1.6;0.9;0.1;;0.2;1
DOULEUR;2022;590000337;CH DUNKERQUE;590781415;Consultation;4;739;75;0;368;447;0;105;56;97;320;311;0;322;730;206;190;151;;;;;;;;;;0;0;36;;;1;;;;1;;;;1;;;;;;;;;;;;;;1;;;;1;;0.5;;1;;0.21;
DOULEUR;2022;590000428;CH CAMBRAI;590781605;Consultation;;;;;;;;;;;;955;;;955;;;;;;;;;;;;;0;0;;1;1;2;1;;1;;;;;;1;;;;;;;;;;;;;;;;;;1;1;1;2;1;;1.5
DOULEUR;2022;590000436;CH LE CATEAU;590781621;Consultation;0;0;0;0;0;0;0;0;0;130;;1528;;1432;3090;130;530;240;;;;;;;;;;0;0;0;;;;;;;2;1;;2;1;1;;;;;;;1;;;;;1;1;1;;2;1;;0.8;0.6;;1.2;0.4;0.3
DOULEUR;2022;590000618;CH VALENCIENNES;590782215;Centre;;;;;;;;;;364;431;4123;;866;5353;76;2340;1154;20;;284;;;304;;132;;954;812;76;6;;3;1;;8;6;1;3;3;1;1;;;;;;;3;;;;;;3;1;3;3;1;1;5.55;0.77;4.85;3.82;0.8;5.61
DOULEUR;2022;590000774;CH HAZEBROUCK;590782652;Consultation;;;307;;;307;;170;145;;;;;;;;;;;;;;;;;;;0;0;;;;;;;;1;;;;;;;;;;;;1;;;;;;;;;;;;0.2;;;;;
DOULEUR;2022;590001004;CH DOUAI DECHY;590783239;Consultation;;;75;;;75;;;;372;357;2597;;492;3461;230;1531;636;3;3;46;;2;51;;44;22;0;0;20;1;1;1;1;;1;3;1;;;1;;2;;;;;;;;;;;;1;1;;;1;;1.7;1.5;1;1;0.5;1.1
DOULEUR;2022;590001442;CH ZUYDCOOTE;590784245;Consultation;0;0;0;0;0;0;0;0;0;395;204;419;152;;966;10;305;221;;49;49;;;49;;;;0;0;28;;3;;2;1;2;;;;1;;1;;;;;;1;;;;;;;;;;1;;;;0.52;;0.77;0.5;0.2
DOULEUR;2022;590006607;HOP JEANNE DE FLANDRE CHR LILLE;590780193;Centre;10;10;10;;10;30;;;;256;139;442;38;245;981;80;346;201;246;129;432;38;235;951;80;346;201;0;0;12;;;;;;;2;1;1;1;1;1;1;;;;;;;;;;;;1;1;1;1;1;1;0.6;0.6;0.5;0.5;0.5;0.51
DOULEUR;2022;590780284;GCS GHICL HÔPITAL ST PHILIBERT;590051801;Consultation;;;115;;35;150;;99;;70;;327;;412;809;;271;;;;2;;3;5;;2;;28;15;;2;2;1;;;;;;;;;;;;;;;;;;;;;;;;;;;;1.3;1.3;0.4;;;
DOULEUR;2022;590790655;SAINT ROCH CHIRURGIE;440052041;Consultation;;;;;;;;;;80;20;2500;;150;2730;89;89;;;;;;;;;;;834;348;84;2;2;4;3;1;2;;;;;;;;;;;;;;;;;;;;;;;;;1.5;1.5;4;3;0.5;2
DOULEUR;2022;590796975;HOP SALENGRO - HOPITAL B CHR LILLE;590780193;Centre;;;;;;;;;;535;0;2910;104;100;3649;300;2168;1325;;;;;;;;;;0;0;100;1;1;;;;2;10;1;3;;2;2;5;;3;;;;4;;;;;;1;1;;;2;2;2.19;1.1;0.3;;1.6;2.8
DOULEUR;2022;590797353;GCS GHICL HOPITAL SAINT VINCENT -;590051801;Centre;76;;8;;82;166;52;8;;354;;810;;205;1369;28;578;;9;;18;;6;33;5;13;;0;0;78;;3;1;1;0;;;;;;2;;;;;;;;;;;;;;;;;;2;;;1.8;0.6;0.6;1;
DOULEUR;2022;590801106;HOPITAL VICTOR PROVO;590782421;Consultation;;;;;;;;;;592;;1093;;302;1987;400;650;376;;;;;;;;;;0;0;;0;0;0;;0;0;4;4;1;;2;3;1;1;0;;0;0;2;2;0;;0;0;1;1;1;;2;3;0.74;0.74;0.4;;0.99;1.35
DOULEUR;2022;590811279;HOP CLAUDE HURIEZ CHR LILLE;590780193;Centre;;;;;;;;;;759;566;6544;0;2203;9506;534;3444;1682;;;;;;;;;;5;5;264;1;1;2;;1;2;1;1;2;;1;1;;;;;;;;;;;;;1;1;2;;1;1;2.62;2.5;2.87;;1.6;2.14
DOULEUR;2022;600000053;CH GHPSO SENLIS;600101984;Consultation;;;119;;119;238;;111;111;1211;134;1097;;825;3133;137;1003;394;;;;;;;;;;0;0;137;;;;;1;;5;2;3;1;;1;3;;;;;;2;2;;;;;;;3;1;;1;1.25;0.65;1.5;0.5;1;0.9
DOULEUR;2022;600000194;CH BEAUVAIS;600100713;Consultation;;;;;;;;;;;;;;;;;;;;;;;;;;;;93;81;;;;3;;;;4;;;;2;2;1;;;;;;2;;;;;1;1;;;;2;1;1.07;;2.13;;0.89;1.05
DOULEUR;2022;600113476;CH CHICN COMPIÈGNE;600100721;Centre;;;;;;;;;;;;491;;;491;;;;;;;;;;;;;107;55;2076;;;;;;;3;;4;;3;1;2;;;;1;1;1;;1;;1;;;;3;;1;;0.49;;2.21;;1.01;0.1
DOULEUR;2022;610000051;CHICAM - SITE ALENCON;610780082;Consultation;4;7;15;;9;28;;;;257;353;1265;36;313;1871;60;644;294;;2;2;;2;4;;;;0;0;;;;;;;;1;;1;1;1;1;;;;;;;;;;;;;1;;1;1;1;1;0.8;;0.92;0.92;0.8;0.8
DOULEUR;2022;610000069;CENTRE HOSPITALIER D'ARGENTAN;610780090;Consultation;;17;171;;152;323;;;;47;915;410;;540;997;98;193;76;;;;;;;;;;110;49;0;;;;;;;1;1;1;1;1;1;;;;;1;1;;;;;;;1;1;1;1;;;0.5;0.5;0.7;0.7;0.1;0.01
DOULEUR;2022;610000119;CH  JACQUES MONOD  - FLERS;610780165;Consultation;;;;;80;80;;;;651;171;447;0;722;1820;91;157;86;;;;;;;;;;0;0;;;;1;;;;4;4;1;;1;1;3;3;;;;;1;1;1;;1;;;;;;;1;0.5;0.5;1.3;;0.4;0.7
DOULEUR;2022;620000026;ETAB HOPALE CTRE CALOT/HELIO;620003814;Centre;;;115;;;115;;;;840;;4526;;316;5682;165;2670;1900;;;;;;;;;;2577;1341;65;5;5;11;11;3;14;;;;;1;1;;;;;;;;;;;;;;;;;1;1;5;5;11;11;3.5;14.5
DOULEUR;2022;620000034;CH ARRAS;620100057;Consultation;0;0;0;0;0;0;0;0;0;585;;1655;;1106;3346;417;773;368;23;;1632;;;1655;;;;278;159;94;2;2;;;;;1;1;3;1;2;3;;;;;;3;;;;;;;1;;3;;2;;1.6;1.6;1.21;0.5;0.9;0.7
DOULEUR;2022;620000224;CH BETHUNE;620100651;Centre;;;100;;;100;;;;390;;3686;;614;4690;;1800;842;;;;;;;;;;761;441;;1;;2;2;;;4;;;;2;2;1;;;;;;2;;;;;;1;;;;2;2;2.25;;2;2;1;1
DOULEUR;2022;620000257;CH LENS;620100685;Consultation;;;71;;;71;;;;362;;1991;;337;2690;;1078;643;;;;;;;;;;0;0;61;;;0;;0;;6;4;3;2;1;3;3;2;1;1;;1;0;;;0;;1;3;2;2;1;1;1;1.56;1.06;1.39;0.91;0.49;1
DOULEUR;2022;620000349;CH REGION DE ST OMER;620101360;Consultation;6;46;66;;;72;;43;41;375;150;431;;;806;30;293;209;;;;;;;;;;37;29;22;;;;;;;1;;1;1;;2;;;;;;1;;;1;1;;1;1;;;;;;0.4;;0.3;0.3;0;0.38
DOULEUR;2022;620000653;CH BOULOGNE-SUR-MER;620103440;Consultation;19;219;16;;138;173;;13;13;560;232;1180;;431;2171;;596;376;7;7;77;;2;86;;42;42;0;0;64;;;1;1;;;4;2;;;2;2;2;;;;1;;1;1;;;;2;1;1;;;1;;1.07;0.98;1;1;0.55;0.5
DOULEUR;2022;620100099;HOPITAL PRIVE ARRAS LES BONNETTES;620014779;Consultation;;1089;1148;;1089;2237;342;;;42;547;660;;547;1249;206;342;206;;;;;;;;;;0;0;162;;;;;;;2;2;3;3;;;;;;;;;2;2;3;3;;;;;;;;;;;0.5;0.4;;
DOULEUR;2022;630000404;HOPITAL GABRIEL MONTPIED - CHU63;630780989;Centre;;;;;;;;;;788;;3125;191;688;4792;120;1788;713;;;197;;120;317;;146;105;1050;379;60;6;3;;;;1;;;2;;1;3;;;;;;;;;;;;;;;2;;1;3;2.6;1.8;1;;0.8;2.94
DOULEUR;2022;630000420;CH PAUL ARDIER ISSOIRE;630781003;Consultation;;;;;;;;;;11;669;1408;;;1419;0;475;185;;;;;;;;;;0;0;0;;;;;;;1;1;1;1;1;1;;;;;;;;;;;1;;1;1;1;1;;1;0.4;0.4;0.4;0.4;0.25;0.5
DOULEUR;2022;630000446;CH DE THIERS;630781029;Consultation;;;;;;;;7;342;;;;;;;;260;260;;;;;;;;;0;0;0;;0;;;;0;;1;;;;1;;0;;;;1;;0;;;;0;;1;;;;0;;0.4;;;;0.1;
DOULEUR;2022;630000479;CENTRE LUTTE CONTRE LE CANCER J.PERRIN;630781110;Consultation;105;455;411;16;229;761;;149;93;207;15;1028;41;220;1496;;334;192;;0;0;;0;0;;0;0;0;0;;1;1;1;1;0;0;2;2;;;;;0;0;;;;;1;1;;;;;1;1;;;;;1.62;2;1;1;0;0
DOULEUR;2022;640000162;CH DE LA COTE BASQUE - BAYONNE;640780417;Consultation;;;;;;;;;;229;;870;;1191;2290;112;414;320;3;;74;;16;93;3;6;5;0;0;81;1;;1;;;;1;;;;1;3;;;;;;1;1;;;;1;1;;;;;;1;1.2;;1;;0.3;0.98
DOULEUR;2022;640000600;CENTRE HOSPITALIER DE PAU;640781290;Consultation;;;;;;;;;;436;969;1105;;969;2510;127;647;202;;;;;;;;;;0;0;15;;;1;;;1;2;;;;1;;1;;;;;;;;;;;;1;;;;1;;0.74;;1;;0.5;1
DOULEUR;2022;650000417;CH BIGORRE SITE GESPE TARBES;650783160;Centre;1;;0;0;;1;;1;1;255;;509;159;376;1299;;331;153;0;;1;0;2;3;;1;1;0;0;;1;1;;;;;1;;;;;;1;;;;;;;;;;;;;;;;;;1.2;1;;;;
DOULEUR;2022;660000084;CH PERPIGNAN;660780180;Consultation;;;189;;259;448;15;198;6;64;;2347;;1537;3948;156;1161;390;0;;13;;6;19;0;8;5;0;0;202;2;1;2;;;1;;;;;1;;;;;;1;;;;;;;;;;;;;;2;1;1.33;;0.13;1
DOULEUR;2022;670000157;CENTRE HOSPITALIER DE HAGUENAU;670780337;Consultation;;;11;;;11;;;;666;;733;;579;1978;341;495;105;;;;;;;;;;201;97;5;1;;;;;;2;1;1;1;1;5;1;;;;;3;;;;;;;1;1;1;1;1;2;0.82;0.6;0.8;0.8;0.5;1.3
DOULEUR;2022;670783273;HOPITAL DE HAUTEPIERRE;670780055;Centre;;;104;4;;108;;381;;357;;3311;1140;116;4924;235;2462;;;;;252;;252;;22;;1333;518;46;4;3;4;2;;3;4;2;1;;2;;;;1;;2;;2;;;;;;2;2;;;;;6.35;4.35;2.27;2;0.47;3.03
DOULEUR;2022;670797539;CLINIQUE DE LA TOUSSAINT;670014604;Consultation;;;209;22;;231;;;;;;1433;398;;1831;;;;;;;;;;;;;175;110;;;;;;;;5;;;;;;1;;;;;;1;;;;;;3;;;;;;4.5;;;;;
DOULEUR;2022;680000601;HOPITAL DE THANN;680020336;Consultation;;;;;;;;;;;;208;;;208;;130;;;;;;;;;;;0;0;;;;2;;;4;;;;;1;1;;;;;;;;;;;;;;;;;1;1;;;0.26;;0.13;1.3
DOULEUR;2022;680000684;HOPITAL LOUIS PASTEUR;680000973;Centre;22;0;678;4;525;1229;;279;110;433;0;2791;112;192;3528;;996;535;0;0;65;0;4;69;;29;18;16;16;115;1;1;;;;1;3;2;3;1;1;2;1;0;;;;;0;;;;;;2;2;3;1;1;2;2.49;2.39;0.81;0.37;0.5;1.72
DOULEUR;2022;680004546;HOPITAL EMILE MULLER;680020336;Centre;;;;;;;;;;180;840;3527;;;3707;12;1152;;;;;;;;;;;0;0;20;;;2;1;1;1;2;;;;;;1;;;;;;;;;;;;1;;;;;;0.8;;1.75;1;0.52;1.06
DOULEUR;2022;690000880;CENTRE LEON BERARD;690783220;Consultation;650;376;682;;606;1938;;441;157;163;;1433;;2160;3756;;677;60;0;;;;;0;;;;592;331;424;4;4;4;3;1;1;2;;;;;;1;;;;;;;;;;;;1;;;;;;2.25;4;2.5;1.87;0.5;1
DOULEUR;2022;690041132;MEDIPOLE HOPITAL MUTUALISTE;690006598;Consultation;416;6;827;6;27;1276;63;462;341;322;82;3386;48;265;4021;132;1692;738;0;0;3;0;0;3;0;3;3;0;0;101;0;0;0;0;0;0;7;6;1;1;1;1;2;1;0;0;0;0;1;1;1;1;1;0;4;4;0;0;0;1;2.45;2.4;0.25;0.25;0.35;1.5
DOULEUR;2022;690784137;HOPITAL LYON SUD - HCL;690781810;Consultation;6;0;0;11;0;17;0;15;13;472;147;404;894;237;2007;2540;913;452;0;0;6;4;0;10;0;8;5;0;0;180;;;;;;1;1;;;;;;;;;;;;1;;;;;;;;;;;;0.2;;;;;1.49
DOULEUR;2022;690784152;HOPITAL CROIX-ROUSSE - HCL;690781810;Consultation;7;0;127;37;365;536;0;127;79;240;202;1926;469;880;3515;500;952;398;;0;7;;0;7;0;2;2;486;166;50;;;1;;;1;4;;1;;3;;2;;;;3;;1;;1;;;;1;;;;;;1.14;;1;;0.44;2.32
DOULEUR;2022;690784178;HOPITAL PIERRE WERTHEIMER - HCL;690781810;Centre;2;0;2113;9;0;2124;0;687;208;979;203;3305;1440;638;6362;435;2740;1029;180;0;368;14;104;666;0;226;109;143;141;135;1;;3;;;6;2;;1;;1;1;1;;;;;;1;;1;;;;;;;;1;1;1.38;;4.09;;1;5.08
DOULEUR;2022;690805361;CH ST JOSEPH ST LUC;690805353;Consultation;;;;;;;;;;317;123;1121;221;250;1909;5;871;408;;;;;;;;;;0;0;11;;;;;;;5;5;1;1;1;1;3;3;;;;;1;1;;;1;;1;1;1;1;;1;0.95;0.95;0.54;0.54;0.29;0.57
DOULEUR;2022;700000029;GH HAUTE SAONE SITE VESOUL;700004591;Consultation;0;0;494;0;115;609;129;746;251;354;0;1513;0;769;2636;;;;;;;;;;;;;464;170;0;;;;;;;1;1;1;1;1;3;;;;;;1;;;;;;;1;1;1;1;1;2;0.8;0.8;0.82;0.82;0.44;0.77
DOULEUR;2022;710978263;CH WILLIAM MOREY CHALON SUR SAONE;710780958;Consultation;;;27;;775;802;;;;152;;1060;103;108;1423;50;614;281;;;6;;;6;;4;;0;0;0;;;;;;;4;2;;;;;1;;;;;;;;;;;;3;2;;;;;2.13;0.93;;;;
DOULEUR;2022;710978289;CH LES CHANAUX MACON;710780263;Centre;0;;41;0;;41;;;;258;149;2538;0;24;2820;21;942;353;;;;;;;;;;0;0;0;2;;2;;1;3;1;;1;;;;;;;;;;;;;;;;1;;1;;;;1.2;;1.1;;0.3;1.3
DOULEUR;2022;720000033;CENTRE HOSPITALIER DU MANS;720000025;Consultation;;;118;0;8;126;300;58;36;425;1429;3196;0;1370;4991;;987;431;;19;111;0;19;130;;76;;379;156;65;1;1;;;0;0;4;1;2;1;1;2;2;;;;;2;2;1;1;;1;0;0;;1;1;;;1.65;1.2;1.04;0.8;0.2;0.26
DOULEUR;2022;720017748;CENTRE MEDICO CHIRURGICAL DU MANS;720000561;Consultation;;;;;;;;;;818;3043;1958;0;275;3051;73;1408;324;;;;;;;;;;611;298;45;;;1;1;1;1;6;3;2;2;;2;;;;;;;5;3;;;;;1;;2;2;;2;1.5;0.7;2.5;2.5;1;2.3
DOULEUR;2022;730000031;CHMS CHAMBERY NH;730000015;Centre;;;28;;;28;322;;;335;1086;1420;;1273;3028;;675;248;;;4;;5;9;;;1;221;93;82;;;;;;;3;3;3;3;1;3;;;;;;;1;1;;;;1;2;2;3;3;1;2;1.17;1.17;1.8;1.8;0.5;1.5
DOULEUR;2022;730000247;CH DE BOURG ST MAURICE;730780525;Consultation;;;2;;;2;;2;2;;;69;;;69;;33;25;;;0;;;0;;0;0;0;0;;0;;0;;0;0;1;;0;;0;0;1;;0;;0;0;0;;0;;0;0;0;;0;;0;0;0.1;;0;;0;0
DOULEUR;2022;730783644;CHMS AIX REINE HORTENSE;730000015;Centre;;;;;;;450;;;367;;514;;565;1446;;352;142;;;;;;;;;;0;0;450;;;3;;;3;3;;5;;4;6;;;;;0;1;1;;1;;4;1;2;;4;;;4;1.46;;6.28;;1.11;6.18
DOULEUR;2022;740000237;CH ANNECY-GENEVOIS SITE ANNECY;740781133;Centre;0;114;155;0;156;311;205;123;113;270;1142;3365;122;0;3757;0;1525;766;0;1;2;0;2;4;0;3;3;375;186;143;0;0;1;;;0;3;3;1;;;1;1;1;;;;;1;1;;;;;1;1;1;;;1;2.13;2.13;1.91;;0.36;1.87
DOULEUR;2022;740000328;HOPITAUX DU LEMAN;740790381;Centre;;;;;;;;;;327;;;;157;484;;;;;;;;;;;;;0;0;;;;;;;;;;2;2;1;;;;;;;;;;1;1;;;;;1;1;1;;;;0.31;0.31;0.77;
DOULEUR;2022;740781141;CH ALPES LEMAN;740790258;Consultation;;;;;;;;;;;;;;;;;;;;;;;;;;;;71;25;;0;;;;;;3;3;1;;1;;1;1;1;;;;1;1;;;1;;1;1;;;;;1.19;1.19;0.17;;0.2;
DOULEUR;2022;750000499;CH SAINTE ANNE;750062036;Consultation;;267;32;;18;50;;32;30;818;;1588;;600;3006;140;745;190;;;;;;;;;;205;106;20;2;;1;1;1;2;;;;;;;0;;;;;;;;;;;;;;;;;;1.1;;1;1;1;2
DOULEUR;2022;750000523;GH PARIS SITE SAINT JOSEPH;750150120;Centre;0;;100;;30;130;20;130;;523;;3094;;563;4180;406;1737;782;0;;30;;5;35;;;30;379;204;251;0;;2;1;;;10;3;1;;2;4;3;1;;;;4;3;;1;;1;;4;2;;;1;;3.75;1.4;2.2;1;0.7;0.4
DOULEUR;2022;750000549;HOPITAL FONDATION A DE ROTHSCHILD;750150229;Centre;0;;220;;0;220;0;102;17;589;;2706;;193;3488;0;1138;189;0;;7;;1;8;0;0;0;1085;482;272;3;3;1;;1;1;7;7;;;1;;;;;;;;5;5;;;;;2;2;;;1;;5.34;5.34;1.03;;0.95;0.97
DOULEUR;2022;750100042;HU SAINT LOUIS SITE LARIBOISIERE APHP;750712184;Centre;;487;33;;211;244;;16;16;560;;3263;;;3823;;1602;968;;;;;;;;;;602;252;81;3;;2;2;1;1;5;;;;;;4;;;;;;1;;;;;;;;;;;;3.3;;2;2;1;1
DOULEUR;2022;750100075;HU SAINT LOUIS SITE SAINT LOUIS APHP;750712184;Consultation;;8;1232;8;;1240;;;;1455;365;2380;199;;4034;;;;;;;;;;;;;0;0;;2;;2;;;1;3;;;;1;;1;;;;;;2;;;;;;;;;;1;;2.5;;2;;0.9;1
DOULEUR;2022;750100083;HU EST PARISIEN SITE ROTHSCHILD APHP;750712184;Consultation;;522;186;;419;605;;186;186;;810;855;;331;1186;;398;284;;;;;;;;;;93;61;28;1;1;1;1;;;;;;;;1;;;;;;;;;;;;1;;;;;;;1;1;1;1;;0.5
DOULEUR;2022;750100091;HU EST PARISIEN SITE ST ANTOINE APHP;750712184;Centre;662;360;2117;;360;3139;50;2117;2117;433;522;2910;;522;3865;80;1734;395;;;;;;;;;;503;257;80;1;;3;2;1;3;3;;;;3;3;;;;;;;3;;;;3;3;;;;;;;4.2;;2.4;2;2.2;4
DOULEUR;2022;750100109;HU EST PARISIEN SITE TROUSSEAU APHP;750712184;Centre;;116;;;770;770;;;;1474;410;;;578;2052;;;;1474;410;;;578;2052;;;;56;0;100;3;;2;;3;1;1;;;;1;2;;;;;;;1;;;;1;1;;;;;;1;3.3;;2;;3.4;2.2
DOULEUR;2022;750100125;HU PITIE SALPETRIERE APHP;750712184;Centre;;;344;;0;344;;344;344;313;115;2563;151;115;3142;;1685;480;;;;;;;;;;761;290;15;2;;1;1;;;1;;;;1;2;;;;;;;;;;;;;1;;;;1;2;2.8;;1;1;0.5;1.5
DOULEUR;2022;750100166;HU PARIS CENTRE SITE COCHIN APHP;750712184;Centre;1008;234;3789;;597;5394;;2022;1341;;;;;;;;;;;;;;;;;;;1447;691;300;4;2;1;;1;4;5;;;;;;4;;;;;;;;;;;;1;;;;;;4.2;;;;;
DOULEUR;2022;750100208;HU NECKER ENFANTS MALADES APHP;750712184;Consultation;;;;3304;;3304;;;;1052;;;3320;344;4716;0;833;710;930;;;3259;183;4372;;;549;13;13;272;;;2;2;1;;6;1;;;;3;;;;;;;;;;;;;;;;;;;2.4;0.5;2;2;1;1.25
DOULEUR;2022;750100232;HU PARIS NORD SITE BICHAT APHP;750712184;Consultation;0;0;5;0;0;5;0;5;5;0;0;373;0;0;373;0;266;35;0;0;0;0;0;0;0;0;0;0;0;0;1;1;0;;0;0;;;0;;0;0;;;;;;;;;;;;;;;;;;;1;1;0;;0;0
DOULEUR;2022;750100273;HU EST PARISIEN SITE TENON APHP;750712184;Consultation;;;;;214;214;;;;632;126;;;120;752;;;;;;;;;;;;;0;0;50;1;;1;;1;;1;;;;;1;;;;;;;1;;;;;;;;;;;1;1.5;;1;;1;0.8
DOULEUR;2022;750160012;CLCC INSTITUT CURIE;750813321;Consultation;;;;;;;;;;79;461;1889;107;312;2387;30;808;381;;;;;;;;;;0;0;30;2;1;2;2;;1;5;5;;;1;;3;3;;;1;;2;2;;;;;0;0;;;;;2.85;1.85;2;2;0.1;1
DOULEUR;2022;750300857;CLINIQUE REMUSAT;750062218;Consultation;;23;;;;;;;;;;;;;;;;;;;;;;;;;;0;0;;2;1;;;;;0;0;;;;;0;0;;;;;0;0;;;;;0;0;;;;;2;1;;;;
DOULEUR;2022;750803447;HU PARIS OUEST SITE G POMPIDOU APHP;750712184;Consultation;;192;2013;;1402;3415;814;915;249;445;256;3537;;351;4333;320;1270;346;;;;;;;;;;358;124;320;2;2;1;1;;1;6;6;1;1;1;;;;;;;;5;5;;;;;1;1;1;;1;;4;4;1.8;;0.5;1
DOULEUR;2022;750803454;HU ROBERT DEBRE APHP;750712184;Centre;;200;727;;2000;2727;;;;266;80;1002;;80;1348;;577;453;210;;200;;100;510;;;;0;0;0;1;;2;;1;1;4;;;;;;3;;;;;;1;;;;;;0;;;;;;1.6;;2;;0.72;0.4
DOULEUR;2022;760000018;CH DIEPPE;760780023;Consultation;0;501;69;0;162;231;;;;398;;1754;0;1979;4131;283;1006;416;0;0;;0;;0;0;4;4;0;0;5;2;;;;;;;;3;;1;4;;;;;;1;;;1;;;2;;;2;;1;1;1.3;;1.2;;0.5;0.8
DOULEUR;2022;760000158;HOPITAL CHARLES NICOLLE CHU ROUEN;760780239;Centre;14;;215;;44;273;;203;;1555;;6026;;1448;9029;399;2681;1035;351;;857;;284;1492;149;416;213;15;15;349;4;;1;;1;2;1;;3;;1;;0;;;;;;1;;;;;;0;;3;;1;;2.5;;2.93;;1.3;2
DOULEUR;2022;760000166;CRLCC HENRI BECQUEREL ROUEN;760780247;Consultation;111;434;776;32;15;934;;270;264;218;1279;1465;54;225;1962;;579;353;0;0;0;0;0;0;;;;0;0;;0;;;;;;5;2;2;2;3;6;;;;;;6;;;;;3;;5;2;2;2;;;1;1;1;1;0.4;1.1
DOULEUR;2022;760000356;HOPITAL GUSTAVE FLAUBERT CH LE HAVRE;760780726;Consultation;;;;;;;;;;846;891;1890;5;891;3632;69;904;555;;1;;;;;;;;0;0;3;0;0;;;;;6;1;;;;;3;0;;;;;2;0;;;;;1;1;;;;;1.35;0.7;;;;
DOULEUR;2022;760000463;CH LES FEUGRAIS CHI ELBEUF;760024042;Consultation;;;;;;;;;;;;612;;191;803;4;333;217;;;;;;;;;;0;0;2;1;1;;;;;1;1;1;;;1;;;;;;;;;1;;;;1;1;;;;1;1.5;1.5;0.3;;;0.53
DOULEUR;2022;760805770;HOPITAL JACQUES MONOD CH LE HAVRE;760780726;Consultation;;;;;;;;;;43;;222;;40;305;50;130;92;;;;;;;;;;0;0;15;;;1;1;1;;3;;;;;1;2;;;;;;;;;;;;1;;;;;1;0.63;;1;1;1;0.8
DOULEUR;2022;760921809;CLINIQUE DE L'EUROPE ROUEN;760000273;Consultation;;;;;;;;;;24;340;1041;0;118;1183;24;547;237;;;;;;;;;;415;143;0;;;1;;;;5;1;;1;;;1;;;;;;1;;;;;;3;1;;1;;;2.5;1;1;0.5;;
DOULEUR;2022;770000214;CH SUD SEINE ET MARNE SITE DE NEMOURS;770021152;Consultation;;;1661;;;1661;;;;178;280;2795;;280;3253;37;1323;903;;;;;;;;;;1677;619;37;2;;9;;1;11;;;;;;;;;;;;;;;;;0;;;;;;;;2;;9;;1;11
DOULEUR;2022;770000446;CH DE MEAUX SITE SAINT FARON;770021145;Consultation;;;;;;;;;;140;;414;;419;973;;326;;;;;;;;;;;47;30;;;;;;;1;;;1;1;1;;;;1;;;;;;;;1;;;;;1;;;;;0.17;0.67;0.21;0.5
DOULEUR;2022;770700011;CENTRE DE READAPTATION DE COUBERT;930027347;Centre;128;;50;;;178;;;;;;170;;;170;;;;;;;;;;;;;0;0;85;1;;;;;4;;;;;;1;;;;;;1;;;;;;;;;;;;;0.75;;;;;4.43
DOULEUR;2022;780000287;CH FRANCOIS QUESNAY MANTES;780110011;Consultation;;;;;;;;;;60;526;1282;1;526;1869;65;1282;470;;;;;;;;;;130;75;12;;;;;;;3;2;;1;1;1;;;;;;;;;;;;;;1;;;;;1;1;;0.5;0.3;0.2
DOULEUR;2022;780000295;CHI DE MEULAN LES MUREAUX;780002697;Consultation;0;10;;81;19;100;;48;;120;357;2627;0;1014;3761;391;806;347;;;;;;;;;;421;196;21;4;;1;;;1;1;;2;;;;;;;;;;;;;;;;1;;2;;;0;3.23;;2.7;;0.69;1.64
DOULEUR;2022;780000311;CHI POISSY ST GERMAIN SITE DE POISSY;780001236;Consultation;;;;;;;;;;261;105;1701;125;105;2192;78;607;313;;;;;;;;;;0;0;20;;;;;;;6;;1;;1;1;1;;;;;;5;;;;;;;;1;;1;1;0.23;;0.5;;0.48;0.99
DOULEUR;2022;780000329;CH DE RAMBOUILLET;780110052;Consultation;;;;;;;;;;512;1695;2917;208;505;4142;300;670;223;;;;;;;;;;0;0;60;2;1;1;1;0;0;2;;1;1;1;4;;;0;0;0;0;2;;0;0;0;2;;;1;1;1;2;1.7;1;1.75;1.75;0.5;1.4
DOULEUR;2022;780800256;CH DE VERSAILLES SITE ANDRE MIGNOT;780110078;Centre;4;44;60;;48;112;;52;38;556;210;2102;106;210;2974;26;1036;144;;;4;;10;14;;6;;192;115;50;1;1;1;1;;1;4;;;;1;1;2;;;;0;;2;;;;;1;;;;;1;;1.85;1;1;1;0.4;1.2
DOULEUR;2022;790000087;CENTRE HOSPITALIER DE NIORT;790000012;Consultation;;;14;;;14;;;;1195;2404;2898;;311;4404;200;1076;504;;;;;;;;;;0;0;45;2;2;3;2;1;1;2;2;;;1;2;;;;;;1;2;2;;;;;;;;;1;1;2.27;2.27;3;2;1.4;2.27
DOULEUR;2022;790019848;SITE HOSPITALIER FAYE L'ABBESSE;790006654;Consultation;1;0;33;;13;47;;;;712;622;1416;;82;2210;132;494;195;0;0;;;;0;;;;315;144;34;1;;;;;1;1;;2;;2;1;;;;;;;;;;;;;1;;2;;2;1;1.35;;1.5;;0.73;1.14
DOULEUR;2022;800000143;CH ABBEVILLE;800000028;Consultation;;;23;;;23;;;;840;;3040;;950;4830;;873;350;;;;;;;;;;0;0;0;1;;1;;1;1;2;;;;;2;2;;;;;1;;;;;;1;;;;;;;1.1;;1;;1;1.4
DOULEUR;2022;800000184;CH ALBERT;800000036;Consultation;;;;;;;;;;;;167;;;167;;;;;;;;;;;;;0;0;;;;;;;;1;1;;;;;1;1;;;;;;;;;;;;;;;;;0.05;0.05;;;;
DOULEUR;2022;800000192;CHU AMIENS NORD;800000044;Centre;0;;435;5;4;444;336;;;710;;3668;389;770;5537;60;2063;1102;183;;304;2;382;871;;;;345;201;45;1;;1;1;;2;3;2;2;;2;;1;1;;;;;;;;;;;2;1;2;;2;;2.5;0.7;2.03;1;1.4;2
DOULEUR;2022;800009920;CLINIQUE VICTOR PAUCHET DE BUTLER;800003071;Consultation;;;321;;;321;;;;80;236;1879;;451;2410;185;703;585;;;;;;;;;;0;0;27;0;0;0;0;0;0;3;3;2;1;1;2;2;2;0;0;0;1;0;0;0;0;1;0;1;1;2;1;0;1;0.8;0.8;1.6;0.8;0.3;0.59
DOULEUR;2022;810000505;CH ALBI;810000331;Consultation;36;11;90;0;193;319;;160;;419;266;799;0;201;1419;126;485;321;0;3;8;0;2;10;;6;;0;0;;1;;1;;;1;2;;2;;1;;;;;;;;;;;;1;;2;;2;;;;0.98;;2;;0.45;1
DOULEUR;2022;820000032;CH MONTAUBAN;820000016;Centre;8;0;22;0;13;43;;20;13;644;0;1929;0;497;3070;;1101;472;0;0;30;0;5;35;;16;12;0;0;22;;;;;;;3;1;2;1;2;1;1;;1;;1;;1;;;;;;1;1;1;1;1;1;1.27;0.9;0.68;0.57;0.55;0.5
DOULEUR;2022;830000311;CHI DE FREJUS SAINT RAPHAEL;830100566;Consultation;7;;81;;342;430;;;;1354;193;2500;;4421;8275;546;1473;572;;;;;;;;;;1092;333;24;;;1;1;1;1;;;2;1;;1;;;;;;1;;;;;;;;;2;1;;;;;2;1.5;1;1.1
DOULEUR;2022;830000345;CHITS CH SAINTE MUSSE;830100616;Consultation;;;7;;;7;;7;7;;;1297;;;1297;;942;587;;;2;;;2;;2;1;0;0;;;;;;1;;3;;1;;2;20;2;;;;1;20;1;;;;1;;;;1;;;;0.7;;0.8;;1.62;1.33
DOULEUR;2022;830100608;CHITS CH GEORGE SAND;830100616;Consultation;;;;;;;;;;;;128;;;128;;100;82;;;1;;;1;;1;1;0;0;;1;;;;;;4;;;;;;;;;;;;1;;;;;;3;;;;;;5;;;;;
DOULEUR;2022;830202743;CHITS HOPITAL GEORGES CLEMENCEAU;830100616;Consultation;;;;;;;;;;;;145;;;145;;127;44;;;4;;;4;;4;3;0;0;;0;;;;;;1;;;;;;;;;;;;1;;;;;;;;;;;;0.2;;;;;
DOULEUR;2022;840000285;POLYCLINIQUE URBAIN V;840000608;Consultation;;;;;;;;;;420;4097;8417;154;;8991;302;1569;604;;;;;;;;;;0;0;184;3;1;;;;2;4;;2;2;1;;;;1;1;;;4;;;;;;;;1;1;1;;3.4;1;0.8;0.8;0.6;2
DOULEUR;2022;840000350;INSTITUT SAINTE CATHERINE;840000657;Consultation;3;51;778;0;307;1088;0;178;71;7;496;894;0;338;1239;43;286;185;0;0;0;0;0;0;0;0;0;0;0;1;1;1;1;1;0;0;3;3;0;0;0;0;1;1;0;0;0;0;0;0;0;0;0;0;2;2;0;0;0;0;1.87;1.87;0.98;0.98;0;0
DOULEUR;2022;840001861;CH D'AVIGNON HENRI DUFFAUT;840006597;Centre;16;29;1112;;;1128;;212;96;;1006;3167;;;3167;;775;321;;5;8;;;8;;3;1;781;182;;1;;;;;;1;;;;2;;;;;;;;1;;;;1;;;;;;1;;1.2;;4.17;;0.95;3.63
DOULEUR;2022;850000142;CHD SITE LA ROCHE SUR YON;850000019;Centre;;;137;;62;199;193;;;1373;2753;4651;;2155;8179;0;;1911;;;;;;;;;;1876;657;83;2;;3;;;1;7;;11;;4;15;2;;3;;1;9;4;;3;;2;2;1;;5;;1;4;4.23;;8.18;;1.19;5.18
DOULEUR;2022;850000175;CH LVO - SITE DE CHALLANS;850009010;Consultation;;;;;;;;;;;;367;;;367;;;;;;;;;;;;;0;0;;1;;;;;;2;;;;1;1;;;;;1;1;2;;;;;;;;;;;;0.4;;;;0.05;0.12
DOULEUR;2022;850000209;CHD-SITE DE LUCON;850000019;;;;;;;;;;;;;;;;;;;;;;;;;;;;;343;107;;;;;;;;;;;;;;;;;;;;;;;;;;;;;;;;;;;;;
DOULEUR;2022;850000225;CHD - SITE DE MONTAIGU;850000019;Centre;;;;;;;;;;;;;;;;;;;;;;;;;;;;532;233;;;;;;;;;;;;;;;;;;;;;;;;;;;;;;;;;;;;;
DOULEUR;2022;850000241;CENTRE HOSPITALIER COTE DE LUMIÈRE;850000084;Consultation;0;0;0;0;0;0;;;;296;0;377;0;320;993;;;;0;0;0;0;0;0;;;;187;84;;;;;;;;3;;1;1;1;;;;;;;;3;;1;1;1;;;;;;;;0.6;;0.6;0.6;0.21;
DOULEUR;2022;850009630;CH FONTENAY SITE POLE SANTE SUD VENDEE;850000035;Consultation;;;;;;;;;;197;106;253;0;104;554;;;127;;;;;;;;;;183;76;;;;;;;;;;;;;;;;;;;;;;;;;;;;;;;;;;0.42;;0.19;0.2
DOULEUR;2022;860000223;CHU LA MILETRIE;860014208;Centre;62;;218;19;;299;;56;23;618;896;4788;386;;5792;180;2454;816;1;;51;9;;61;;30;10;3546;888;150;3;3;4;1;1;3;2;1;2;1;0;1;;;0;0;0;0;;;0;0;0;0;2;1;2;1;0;1;3.61;3.5;5.03;2.38;0.94;2.17
DOULEUR;2022;870000064;C H U DUPUYTREN LIMOGES;870000015;Consultation;;;;;;;;;;514;948;2750;320;;3584;;1909;;;;;;;;;;;0;0;109;2;;1;;1;2;5;;;;;;1;;;;;;1;;;;;;3;;;;;;1.71;;1.1;;1;1.64
DOULEUR;2022;880006663;CHI E.DURKHEIM-MAISON DE SANTE ST JEAN;880007059;Consultation;5;0;146;0;146;297;;;;939;0;2022;0;825;3786;279;898;282;2;0;6;0;4;12;1;2;1;0;0;13;2;;;;;;2;2;;2;;;;;;1;;;1;;;;;;1;2;;1;;;2.9;1.1;;1;;
DOULEUR;2022;890975527;CH AUXERRE;890000037;Consultation;;;;;;;;;;215;394;1034;;394;1643;0;420;254;6;;15;;;21;;9;4;20;8;;;;1;;;1;1;;;;;;;;;;;;;;;;;;1;;;;;;0.4;;0.83;;;0.66
DOULEUR;2022;890975550;CH SENS;890970569;Consultation;;;;;;;;;;151;;986;;545;1682;12;656;294;;;;;;;;;;0;0;;3;1;;;;;;;1;;1;1;;;;;;;;;;;1;;;;1;;;1;0.36;0.2;0.86;;0.15;0.86
DOULEUR;2022;900003039;HNFC SITE TREVENANS;900000365;Consultation;;2;427;0;40;467;;29;20;618;554;2440;0;1993;5051;511;1052;462;;;;0;8;8;;6;5;1177;283;375;0;0;3;0;0;1;4;3;0;0;2;2;1;0;0;0;;0;1;1;0;0;;1;2;2;0;0;2;1;1.55;1.45;3;0;1;1.7
DOULEUR;2022;910020254;CH SUD FRANCILIEN SITE JEAN JAURES;910002773;Consultation;;19;117;;51;168;;;;;472;972;;533;1505;;466;114;;;7;;12;19;;1;;0;0;0;0;0;1;0;0;0;1;1;0;0;0;1;0;0;0;0;0;0;0;0;0;0;0;1;1;1;0;0;0;0;0.74;0.74;1;0;0;0.33
DOULEUR;2022;910150028;CENTRE HOSPITALIER DE BLIGNY;750811184;Consultation;;;;;;;;;;;;146;;;146;;;;;;;;;;;;;0;0;;;;;;;;1;;;;;;;;;;;;1;;;;;;;;;;;;0.2;;;;;
DOULEUR;2022;920000460;CLCC RENE HUGUENIN INSTITUT CURIE;750813321;Consultation;;;;;;;;;;48;565;1304;82;119;1553;20;742;407;;;;;;;;;;0;0;20;1;1;1;1;;1;3;3;;;1;;1;1;;;1;;1;1;;;;;1;1;;;;;1.8;1.8;1;1;0.1;1
DOULEUR;2022;920000650;HOPITAL FOCH;920150059;Centre;;;269;;;269;89;;;938;;4804;;1605;7347;;2206;971;;;;;;;;;;536;382;34;2;;1;;;5;;;4;;4;;;;;;;;;;;;2;;;;4;;2;;2.38;;3.78;;1.82;4.23
DOULEUR;2022;920100013;HU OUEST SITE AMBROISE PARE APHP;750712184;Centre;2;10;128;;23;153;;108;61;637;780;4807;;1363;6807;;2242;746;;;;;;;;3;1;564;295;150;4;;2;2;1;3;;;;;;;;;;;;;;;;;;;;;;;;;3.6;;2;2;1;3
DOULEUR;2022;920100021;HU PARIS SUD SITE ANTOINE BECLERE APHP;750712184;Consultation;;;;;1075;1075;;;;;;;;;;;;;;;;;;;;;;0;0;;;;;;;;;;1;;;;;;;;;;;;;;;;;;1;;;;;;0.5;;;
DOULEUR;2022;920100039;HU PARIS NORD SITE BEAUJON APHP;750712184;Consultation;;;;;3944;3944;;;;132;0;615;0;300;1047;4;410;226;;;;;;;;;;0;0;0;1;;1;;1;0;1;;;;;0;;;;;;0;;;;;;0;1;;;;;0;1.1;;0.6;;0.5;0
DOULEUR;2022;920100054;HU PARIS SITE RAYMOND POINCARE APHP;750712184;Consultation;;;;;40;40;;;;520;521;1118;;184;1822;;406;202;;;;;;;;;;1120;447;;;;1;1;;;3;3;;;1;;;;;;;;;;;;;;3;3;;;1;;1.5;1.5;1;1;1;
DOULEUR;2022;920120011;HIA PERCY;750821092;Consultation;;;107;;67;174;;;;43;;380;;242;665;;250;58;;;;;;;;;;0;0;32;1;1;1;1;;1;;;;;1;1;;;;;;;;;;;1;;;;;;;1;1;1;1;1;0.25;1.5
DOULEUR;2022;930000336;CHI ROBERT BALLANGER;930110069;Consultation;;10;25;;296;321;0;321;137;994;65;2770;3;15;3782;35;1887;418;3;;8;;3;14;1;8;3;0;0;0;1;;1;;1;2;0;;;;0;;;;;;;;;;;;;;;;;;;;1;;1;;1;2
DOULEUR;2022;930100037;HU PARIS SITE AVICENNE APHP;750712184;Consultation;;;502;;273;775;;;;142;;1191;;92;1425;27;543;292;;;;;;;;;;373;543;96;1;1;1;1;1;1;1;1;1;;;1;;;;;;;1;1;;;;;;;1;;;1;1.4;1.4;0.8;0.6;1;1.5
DOULEUR;2022;940000573;CHI DE CRETEIL;940110018;Consultation;;;;;;;;;;84;;210;;;294;;133;103;84;;210;;;294;;133;103;0;0;;1;;1;;1;;;;;;;;;;;;;;;;;;;;;;;;;;1;;1;;1;
DOULEUR;2022;940000599;CHI LUCIE ET RAYMOND AUBRAC;940110042;Consultation;;;;;;;;;;;;197;;;197;;77;8;;;;;;;;;;0;0;;;;;;;;1;1;;;;;;;;;;;1;1;;;;;;;;;;;1;1;;;;
DOULEUR;2022;940000649;HOPITAL SAINT CAMILLE;940150014;Consultation;;;389;;;389;;102;;948;154;3196;;154;4298;;1163;436;4;;12;;;16;;;3;0;0;87;1;1;1;;2;1;2;;;;;1;;;;;;;;;;;;1;2;;;;;;1.5;0.5;0.5;;0.97;1.2
DOULEUR;2022;940000664;INSTITUT GUSTAVE ROUSSY;940160013;Centre;734;230;1257;199;982;3172;109;505;239;560;447;2057;274;214;3105;47;845;286;81;8;73;32;5;191;1;29;20;0;0;1043;3;3;3;;;5;3;1;3;;;5;1;;;;;;;;;;;;2;1;3;;;5;3.82;2.93;3.24;;;2.7
DOULEUR;2022;940100027;HU HENRI MONDOR SITE HENRI MONDOR APHP;750712184;Consultation;;8;511;;41;552;51;12;11;353;138;3055;;292;3700;163;1952;1663;;;;;;;;;;0;0;16;4;2;2;1;;2;1;;1;;1;1;;;1;;;;;;;;;;1;;;;1;1;4.7;2;2.1;1;0.9;2.5
DOULEUR;2022;940100043;HU PARIS SUD SITE KREMLIN BICETRE APHP;750712184;Centre;;2121;2167;;;2167;;;;426;426;2688;450;426;3990;;811;358;;2;28;;;28;;;5;390;78;;2;2;2;2;1;1;4;1;1;1;;;2;0;0;;;;0;0;0;;;;2;1;1;;;;3;2.4;2.8;2.8;1;1
DOULEUR;2022;950000307;CH VICTOR DUPOUY;950110015;Consultation;;106;151;;;151;;;;563;79;2492;79;;3134;112;1463;502;1;;6;2;;9;;;;0;0;4;2;2;1;1;;1;;;;;1;2;;;;;;1;;;;;;1;;;;;1;;2;2;1;1;0.8;1.3
DOULEUR;2022;950000331;CH GENERAL DE GONESSE;950110049;Consultation;;;;;;;;;;322;464;1073;0;59;1454;22;591;284;;;;;;;;;;0;0;41;2;2;1;1;1;1;;;;;;;;;;;;;;;;;;;;;;;;;0.9;0.9;1;1;0.4;0.5
DOULEUR;2022;950000364;CH RENE DUBOS;950110080;Consultation;;;;91;;91;;;;406;;1638;71;213;2328;436;623;220;0;;3;0;1;4;;;;183;104;20;0;0;;;;1;3;3;1;;;;;;;;;;;;;;;;3;3;1;;;;2.4;2.4;0.82;;0.5;0.97
DOULEUR;2022;970400024;CHU SITE FELIX GUYON (SAINT DENIS);970408589;Consultation;6;92;277;;30;313;;158;107;481;443;1264;;150;1895;;582;264;45;;;;;45;;37;;0;0;36;;;;;;1;3;3;2;2;2;;1;3;;;;;;;;;;;2;2;2;2;2;;1.17;1.17;1.38;1.38;0.89;1
DOULEUR;2022;970400065;CH OUEST REUNION;970421038;Consultation;;;;;;;;;;505;0;1368;;;1873;116;413;123;5;0;9;;;14;9;8;8;0;0;116;;;;;;1;4;1;;;1;1;;;;;;;3;;;;;;1;1;;;1;1;1.2;0.6;;;0.5;1.5
DOULEUR;2022;970400081;CHU SITE SUD (SAINT LOUIS);970408589;Centre;;;;;;;;;;233;864;3015;;634;3882;;1036;441;;;;;;;;;;0;0;;;;1;1;;1;3;2;;;1;;;;;;;;;;;;;;;;;;;;1.7;1.6;1;1;0.5;1
DOULEUR;2022;970462107;CLINIQUE STE-CLOTILDE;970400305;Centre;604;;984;;;1588;;;;557;;1013;;;1570;560;727;502;;;;;;;;;;0;0;230;1;1;;4;;5;1;1;;;;;;;;;;;;;;;;;1;1;;;;;1;1;;2.65;;3.55
