BOR;AN;FI;RS;FI_EJ;USURV;LIT_SURVADU;JLI_SURVADU;SEJHC_SURVADU;JOU_SURVADU;LIT_SURVPED;JLI_SURVPED;SEJHC_SURVPED;JOU_SURVPED;ETPSAL_MEDADU;ETPSAL_IDEASADU;ETPSAL_IDESPADU;ETPSAL_ASADU;ETPSAL_MKADU;ETPSAL_AUTPNMADU;EFFLIB_MEDADU;EFFLIB_IDEASADU;EFFLIB_IDESPADU;EFFLIB_ASADU;EFFLIB_MKADU;EFFLIB_AUTPNMADU;ETPSAL_MEDPED;ETPSAL_IDEASPED;ETPSAL_IDESPPED;ETPSAL_ASPED;ETPSAL_MKPED;ETPSAL_AUTPNMPED;EFFLIB_MEDPED;EFFLIB_IDEASPED;EFFLIB_IDESPPED;EFFLIB_ASPED;EFFLIB_MKPED;EFFLIB_AURPNMPED
MCOSURV;2024;010000024;CH DE FLEYRIAT;010780054;1;7;2562;537;1509;4;1464;284;1505;2.68;0.29;12.02;7.8;;1.82;;;;;;;0.81;;1.45;0.05;;3.86;;;;;;
MCOSURV;2024;010000032;CH BUGEY SUD;010780062;1;4;1464;448;519;0;0;0;0;1.2;;8.63;7.86;;2.49;;;;;;;;;;;;;;;;;;
MCOSURV;2024;010005239;CH DU HAUT BUGEY - GEOVREISSET;010008407;1;3;1095;517;814;0;0;0;0;0;0;5.94;6.28;0;0.05;0;0;0;0;0;0;0;0;0;0;0;0;0;0;0;0;0;0
MCOSURV;2024;010780195;CLINIQUE CONVERT;010000156;1;5;1825;1756;1537;0;0;0;0;;;3.2;3.2;;0.5;10;;;;1;;;;;;;;;;;;;
MCOSURV;2024;010780203;HOPITAL PRIVE D'AMBERIEU;010010718;1;6;2190;83;446;0;0;0;0;;;0.1;0.1;;;5;;;;;;;;;;;;;;;;;
MCOSURV;2024;020000162;CH SAINT-QUENTIN;020000063;1;6;2196;92;445;0;0;0;0;0;0;0;0;0;0;;;;;;;0;0;0;0;0;0;;;;;;
MCOSURV;2024;020000394;CH LAON;020000253;1;0;1312;107;474;0;0;0;0;2.67;;3.81;3;;0.8;;;;;;;;;;;;;;;;;;
MCOSURV;2024;020000519;CH SOISSONS;020000261;1;0;972;144;750;0;0;0;0;;;;;;;;;;;;;;;;;;;;;;;;
MCOSURV;2024;020001061;CH CHÂTEAU-THIERRY;020004404;1;0;819;163;793;0;0;0;0;1.55;;3;2.6;;0.2;;;;;;;;;;;;;;;;;;
MCOSURV;2024;020010047;HOPITAL PRIVE SAINT CLAUDE;020001632;1;8;2920;263;1818;0;0;0;0;;;3.58;3.2;;;6;;;;3;;;;;;;;;;;;;
MCOSURV;2024;030000061;CH DE MOULINS;030780092;1;6;1308;114;387;0;0;0;0;1.71;0;5.76;4.36;0;0;0;0;0;0;0;0;0;0;0;0;0;0;0;0;0;0;0;
MCOSURV;2024;030000079;CH DE MONTLUCON;030780100;1;4;1460;19;59;2;730;178;325;0.1;;0.3;0.2;;;;;;;;;0.16;0.3;1;1.61;;0.42;;;;;;
MCOSURV;2024;030000087;CH JACQUES LACARIN VICHY;030780118;1;3;1076;202;772;4;1464;235;611;5.25;;5.61;4.07;0.2;0.71;;;;;;;1;;1;2.87;;0.47;;;;;;
MCOSURV;2024;030781116;HOPITAL PRIVE SAINT-FRANCOIS;030000426;1;10;3660;1198;6711;0;0;0;0;;;3.64;3.92;;;35;;;;;;;;;;;;;;;;;
MCOSURV;2024;040000093;CHI DE MANOSQUE LOUIS RAFFALLI;040780215;1;8;2895;547;2132;0;0;0;0;2.32;0;12.57;9.65;0;3.86;0;0;0;0;0;0;0;0;0;0;0;0;0;0;0;0;0;0
MCOSURV;2024;040000911;CENTRE HOSPITALIER DE DIGNE LES BAINS;040788879;1;2;732;158;543;0;0;0;0;1.4;0;4.7;2.33;0.25;0.68;;;;;;;;;;;;;;;;;;
MCOSURV;2024;050000090;POLYCLINIQUE DES ALPES DU SUD GAP;050006931;1;5;1825;30;116;0;0;0;0;;;12;12;;;15;;;;6;;;;;;;;;;;;;
MCOSURV;2024;050000231;CH LES ESCARTONS A BRIANCON;050000116;1;6;2190;449;1850;0;0;0;0;4.21;;12.4;10.74;;1.77;;;;;;;;;;;;;;;;;;
MCOSURV;2024;050000348;CHI DES ALPES DU SUD SITE DE GAP;050002948;1;8;2928;881;4924;0;0;0;0;1.17;;11.79;9.66;;1.6;;;;;;;;;;;;;;;;;;
MCOSURV;2024;060000478;CENTRE HOSPITALIER DE GRASSE;060780897;1;0;1464;219;824;0;0;0;0;0;0;0.65;1.33;0;0.33;0;0;0;0;0;0;0;0;0;0;0;0;0;0;0;0;0;0
MCOSURV;2024;060000510;CH D'ANTIBES JUAN LES PINS;060780954;1;5;1830;505;2658;0;0;0;0;5.3;;6.04;6.6;;;0;;;;;;;;;;;;;;;;;
MCOSURV;2024;060000528;CENTRE ANTOINE LACASSAGNE;060780962;1;7;2237;283;2320;0;0;0;0;1.03;;14.1;11.39;;0.95;;;;;;;;;;;;;;;;;;
MCOSURV;2024;060000544;CH DE CANNES SIMONE VEIL;060780988;1;4;1464;281;838;0;0;0;0;0.5;;7.47;4.56;;0.95;;;;;;;;;;;;;;;;;;
MCOSURV;2024;060010899;INSTITUT UNIVERSITAIRE FACE ET COU;060785011;1;1;366;15;23;0;0;0;0;;;4.91;6.36;0.1;12.07;;;;;;;;;;;;;;;;;;
MCOSURV;2024;060021417;HOPITAL PRIVE CANNES OXFORD;060000221;1;6;2190;267;1211;0;0;0;0;0;0;4.8;2.4;0;0;;;;;;;;;;;;;;;;;;
MCOSURV;2024;060780491;INSTITUT ARNAULT TZANCK;060790797;1;32;11712;3158;11441;0;0;0;0;;;10.48;9.15;;7.39;;;;;;;;;;;;;;;;;;
MCOSURV;2024;060780517;POLYCLINIQUE SAINT JEAN;060000239;1;45;16470;748;4544;0;0;0;0;1;;25.55;12.92;;;;;;;;;;;;;;;;;;;;
MCOSURV;2024;060780715;CLINIQUE SAINT GEORGE;060000361;1;43;15695;2323;12031;0;0;0;0;;;17;6.5;;8;;;;;;;;;;;;;;;;;;
MCOSURV;2024;060780723;CLINIQUE DU PARC IMPERIAL;060004959;1;8;2920;451;1864;0;0;0;0;;;4.9;2.85;;;12;;;;2;;;;;;;;;;;;;
MCOSURV;2024;060780756;POLYCLINIQUE SANTA MARIA;060000403;1;2;730;64;103;0;0;0;0;;;4.81;;;;5;;;;;;;;;;;;;;;;;
MCOSURV;2024;060780947;HOP PEDIATRIQUES DE NICE CHU LENVAL;060800174;1;0;0;0;0;14;2444;542;3178;;;;;;;;;;;;;1.52;6.44;5.25;4.17;;2.72;;;;;;
MCOSURV;2024;060781200;CLINIQUE SAINT ANTOINE KANTYS CENTRE;060000635;1;9;3285;132;1420;0;0;0;0;;;4.5;4.5;;2;6;;;;4;;;;;;;;;;;;;
MCOSURV;2024;060785003;CHU DE NICE HOPITAL PASTEUR;060785011;1;8;2644;1533;4218;0;0;0;0;1.31;50.7;521.65;467.89;28.63;374.42;;;;;;;;;;;;;;;;;;
MCOSURV;2024;060789195;CHU DE NICE HOPITAL DE L'ARCHET;060785011;1;0;2928;467;1754;0;2408;624;2160;0.45;;;;;;;;;;;;1.36;;;;;;;;;;;
MCOSURV;2024;060791811;HOPITAL PRIVE GERIATRIQUE LES SOURCES;060010808;1;12;4380;313;3726;0;0;0;0;2.05;;13.47;13.94;;4;;;;;;;;;;;;;;;;;;
MCOSURV;2024;060794013;CTRE CARDIO MEDICO CHIRURGICAL TZANCK;060790797;1;28;10248;2972;8980;0;0;0;0;;;6.37;5.29;;2.89;;;;;;;;;;;;;;;;;;
MCOSURV;2024;060800166;HP A. TZANCK MOUGINS SOPHIA ANTIPOLIS;060780608;1;21;7665;1610;7687;0;0;0;0;;0.58;15.12;11.33;;3;68;;;;9;;;;;;;;;;;;;
MCOSURV;2024;070000013;CH DE PRIVAS ARDECHE;070002878;1;4;1460;558;1465;0;0;0;0;1;;6.71;3.33;;0.38;;;;;;;;;;;;;;;;;;
MCOSURV;2024;070000179;CH ARDECHE NORD;070780358;1;6;2196;397;1898;0;0;0;0;0.64;0.01;6.25;4.14;;0.33;;;;;;;;;;;;;;;;;;
MCOSURV;2024;070000609;CH ARDECHE MERIDIONALE - AUBENAS;070005566;1;8;0;222;893;0;0;0;0;1.05;;11.89;10.67;0.3;4.12;;;;;;;;;;;;;;;;;;
MCOSURV;2024;070780168;CLINIQUE DU VIVARAIS SAINT DOMINIQUE;070000088;1;4;1460;144;475;0;0;0;0;;;1;1;;;3;;;;;;;;;;;;;;;;;
MCOSURV;2024;070780424;CLINIQUE PASTEUR;070000245;1;8;2920;526;2408;0;0;0;0;;7.23;;7.82;;;15;;;;2;;;;;;;;;;;;;
MCOSURV;2024;080000219;CENTRE HOSPITALIER DE RETHEL;080001969;1;6;2196;425;1274;0;0;0;0;3.53;;11.1;3.64;;;;;;;;;;;;;;;;;;;;
MCOSURV;2024;080000425;CH CHARLEVILLE - HOPITAL MANCHESTER;080011174;1;0;1281;106;383;0;0;0;0;1.05;;8.38;7.17;;1.01;;;;;;;;;;;;;;;;;;
MCOSURV;2024;090000175;CHIVA SITE ST JEAN DE VERGES;090781774;1;4;966;5;17;0;0;0;0;1.1;;5.65;4.13;;0.22;;;;;;;;;;;;;;;;;;
MCOSURV;2024;090000183;CH ARIEGE COUSERANS SITE ST LIZIER;090781816;1;2;730;165;819;0;0;0;0;0.86;;2.55;1.89;;1.39;;;;;;;;;;;;;;;;;;
MCOSURV;2024;100000090;CENTRE HOSPITALIER DE TROYES;100000017;1;0;1644;292;1369;0;1096;319;821;1.85;0;6.48;5.26;0;0.22;;;;;;;0.43;3;3.05;1.29;0;0.48;;;;;;
MCOSURV;2024;100000124;POLYCLINIQUE MONTIER LA CELLE;100009075;1;12;4380;532;1685;0;0;0;0;;;;;;;6;;;;;;;;;;;;;;;;;
MCOSURV;2024;100000199;CENTRE HOSPITALIER DE ROMILLY/SEINE;100006279;1;6;2190;396;1834;0;0;0;0;2;;6;3;;;;;;;;;;;;;;;;;;;;
MCOSURV;2024;100010818;GCS HOPITAL PRIVE DE L'AUBE SITE CLQ;100010792;1;8;2920;77;225;0;0;0;0;4;;10;12.16;;2.5;;;;;;;;;;;;;;;;;;
MCOSURV;2024;110000023;CH CARCASSONNE;110780061;1;6;1629;370;1693;0;0;0;0;2.29;0.33;10.3;9.7;0.1;0.25;;;;;;;;;;;;;;;;;;
MCOSURV;2024;110000056;CH NARBONNE;110780137;1;0;1220;207;838;0;0;0;0;;;;;;;0;;;;;;;;;;;;;;;;;
MCOSURV;2024;110780228;HOPITAL PRIVE DU GRAND NARBONNE;110000114;1;11;4015;1228;3883;0;0;0;0;;;11;6.43;;;12;;;;;;;;;;;;;;;;;
MCOSURV;2024;110780483;POLYCL MONTREAL CARCASSONNE;110000155;1;8;2920;713;4141;0;0;0;0;3.7;;28.1;22.4;;2;;;;;;;;;;;;;;;;;;
MCOSURV;2024;120000039;CH DE RODEZ HOPITAL JACQUES PUEL;120780044;1;3;1098;240;596;0;0;0;0;;;;;;;;;;;;;;;;;;;;;;;;
MCOSURV;2024;120000054;CH VILLEFRANCHE SITE CHARTREUSE;120780069;1;;2135;411;2152;0;0;0;0;1;;12.93;5.75;;0.67;;;;;;;;;;;;;;;;;;
MCOSURV;2024;120004569;CH MILLAU;120004528;1;5;1830;351;1417;0;0;0;0;2.67;;5.46;5.65;;;;;;;;;;;;;;;;;;;;
MCOSURV;2024;120004668;CH EMILE BOREL ST AFFRIQUE;120004619;1;4;1464;191;1261;0;0;0;0;0.67;;6.25;5.45;;0.85;;;;;;;;;;;;;;;;;;
MCOSURV;2024;130000409;CHI SITE D'AIX EN PROVENCE;130041916;1;5;1775;321;751;4;1464;579;1173;1.63;;5.54;4.84;;1.24;;;;;;;0.73;2.9;2.8;6.14;;2.7;;;;;;
MCOSURV;2024;130000565;CENTRE HOSPITALIER GENERAL D'AUBAGNE;130781446;1;4;1464;239;1042;0;0;0;0;4.52;2.63;;4.01;0;0.2;0;;;;;;0;;;;;;0;;;;;
MCOSURV;2024;130001225;HOPITAL DU PAYS SALONAIS;130782634;1;4;1460;205;1207;0;0;0;0;0.51;;;;;;;;;;;;;;;;;;;;;;;
MCOSURV;2024;130001647;INSTITUT PAOLI CALMETTES;130784127;1;10;3650;669;2576;0;0;0;0;10.36;1.5;12.95;12.25;1.38;6.02;;;;;;;;;;;;;;;;;;
MCOSURV;2024;130002215;CENTRE HOSPITALIER GENERAL LA CIOTAT;130785512;1;6;2190;360;1682;0;0;0;0;4.86;6.66;;6.01;;2.83;;;;;;;;;;;;;;;;;;
MCOSURV;2024;130002835;CH DE MARTIGUES HOPITAL DES RAYETTES;130789316;1;0;1464;40;115;0;0;0;0;0.46;;1.37;1.05;0.05;0.4;;;;;;;;;;;;;;;;;;
MCOSURV;2024;130043664;HOPITAL EUROPEEN;130002157;1;11;4026;797;6916;0;0;0;0;;;;;;;;;;;;;;;;;;;;;;;;
MCOSURV;2024;130050917;GCS CLINIQUE JEANNE D'ARC;130050891;1;5;1720;43;143;0;0;0;0;0;0;4.8;4.8;0;0.2;2;0;0;0;0;0;;;;;;;;;;;;
MCOSURV;2024;130780521;APHM HOPITAL NORD;130786049;1;9;3294;1078;2525;1;366;25;219;1.65;0.6;10.92;7.38;;3.03;;;;;;;0.02;;;;;;;;;;;
MCOSURV;2024;130781479;HOPITAL PRIVE LA CASAMANCE;130000599;1;18;6570;1296;5737;0;0;0;0;;;14.6;11.76;;0.25;11;;;;2;2;;;;;;;;;;;;
MCOSURV;2024;130782147;CLINIQUE GENERALE DE MARIGNANE;130000979;1;16;5840;472;3797;0;0;0;0;;;12.87;9.92;;0.52;11;;;;1;;;;;;;;;;;;;
MCOSURV;2024;130782162;CLINIQUE CHIRURGICALE DE MARTIGUES;130000987;1;5;1620;199;543;0;0;0;0;;;4.3;2;;;5;;;;1;1;;;;;;;;;;;;
MCOSURV;2024;130783236;APHM HOPITAL DE LA CONCEPTION;130786049;1;4;1464;231;1001;0;0;0;0;0.63;;;;;1;;;;;;;;;;;;;;;;;;
MCOSURV;2024;130783293;APHM HOPITAL LA TIMONE;130786049;1;43;15112;3583;11549;0;8052;0;0;5.44;;23.45;18.62;;2.51;;;;;;;;;;;;;;;;;;
MCOSURV;2024;130783327;CLINIQUE BOUCHARD;130001415;1;10;3650;313;1446;0;0;0;0;;;6.88;1.73;;;9;;;;;;;;;;;;;;;;;
MCOSURV;2024;130783665;CLINIQUE DE BONNEVEINE;130043722;1;4;1464;103;410;0;0;0;0;2;;4;2;0.2;0.5;;;;;;;;;;;;;;;;;;
MCOSURV;2024;130784051;HOPITAL PRIVE CLAIRVAL;130037823;1;12;3650;903;2746;0;0;0;0;;;0.66;0.02;;1.44;8;;;;;;;;;;;;;;;;;
MCOSURV;2024;130784713;HP MARSEILLE BEAUREGARD VERT COTEAU;130038847;1;44;16060;2409;14452;12;4380;0;0;;;54.2;21.5;;15.75;15;;;;4;;6;;14.5;4.25;;4.5;;;;;1;
MCOSURV;2024;130785652;HOPITAL SAINT JOSEPH;130014228;1;0;0;2367;11927;9;3294;1506;3152;;12.5;;8.07;;2.65;;;;;;;;12.59;;6.68;;1;;;;;;
MCOSURV;2024;130785678;HP MARSEILLE VERT COTEAU BEAUREGARD;130002249;1;30;10950;889;8872;0;0;0;0;;0;36;18;;18;8;0;;;2;;;;;;;;;;;;;
MCOSURV;2024;130786361;HOPITAL PRIVE DE PROVENCE;130002447;1;12;4380;690;3542;;;0;0;;;;;;;;;;;;;;;;;;;;;;;;
MCOSURV;2024;130786742;HOPITAL INSTRUCTION DES ARMEES LAVERAN;750821092;1;2;669;166;555;0;0;0;0;0.7;;4.4;2.5;;0.1;;;;;;;;;;;;;;;;;;
MCOSURV;2024;130804297;APHM HOPITAL LA TIMONE ENFANTS;130786049;1;;;0;0;34;8052;1272;9576;;;;;;;;;;;;;1.61;10.69;16.01;22.02;;2.82;;;;;;
MCOSURV;2024;130810740;CLINIQUE AXIUM;130007362;1;13;4758;404;2440;0;0;0;0;0;0;10;7;0;0.5;2;0;0;0;0;0;0;0;0;0;0;0;0;0;0;0;0;0
MCOSURV;2024;140000027;CENTRE HOSPITALIER DE LISIEUX;140000035;1;6;2190;578;2466;0;0;0;0;0.43;;12.23;2.8;;1.35;;;;;;;;;;;;;;;;;;
MCOSURV;2024;140000209;CHU CAEN;140000100;1;29;10585;1692;6733;10;3660;1027;5055;;;21.15;18.41;;1.91;;;;;;;;;;;;;;;;;;
MCOSURV;2024;140000233;CH FALAISE;140000118;1;;;49;62;0;0;0;0;;;;;;;;;;;;;;;;;;;;;;;;
MCOSURV;2024;140000290;CLINIQUE NOTRE DAME;140000449;1;4;1040;37;58;0;0;0;0;;;9.6;6.71;;;;;;;;;;;;;;;;;;;;
MCOSURV;2024;140000555;CLCC F BACLESSE;140000639;1;0;1666;187;650;0;0;0;0;0.93;;6.8;2.82;0.42;0.97;;;;;;;;;;;;;;;;;;
MCOSURV;2024;140016759;POLYCLINIQUE DU PARC;140003146;1;;1197;366;1188;0;0;0;0;;;11.21;4.53;;2.15;18;;;;1;;;;;;;;;;;;;
MCOSURV;2024;140017237;HOPITAL PRIVE ST MARTIN;140003278;1;8;2920;1033;2068;0;0;;;;;8.09;6.1;;0.5;13;;;;;;;;;;;;;;;;;
MCOSURV;2024;140018730;HOPITAL PRIVE DU PAYS D'AUGE;140000415;1;4;1460;93;283;0;0;0;0;;;1;1;;;;;;;;;;;;;;;;;;;;
MCOSURV;2024;140026410;CH COTE FLEURIE - SITE DE CRICQUEBOEUF;140026279;1;5;1830;364;1231;0;0;0;0;0.47;;4.34;4.33;;;;;;;;;;;;;;;;;;;;
MCOSURV;2024;140026709;HOPITAL PRIVE DU PAYS D'AUGE;140000415;1;6;2190;37;221;0;0;0;0;;;8;;1;;2;;;;;;;;;;;;;;;;;
MCOSURV;2024;150000032;CH DE SAINT-FLOUR;150780088;1;4;1464;229;937;0;0;0;0;0.83;;5.83;6.12;;3.5;;;;;;;;;;;;;;;;;;
MCOSURV;2024;150000040;CH HENRI MONDOR;150780096;1;5;1830;374;1218;0;0;0;0;3;;5.58;7.2;;0.25;;;;;;;;;;;;;;;;;;
MCOSURV;2024;150780732;CENTRE MEDICO CHIRURGICAL TRONQUIERES;150000271;1;12;4380;289;3301;0;0;0;0;;;8.76;10.69;;2.42;1;;;;1;;;;;;;;;;;;;
MCOSURV;2024;160000170;CLINIQUE SAINT JOSEPH ANGOULEME;160000204;1;8;2920;129;382;0;0;0;0;;;;;;;2;;2;2;;1;;;;;;;;;;;;
MCOSURV;2024;160000253;CENTRE HOSPITALIER D'ANGOULEME;160000451;1;0;1452;227;1097;4;928;379;859;1.12;0;3.13;3.51;0;1.96;;;;;;;1.31;1.35;3.99;0.4;0;1.5;;;;;;
MCOSURV;2024;160000303;CH HOPITAUX SUD-CHARENTE;160006037;1;4;1460;618;1043;0;0;0;0;3.74;0;6.02;5.78;0;2.18;;;;;;;;;;;;;;;;;;
MCOSURV;2024;160000311;CENTRE HOSPITALIER CONFOLENS;160000485;1;3;1098;18;45;0;0;0;0;0.04;;0.03;0.07;;;;;;;;;;;;;;;;;;;;
MCOSURV;2024;160000337;CENTRE HOSPITALIER DE RUFFEC;160000493;1;3;1095;535;651;0;0;0;0;;;0.87;0.57;;0.36;;;;;;;;;;;;;;;;;;
MCOSURV;2024;160013207;CENTRE CLINICAL SA;160001632;1;6;2184;414;1480;0;0;0;0;;;1;1;;;1;;;;;;;;;;;;;;;;;
MCOSURV;2024;160015368;HOPITAUX DU GRAND COGNAC;160014411;1;;1638;175;1166;0;0;0;0;2.84;;8.18;7.69;;0.65;;;;;;;;;;;;;;;;;;
MCOSURV;2024;170000087;HOPITAL SAINT-LOUIS - LA ROCHELLE;170024194;1;6;2196;527;1858;0;0;0;0;1.35;;9.75;7.05;0.5;1.74;;;;;;;;;;;;;;;;;;
MCOSURV;2024;170000095;CENTRE HOSPITALIER ST JEAN D'ANGELY;170780175;1;6;1950;279;1711;0;0;0;0;0.3;;3.04;1;0.06;1.97;;;;;;;;;;;;;;;;;;
MCOSURV;2024;170000103;CH DE SAINTONGE - SAINTES;170780175;1;6;2196;413;1830;0;0;0;0;0.55;0.24;11.71;8.3;0.02;0.99;;;;;;;;;;;;;;;;;;
MCOSURV;2024;170000129;CENTRE HOSPITALIER ROYAN-ATLANTIQUE;170780191;1;6;2196;262;1975;0;0;;;2.97;;6.2;6.39;;0.33;;;;;;;;;;;;;;;;;;
MCOSURV;2024;170000152;CENTRE HOSPITALIER ROCHEFORT;170780225;1;8;2928;664;2625;;;;;3.5;;12.73;4.09;;0.25;;;;;;;;;;;;;;;;;;
MCOSURV;2024;170780563;ETAB. DE SOINS PASTEUR - ROYAN;170000251;1;8;2920;622;2460;0;0;0;0;;;4.7;6.55;;;;;5;6;;;;;;;;;;;;;;
MCOSURV;2024;170780662;CLINIQUE DE L'ATLANTIQUE;170024053;1;6;2196;532;1555;0;0;0;0;;;8.97;0.14;;;;;;;;;;;;;;;;;;;;
MCOSURV;2024;180000010;CH BOURGES - JACQUES COEUR;180000028;1;14;5124;1080;3600;4;1460;279;667;2.09;0;15;12.52;0;0.3;;;;;;;0.9;2.62;3.33;1.38;0;3.55;;;;;;
MCOSURV;2024;180000200;CH DE VIERZON;180000051;1;5;1825;315;1293;0;0;0;0;0.2;;5.81;6;;2.15;;;;;;;;;;;;;;;;;;
MCOSURV;2024;180000358;CLINIQUE DES GRAINETIERES;180000739;1;1;343;38;240;0;0;0;0;;;;;;;;;;;;;;;;;;;;;;;;
MCOSURV;2024;180004145;HOPITAL PRIVE GUILLAUME DE VARYE;180000887;1;12;4380;722;3447;0;0;0;0;;;9.6;9.6;;3.5;7;;;;;;;;;;;;;;;;;
MCOSURV;2024;190000018;CENTRE HOSPITALIER DUBOIS BRIVE;190000042;1;12;4390;722;2520;0;0;0;0;6.3;;11.08;9.66;;1;;;;;;;;;;;;;;;;;;
MCOSURV;2024;190000091;CENTRE HOSPITALIER D'USSEL;190000075;1;10;3660;688;2064;0;0;0;0;1;;3;2;;;;;;;;;;;;;;;;;;;;
MCOSURV;2024;190000224;CLINIQUE LES CEDRES BRIVE;190000901;1;9;3294;227;1732;0;0;0;0;;;3.5;3.5;;0.5;6;;;;2;;;;;;;;;;;;;
MCOSURV;2024;210012670;HOPITAL PRIVE DIJON BOURGOGNE;210011367;1;18;2920;989;2322;0;0;0;0;;;;;;;8;;;;;;;;;;;;;;;;;
MCOSURV;2024;210780789;CLINIQUE MUTUALISTE BENIGNE JOLY;210003208;1;2;732;139;1;0;0;0;0;;;;;;;1;;;;;;;;;;;;;;;;;
MCOSURV;2024;210987558;HOPITAL LE BOCAGE CHRU DIJON;210780581;1;48;17568;4748;22980;10;3660;1234;5281;8.45;0.3;63.99;15.56;;19.94;;;;;;;0.3;2.98;3.3;5.92;0;0;;;;;;
MCOSURV;2024;210987657;HOSPICES CIVILS DE BEAUNE;210012175;1;2;2;444;389;0;0;0;0;0.41;;1.41;;;0.13;;;;;;;;;;;;;;;;;;
MCOSURV;2024;210987665;CH HCO SITE DE CHATILLON SUR SEINE;210012142;1;3;1098;354;2054;0;0;0;0;0.3;;4.15;4.54;;2.03;;;;;;;;;;;;;;;;;;
MCOSURV;2024;210987731;CLCC GEORGES-FRANCOIS LECLERC;210780417;1;6;2190;2314;2204;0;0;0;0;8.3;7.5;40.9;12;;31;;;;;;;;;;;;;;;;;;
MCOSURV;2024;220000012;CENTRE HOSPITALIER YVES LE FOLL;220000020;1;7;2562;401;1665;0;0;0;0;0.6;;9.27;6.55;;0.03;;;;;;;;;;;;;;;;;;
MCOSURV;2024;220000095;GHRE- SITE DINAN RENE PLEVEN;350000022;1;0;1200;243;761;0;0;0;0;0.6;0.25;4.09;5;;0.2;;;;;;;;;;;;;;;;;;
MCOSURV;2024;220000111;POLYCLINIQUE DU TREGOR;220000376;1;4;1440;150;454;0;0;0;0;;;21;13;;;4;;;;;;;;;;;;;;;;;
MCOSURV;2024;220000343;CENTRE HOSPITALIER GUINGAMP;220000079;1;10;3650;349;1008;0;0;0;0;0.3;6.45;;7.12;;0.05;;;;;;;;;;;;;;;;;;
MCOSURV;2024;220000368;CENTRE HOSPITALIER LANNION;220000103;1;8;2920;512;1790;0;0;0;0;3.78;0;12.28;7.26;0;1.2;;;;;;;;;;;;;;;;;;
MCOSURV;2024;220005599;POLYCLINIQUE DU PAYS DE RANCE;220017842;1;6;2100;169;655;0;0;0;0;;0.01;2;2;;;6;1;2;2;1;;;;;;;;;;;;;
MCOSURV;2024;220022800;HOPITAL PRIVÉ DES COTES D'ARMOR;220000673;1;12;4380;527;3180;0;0;0;0;0.9;0;13;4.8;0;0.8;4;;;;;;;;;;;;;;;;;
MCOSURV;2024;230000820;CENTRE HOSPITALIER GUERET;230780041;1;4;1464;164;752;0;0;0;0;0;0;3.79;2.34;0;0.14;;;;;;;;;;;;;;;;;;
MCOSURV;2024;230780082;CENTRE MEDICAL NATIONAL SAINTE FEYRE;750005068;1;4;1460;221;895;0;0;0;0;6.36;1;27.71;22.53;1.53;;;;;;;;;;;;;;;;;;;
MCOSURV;2024;240000190;POLYCLINIQUE FRANCHEVILLE;240000596;1;12;4392;1597;3707;0;0;0;0;;;10.4;8;;;11;;;;;;;;;;;;;;;;;
MCOSURV;2024;240000372;C.H DE BERGERAC;240000059;1;6;2196;440;1877;0;0;0;0;1.93;;5.76;6.31;;3.87;;;;;;;;;;;;;;;;;;
MCOSURV;2024;240000489;CENTRE HOSPITALIER DE PERIGUEUX;240000117;1;;;4;11;8;2928;578;1826;1;0;2.83;1.92;0;0;0;0;0;0;0;0;2;6;4.47;1.09;0.25;4.42;0;0;0;0;0;0
MCOSURV;2024;240000687;CENTRE HOSPITALIER SARLAT;240000448;1;8;2928;620;2478;0;0;0;0;0.6;0;3.2;2.17;0;2.84;;;;;;;;;;;;;;;;;;
MCOSURV;2024;250000270;CLINIQUE SAINT VINCENT BESANCON;250000643;1;8;2920;516;1622;0;0;0;0;;;2;1;;2;1;;;;2;1;;;;;;;;;;;;
MCOSURV;2024;250000700;CHI HC SITE RIVES DU DOUBS PONTARLIER;250000452;1;5;1830;380;1494;;;0;0;;;4.96;2.5;;0.89;;;;;;;;;;;;;;;;;;
MCOSURV;2024;250006954;CHU JEAN MINJOZ BESANCON;250000015;1;50;17284;2445;16804;16;5856;665;3347;5.77;0;57.74;18.75;0.55;16.92;0;;;;;;3.7;24.41;5.67;3.07;0.36;10.58;0;;;;;
MCOSURV;2024;250011848;POLYCLINIQUE DE FRANCHE COMTE;690046347;1;6;2190;272;1427;0;0;0;0;0;0;4.8;3.6;0;0.5;11;0;0;0;5;0;;;;;;;;;;;;
MCOSURV;2024;260000013;CH DE VALENCE;260000021;1;8;2562;581;2793;8;1844;513;2196;8.5;;33.62;17.95;;3.58;;;;;;;0.46;;;;;;;;;;;
MCOSURV;2024;260000138;CH PORTES PROVENCE MONTELIMAR;260000047;1;0;468;82;436;4;608;149;359;0.39;;1.97;1.97;;;;;;;;;0.64;1.27;;2.36;;;;;;;;
MCOSURV;2024;260000260;CLINIQUE LA PARISIERE;260000377;1;4;1460;79;263;0;0;0;0;;;4.8;4.8;0.3;4.8;3;;;;;;;;;;;;;;;;;
MCOSURV;2024;260003017;CLINIQUE KENNEDY;260000781;1;6;2190;415;1331;0;0;0;0;1.8;;4.8;4.8;;;40;;;;4;;;;;;;;;;;;;
MCOSURV;2024;270000326;HOPITAL PRIVE PASTEUR;270000680;1;4;1460;124;423;0;0;0;0;;;4;4;;2;11;;;;5;;;;;;;;;;;;;
MCOSURV;2024;270000359;CH EURE SEINE EVREUX;270023724;1;0;1262;313;808;0;0;0;0;0.6;;6.14;3.97;;1.95;;;;;;;;;;;;;;;;;;
MCOSURV;2024;280000084;CH DREUX;280000183;1;4;1023;280;1033;0;0;0;0;3.27;0.42;6.88;4.03;;2.35;;;;;;;;;;;;;;;;;;
MCOSURV;2024;280000662;CH CHATEAUDUN;280500075;1;4;1464;602;1260;0;0;0;0;1.8;;6;6;;1.3;;;;;;;;;;;;;;;;;;
MCOSURV;2024;280504267;CH CHARTRES LOUIS PASTEUR-LE COUDRAY;280000134;1;12;4392;721;3527;4;1464;650;1640;1.26;;6.11;5.94;0;2.86;;;;;;;2.45;0.8;6.79;6.87;0;1.81;;;;;;
MCOSURV;2024;280505777;HOPITAL PRIVE D'EURE ET LOIR;280001199;1;10;3650;618;3083;0;0;0;0;0;0;6.08;6.77;0;0;10;;;;2;0;0;0;0;0;0;0;0;0;0;0;0;0
MCOSURV;2024;290000025;CHIC QUIMPER;290020700;1;9;2370;618;1798;0;0;0;0;2.26;0.43;13.43;10.65;;0.68;;;;;;;;;;;;;;;;;;
MCOSURV;2024;290000033;C.H. DES PAYS DE MORLAIX;290021542;1;8;2910;724;2660;0;0;0;0;1.77;0;11.84;7.87;0;3.19;0;;;;;;0;;;;;;0;;;;;
MCOSURV;2024;290000058;CHRU BREST SITE HOPITAL MORVAN;290000017;1;;;0;0;3;1098;541;1288;;;;;;;;;;;;;;;;;;;;;;;;
MCOSURV;2024;290000140;CLINIQUE PASTEUR LANROZE;290000447;1;6;2196;582;138;0;0;0;0;0;0;5;5;0;0;8;0;0;0;5;2;;;;;;;;;;;;
MCOSURV;2024;290000181;CENTRE HOSPITALIER DOUARNENEZ;290000074;1;6;2196;303;1482;0;0;0;0;1.17;;4.23;3.37;;0.68;;;;;;;;;;;;;;;;;;
MCOSURV;2024;290000256;CHRU BREST SITE HOPITAL DE CARHAIX;290000017;1;4;1464;225;730;;;0;0;;;;;;;;;;;;;;;;;;;;;;;;
MCOSURV;2024;290000785;ETABLISSEMENT DE SOINS HOTEL DIEU;220020739;1;6;2196;350;1773;0;0;0;0;2.14;;5.69;4.03;;0.2;;;;;;;;;;;;;;;;;;
MCOSURV;2024;290004142;CLINIQUE DU GRAND LARGE;290022508;1;8;2928;594;2339;0;0;0;0;;;4.27;11.52;;;35;;;;7;;;;;;;;;;;;;
MCOSURV;2024;290004324;CHRU BREST SITE HOPITAL CAVALE BLANCHE;290000017;1;26;9446;1706;8423;0;0;0;0;;;;;;;;;;;;;;;;;;;;;;;;
MCOSURV;2024;290019777;POLYCLINIQUE DE KERAUDREN;290022508;1;6;2196;309;1597;0;0;0;0;;;8.67;4.18;;;55;;;;7;;;;;;;;;;;;;
MCOSURV;2024;290023431;SAS CLINIQUE DE LA BAIE;290001049;1;6;6;445;786;0;0;0;0;;;4.8;4.8;1;;5;;;;;;;;;;;;;;;;;
MCOSURV;2024;290036540;CLIN MUTUALISTE BRETAGNE OCCIDENTALE;290029974;1;16;5856;1060;3411;0;0;0;0;;;8.9;3.92;;;13;;;;;;;;;;;;;;;;;
MCOSURV;2024;2A0000139;HOPITAL PRIVE SUD CORSE;2A0000063;1;10;3600;359;1779;0;0;0;0;2.32;0;61.39;34.81;0;88.17;54;0;0;0;6;0;0;0;0;0;0;0;0;0;0;0;0;0
MCOSURV;2024;2B0000012;CENTRE HOSPITALIER DE BASTIA;2B0000020;1;6;2196;498;1839;0;0;0;0;0.44;;2;;;0.48;;;;;;;;;;;;;;;;;;
MCOSURV;2024;2B0000392;POLYCLINIQUE DE FURIANI;2B0000129;1;5;1825;128;663;0;0;0;0;;;3;2;;2;3;;;;1;;;;;;;;;;;;;
MCOSURV;2024;300000023;CH ALES CEVENNES;300780046;1;4;1286;158;551;0;0;0;0;1.62;0;6.64;7.23;0;0.45;0;0;0;0;0;0;0;0;0;0;0;0;0;0;0;0;0;0
MCOSURV;2024;300000031;CH LOUIS PASTEUR BAGNOLS SUR CEZE;300780053;1;0;2010;415;1355;0;0;0;0;1.14;;6.97;6.4;0;1.42;0;;;;;;0;;;;;;0;;;;;
MCOSURV;2024;300780137;NOUVELLE CL BONNEFON ALES;920028396;1;8;2920;154;909;0;0;0;0;0.2;0;4.8;4.8;0;0.5;10;0;0;0;0;0;0;0;0;0;0;0;0;0;0;0;0;0
MCOSURV;2024;300780152;HOPITAL PRIVE LES FRANCISCAINES NIMES;300017985;1;5;1825;571;1273;0;0;0;0;;;4.8;4.8;;0.4;8;;;;;;;;;;;;;;;;;
MCOSURV;2024;300782117;CHU NIMES CAREMEAU;300780038;1;52;19032;7650;21666;4;1464;369;1235;24.58;2;62.89;53.98;1.9;17.31;;;;;;;;;;;;;;;;;;
MCOSURV;2024;300788502;POLYCLINIQUE GRAND SUD NIMES;300017985;1;8;2920;573;1954;0;0;0;0;;;8.86;4;;2;18;;;;1;;;;;;;;;;;;;
MCOSURV;2024;310000310;CH COMMINGES PYRENEES SITE ST PLANCARD;310780671;1;3;1095;146;814;0;0;0;0;0.8;5;0.6;4;;0.8;;;;;;;;;;;;;;;;;;
MCOSURV;2024;310016977;HOPITAUX MERE & ENFANTS CHU TOULOUSE;310781406;1;0;0;0;0;16;5664;688;4249;62.04;39.4;6.51;;;;;;;;;;;;;;;;;;;;;
MCOSURV;2024;310019351;HOPITAL LARREY CHU TOULOUSE;310781406;1;6;2166;441;1348;0;0;0;0;;0.4;12.5;11;0;0;;;;;;;;;;;;;;;;;;
MCOSURV;2024;310025333;ONCOPOLE CHU TOULOUSE;310781406;1;4;1460;242;1086;0;0;0;0;;0;3.28;2.77;0;0;;;;;;;;;;;;;;;;;;
MCOSURV;2024;310026083;CL RIVE GAUCHE TOULOUSE;310026075;1;4;1460;319;843;0;0;0;0;0;3.46;0;2.96;0;1.63;;;;;;;;;;;;;;;;;;
MCOSURV;2024;310026927;CL CAPIO LA CROIX DU SUD QUINT FONSEGR;310026794;1;33;8351;1287;6600;0;0;0;0;;1.17;18.95;15.32;;;44;;;;;;;;;;;;;;;;;
MCOSURV;2024;310780150;CL MEDIPOLE GARONNE TOULOUSE;310788799;1;5;1825;353;694;2;730;47;65;;;1.5;0.5;0.5;0.5;10;;;;;;;;1.5;;0.5;0.5;4;;;;;
MCOSURV;2024;310780259;CL PASTEUR TOULOUSE;310000096;1;21;5475;1912;4511;0;0;0;0;;0.33;22.78;9.43;0;2.01;8;;;;1;;;;;;;;;;;;;
MCOSURV;2024;310780283;CL DE L'UNION SAINT JEAN;310000112;1;16;5840;856;3709;0;0;0;0;;;8.04;7.59;;0.49;19;;;;2;;;;;;;;;;;;;
MCOSURV;2024;310780382;CL AMBROISE PARE TOULOUSE;310000179;1;10;3650;464;1810;0;0;0;0;;;4.91;4.81;;;;;;;;;;;;;;;;;;;;
MCOSURV;2024;310781000;CL DES CEDRES CORNEBARRIEU;310788880;1;14;5124;920;4555;0;0;0;0;;13.2;;9.46;;;6;;;;;;;;;;;;;;;;;
MCOSURV;2024;310781505;CL D'OCCITANIE MURET;310000492;1;10;3650;426;1710;0;0;0;0;;0.5;11.82;7.26;;2.09;5;;;;;;;;;;;;;;;;;
MCOSURV;2024;310782016;CL NEPHRO ST EXUPERY TOULOUSE;310000617;1;22;8656;1052;7673;0;0;0;0;;;38.23;24.77;;;9;;;;2;;;;;;;;;;;;;
MCOSURV;2024;310783048;HOPITAL PURPAN CHU TOULOUSE;310781406;1;26;9490;2228;8337;0;0;0;0;11.7;0;29.76;23.18;2;1.08;;;;;;;;;;;;;;;;;;
MCOSURV;2024;310783055;HOPITAL DE RANGUEIL CHU TOULOUSE;310781406;1;108;32754;7252;36891;0;0;0;0;;0.4;47.48;47.29;3;1;;;;;;;;;;;;;;;;;;
MCOSURV;2024;320000086;CH AUCH EN GASCOGNE;320780117;1;2;732;417;1485;0;0;0;0;0;;2.01;2.93;0;0.25;;;;;;;;;;;;;;;;;;
MCOSURV;2024;330000340;MSP BORDEAUX BAGATELLE;330780552;1;6;2190;426;1353;0;0;0;0;5.41;14.13;;5.93;;0.67;;;;;;;;;;;;;;;;;;
MCOSURV;2024;330000555;CENTRE HOSPITALIER D'ARCACHON;330781204;1;0;2272;563;1988;;;0;0;4.89;0.2;8.79;8.29;;0.62;;;;;;;;;;;;;;;;;;
MCOSURV;2024;330000571;CH DE LA HAUTE GIRONDE;330781220;1;6;2190;995;2799;0;0;0;0;2.12;0.23;5.57;4.95;0.15;3.17;;;;;;;;;;;;;;;;;;
MCOSURV;2024;330000589;CH SUD GIRONDE - SITE LANGON;330027509;1;;1704;420;1565;0;0;0;0;2.25;0.8;9.81;5.6;;0.75;;;;;;;;;;;;;;;;;;
MCOSURV;2024;330000605;CTRE HOSPIT.R.BOULIN-LIBOURNE;330781253;1;8;2928;521;2084;4;1464;320;1018;1.5;0;7.57;7;;3.56;0;;;;;;0.3;2.69;1.03;2.7;;0.42;0;;;;;
MCOSURV;2024;330000662;INSTITUT BERGONIE;330781329;1;0;1704;490;1126;0;0;0;0;0.78;;10.77;3.92;;3.2;;;;;;;;;;;;;;;;;;
MCOSURV;2024;330780081;CLINIQUE SAINT- AUGUSTIN;330000043;1;6;2190;709;1348;0;0;0;0;;0.5;11.2;2.6;;;8;;;;1;;;;;;;;;;;;;
MCOSURV;2024;330780115;CLINIQUE TIVOLI-DUCOS;330000076;1;6;2190;573;1577;0;0;0;0;0;0.5;5.6;5.1;0;;9;0;0;0;3;;;;;;;;;;;;;
MCOSURV;2024;330780263;POLYCLINIQUE BORDEAUX RIVE DROITE;330000134;1;8;2928;638;2278;0;0;0;0;;0;9.91;5.57;;0.44;;;;;;;;;;;;;;;;;;
MCOSURV;2024;330780479;POLYCLIN BORDEAUX-NORD AQUITAINE;330000274;1;0;9120;1325;6704;0;0;0;0;;;17.81;12;;0.62;;;;;;;;;;;;;;;;;;
MCOSURV;2024;330780495;CLINIQUE MUTUALISTE DU MEDOC;330796392;1;6;2190;418;1526;0;0;0;0;1;;9.97;6.34;;;;;;;;;;;;;;;;;;;;
MCOSURV;2024;330780503;HOPITAL PRIVE SAINT-MARTIN;330000308;1;6;2196;483;1513;0;0;0;0;;;5.97;5.62;;;;;;;;;;;;;;;;;;;;
MCOSURV;2024;330780529;CLINIQUE MUTUALISTE DE PESSAC;330796392;1;6;2190;513;1918;0;0;0;0;1.5;1;10.77;4.22;;1.93;;;;;;;;;;;;;;;;;;
MCOSURV;2024;330780537;HOPITAL PRIVE WALLERSTEIN;330000324;1;8;2920;649;2445;0;0;0;0;1;;8.3;2;;2;50;;;;;;;;;;;;3;;;;;
MCOSURV;2024;330781352;HOPITAL SAINT-ANDRE - CHU;330781196;1;8;2356;389;1177;0;0;0;0;0.8;;;;;0.37;;;;;;;;;;;;;;;;;;
MCOSURV;2024;330781360;GROUPE HOSPITALIER PELLEGRIN - CHU;330781196;1;50;16092;4699;9587;16;4034;1024;3255;1.47;2;51.71;44.38;;11.62;;;;;;;;4;3;2.73;;2;;;;;;
MCOSURV;2024;330783648;HOPITAL HAUT-LEVEQUE - CHU;330781196;1;47;14885;2333;15880;0;0;0;0;4.18;;158.14;91.35;;12.98;;;;;;;;;;;;;;;;;;
MCOSURV;2024;340000033;CH BEZIERS;340780055;1;0;1830;469;1584;;;;;0.42;;4;3.04;;0.21;;;;;;;;;;;;;;;;;;
MCOSURV;2024;340000207;ICM MONTPELLIER;340780493;1;4;1444;304;1333;0;0;0;0;0.9;;7.39;5.03;;0.92;;;;;;;;;;;;;;;;;;
MCOSURV;2024;340000223;HOPITAL ST CLAIR SETE HBT;340011295;1;0;1220;294;1231;0;0;0;0;0.63;0;5.98;5.47;0;0.66;0;0;0;0;0;0;0;0;0;0;0;0;0;0;0;0;0;0
MCOSURV;2024;340009885;POLYCL CHAMPEAU BEZIERS;340009877;1;4;1460;516;2134;0;0;0;0;1.16;;7.54;7.38;0.07;3.77;;;;;;;;;;;;;;;;;;
MCOSURV;2024;340015502;CL DU MILLENAIRE MONTPELLIER;340000512;1;20;6385;2562;6040;0;0;0;0;0;0;17.2;16.2;0;2.3;17;;;;10;;;;;;;;;;;;;
MCOSURV;2024;340015965;POLYCL ST PRIVAT BOUJAN SUR LIBRON;340000074;1;12;4380;779;2532;0;0;0;0;;;7.27;4;;2;13;;;;1;;;;;;;;;;;;;
MCOSURV;2024;340022979;POLYCL ST ROCH MONTPELLIER;340000306;1;6;2190;698;1039;4;1460;74;133;;;5.89;4.84;;;25;;;;;;;4.93;;4.81;;;11;;;;;
MCOSURV;2024;340024314;CL ST JEAN SUD DE FRANCE;340000272;1;20;7300;745;4187;0;0;0;0;;1;5.8;6.2;;5.2;3;;;;3;;;;;;;;;;;;;
MCOSURV;2024;340780642;CL BEAU SOLEIL;340028901;1;6;1098;415;1713;0;0;0;0;10;;5.65;5.65;;;;;;;4;;;;;;;;;;;;;
MCOSURV;2024;340780667;CL DU PARC CASTELNAU LE LEZ;340000280;1;28;14235;2109;12896;0;0;0;0;0;;8.9;10.1;0;0;5;0;0;0;1;0;0;0;0;0;0;0;0;0;0;0;0;0
MCOSURV;2024;340780675;CL CLEMENTVILLE MONTPELLIER;340000298;1;12;4392;412;3774;0;0;0;0;4;;4.71;3.02;;1.99;18;;;;4;;;;;;;;;;;;;
MCOSURV;2024;340780717;CL ST LOUIS GANGES;340023225;1;3;1095;187;1185;0;0;0;0;1;;4.8;4.8;;;1;;;;1;;;;;;;;;;;;;
MCOSURV;2024;340782036;HOPITAL ST ELOI CHU MONTPELLIER;340780477;1;18;6588;1505;6019;0;0;0;0;3.04;;21.07;18.06;;1.7;;;;;;;;;;;;;;;;;;
MCOSURV;2024;340782085;HOPITAL GUI DE CHAULIAC CHU MTP;340780477;1;22;8052;1976;7339;0;0;0;0;;;28.13;26.08;;1.63;;;;;;;;;;;;;;;;;;
MCOSURV;2024;340785161;HOPITAL LAPEYRONIE CHU MONTPELLIER;340780477;1;12;4392;643;3763;7;2468;294;1672;1;;14.5;11.84;;2.04;;;;;;;1.15;8.45;3.98;9.64;;0.07;;;;;;
MCOSURV;2024;340796663;HOPITAL ARNAUD DE VILLENEUVE CHU MPT;340780477;1;8;2664;822;1877;8;2852;645;2612;0.83;0.5;8.98;6.97;;;;;;;;;2.61;3.77;0.1;3.97;;0.5;;;;;;
MCOSURV;2024;350000121;CHP SAINT GREGOIRE;350000303;1;16;5840;1947;5955;0;0;0;0;;;21.37;20.21;;;37;;;;;;;;;;;;;;;;;
MCOSURV;2024;350000139;CLINIQUE MUTUALISTE DE LA SAGESSE;350001137;1;6;2190;412;1499;;;;;0.8;0;5.93;5.66;0;2.71;;;;;;;;;;;;;;;;;;
MCOSURV;2024;350000147;GHRE - SITE SAINT MALO BROUSSAIS;350000022;1;5;1825;460;1346;0;0;0;0;2.58;;6.35;5.9;;;;;;;;;;;;;;;;;;;;
MCOSURV;2024;350000154;C.H FOUGERES;350000030;1;5;1825;410;1307;0;0;0;0;0.83;0;9.09;5.84;0;6.33;;;;;;;;;;;;;;;;;;
MCOSURV;2024;350000162;CHIRC SITE REDON;350000048;1;4;1152;230;903;0;0;0;0;1.38;;9.86;6.32;;1.4;;;;;;;;;;;;;;;;;;
MCOSURV;2024;350000188;CENTRE HOSPITALIER VITRE;350000055;1;5;1830;404;1257;0;0;0;0;1.58;8.83;;6.09;;0.07;;;;;;;;;;;;;;;;;;
MCOSURV;2024;350000196;CLINIQUE DE LA COTE D'EMERAUDE;350000311;1;5;1825;322;845;0;0;0;0;8;;2.5;1.5;;;;;;;3;;;;;;;;;;;;;
MCOSURV;2024;350000741;CHRU RENNES SITE PONTCHAILLOU;350005179;1;47;17202;2556;15243;0;0;0;0;3.89;;13.84;10.46;;0.1;;;;;;;;;;;;;;;;;;
MCOSURV;2024;350005146;HOPITAL PRIVE SEVIGNE;350000733;1;14;5110;877;4099;0;0;0;0;4.94;9.21;167.7;71.86;1.58;9.55;;;;;;;;;;;;;;;;;;
MCOSURV;2024;350007084;CHRU RENNES SITE HOPITAL SUD;350005179;1;0;0;0;0;17;6222;1009;4250;;;;;;;;;;;;;1.28;;;;;;;;;;;
MCOSURV;2024;350054680;POLYCLINIQUE SAINT LAURENT;220020739;1;6;2190;422;1517;0;0;0;0;;0;5.75;5.75;0;1;4;;;;1;1;;;;;;;;;;;;
MCOSURV;2024;360000129;CLINIQUE SAINT FRANCOIS;360000269;1;4;1460;124;342;0;0;0;0;;;4.8;4.8;;;1;;;;;;;;;;;;;;;;;
MCOSURV;2024;360000137;CH CHATEAUROUX;360000053;1;9;3294;936;4044;0;0;0;0;0.67;;0.92;1;;1.4;;;;;;;;;;;;;;;;;;
MCOSURV;2024;370000051;CLINIQUE JEANNE D'ARC - ST BENOIT;370000028;1;4;1460;16;159;0;0;0;0;;;;;;;;;;;;;;;;;;;;;;;;
MCOSURV;2024;370000093;SAS NOUVELLE CLINIQUE DE TOURS +;370013468;1;30;10980;2609;8486;0;0;0;0;31;1;19.29;9.7;1;;;;;;;;;;;;;;;;;;;
MCOSURV;2024;370000499;CHRU CLOCHEVILLE - TOURS;370000481;1;;;0;0;14;5124;816;3382;;;;;;;;;;;;;1.25;3.42;11.87;16.23;0;3.59;;;;;;
MCOSURV;2024;370000861;CHRU BRETONNEAU - TOURS;370000481;1;30;7980;1706;7668;0;0;0;0;0.45;0;16.79;15.62;0;2.18;;;;;;;;;;;;;;;;;;
MCOSURV;2024;370004467;CHRU TROUSSEAU - CHAMBRAY;370000481;1;22;8052;1878;8960;0;0;0;0;1.3;0;32.84;28.29;0;4.73;;;;;;;;;;;;;;;;;;
MCOSURV;2024;370007569;PÔLE SANTÉ LÉONARD DE VINCI;370007528;1;16;5840;991;5817;0;0;0;0;0;0;13.54;9.37;0;1.44;16;;;;;;;;;;;;;;;;;
MCOSURV;2024;380000034;CH PIERRE OUDOT BOURGOIN JALLIEU;380780049;1;6;2196;583;2468;4;1464;284;1270;3.24;;10.68;7.74;;0.78;;;;;;;1.39;3.03;1.01;0.37;;2.5;;;;;;
MCOSURV;2024;380000067;HOPITAL NORD - CHU38;380780080;1;54;19314;3701;14671;12;8622;617;2357;6.48;;;;;;;;;;;;3.36;;;;;;;;;;;
MCOSURV;2024;380000174;CH LUCIEN HUSSEL DE VIENNE;380781435;1;2;732;103;301;4;1464;433;1143;0.23;0;1.11;0.64;0;0.27;0;0;0;0;0;0;0.62;2.85;2.93;3.16;0;1.09;0;0;0;0;0;0
MCOSURV;2024;380000406;HOPITAL DE VOIRON - CHU38;380780080;1;6;2184;471;2157;0;0;0;0;7.88;0.5;8.73;3.36;;;;;;;;;;;;;;;;;;;;
MCOSURV;2024;380012658;GROUPE HOSPIT. MUTUALISTE DE GRENOBLE;380012609;1;8;2920;761;2382;0;0;0;0;2.4;;9.6;9.6;;0.5;;;;;;;;;;;;;;;;;;
MCOSURV;2024;380785956;CLINIQUE DES CEDRES;380795211;1;4;1460;417;797;0;0;0;0;0;;6;;;;13;;;;;;;;;;;;;;;;;
MCOSURV;2024;380786442;CLINIQUE BELLEDONNE;380798025;1;10;3650;664;3056;0;0;0;0;;;9.6;7.2;;;20;;;;;;;;;;;;;;;;;
MCOSURV;2024;390000040;CH LONS;390780146;1;2;732;;;0;0;;;;;;;;;;;;;;;;;;;;;;;;;;
MCOSURV;2024;390000222;CH LOUIS PASTEUR DOLE;390780609;1;4;365;378;1286;0;0;0;0;1.7;;6.51;6.01;;2.93;;;;;;;;;;;;;;;;;;
MCOSURV;2024;390780575;POLYCLINIQUE DU PARC;690046339;1;4;1460;110;355;0;0;0;0;;0.27;26.59;8.55;;;32;;;;2;;;;;;;;;;;;;
MCOSURV;2024;400000105;CENTRE HOSPITALIER DAX;400780193;1;8;2928;718;2716;0;0;0;0;1.93;0.55;7.6;4.01;0.2;0.04;;;;;;;;;;;;;;;;;;
MCOSURV;2024;400000139;CHI MONT DE MARSAN ET PAYS DES SOURCES;400011177;1;6;2178;491;1455;4;1464;192;675;3.46;0;7.47;5.82;0;0.84;;;;;;;1.35;5.89;;4.39;;;;;;;;
MCOSURV;2024;400015103;GCS PAYS DE L'ADOUR;400015095;1;6;2190;288;1701;0;0;0;0;0;0;5.6;5.6;0;0.5;3;0;0;0;2;0;;;;;;;;;;;;
MCOSURV;2024;410000020;CH BLOIS SIMONE VEIL;410000087;1;6;2196;380;1140;4;1464;537;1500;1.36;0;6.17;3.84;0;1.16;0;0;0;0;0;0;0.76;1.16;2.91;2.14;0;0.4;0;0;0;0;0;0
MCOSURV;2024;410000038;CH VENDOME - MONTOIRE;410000095;1;10;3660;739;3401;0;0;0;0;2.35;0;10.66;9.43;0;2;0;0;0;0;0;0;0;0;0;0;0;0;0;0;0;0;0;0
MCOSURV;2024;410000202;POLYCLINIQUE BLOIS;410000319;1;10;3660;574;2817;0;0;0;0;0;0;7.2;4.8;0;0;9;0;0;0;3;0;;;;;;;;;;;;
MCOSURV;2024;410004998;CLINIQUE DU SAINT COEUR - VENDOME;410000871;1;4;1460;104;509;0;0;0;0;1;;1;1;;;;;;;;;;;;;;;;;;;;
MCOSURV;2024;420000010;CH DE ROANNE;420780033;1;6;2196;354;1219;4;1464;494;1511;1.84;;10.76;6.51;0.12;1.87;0;;;;;;0.53;1.26;2.33;3.65;0.08;0.02;0;;;;;
MCOSURV;2024;420000226;CH DU FOREZ SITE DE MONTBRISON;420013831;1;2;732;249;1405;0;0;0;0;0;0;4.41;1.02;0;0;0;0;0;0;0;0;0;0;0;0;0;0;0;0;0;0;0;0
MCOSURV;2024;420000234;CH DE FIRMINY;420780652;1;8;2928;402;2398;0;0;0;0;3.48;;15.93;4.17;;2.82;;;;;;;;;;;;;;;;;;
MCOSURV;2024;420010050;CLINIQUE MUTUALISTE MFL SSAM;420787061;1;8;2920;886;1849;0;0;0;0;0.55;0.34;8.42;6.04;0.5;0.14;;;;;;;;;;;;;;;;;;
MCOSURV;2024;420011413;HOPITAL PRIVE DE LA LOIRE;420011405;1;0;0;1206;4155;0;0;0;0;;;12;10.21;;;;;;;;;;;;;;;;;;;;
MCOSURV;2024;420780504;CLINIQUE DU PARC ST PRIEST EN JAREZ;420000135;1;4;1460;283;1277;0;0;0;0;0;0;6.3;3;0;0;0;0;0;0;3;0;;;;;;;;;;;;
MCOSURV;2024;420780637;CH DU GIER - MCO;420002495;1;6;2196;364;1597;0;0;0;0;4.11;0;11.83;0;0;3.63;0;0;0;0;0;0;0;0;0;0;0;0;0;0;0;0;0;0
MCOSURV;2024;420782310;CLINIQUE DU RENAISON;420000853;1;6;2190;413;1892;0;0;0;0;0;0;6;6;0;1;6;0;0;0;1;0;;;;;;;;;;;;
MCOSURV;2024;420785354;HOPITAL NORD - CHU42;420784878;1;19;6935;1161;2622;8;2920;974;3951;;0;36.48;18.39;0.46;7.63;;;;;;;;2.65;6.28;;;;;;;;;
MCOSURV;2024;430000109;CLINIQUE BON SECOURS;430000372;1;4;1460;97;263;0;0;0;0;0;1;1;1;0;1;5;0;0;0;1;0;0;0;0;0;0;0;0;0;0;0;0;0
MCOSURV;2024;430000117;CH EMILE ROUX LE PUY;430000018;1;4;1464;203;462;0;0;0;0;1.51;;7.16;8.84;;1.23;;;;;;;;;;;;;;;;;;
MCOSURV;2024;440000016;CH DE SAINT NAZAIRE;440000057;1;10;3660;725;2517;4;1464;711;2058;2.06;0;15.2;15.4;0.4;0.75;;;;;;;0.25;0;0;0;0;0;;;;;;
MCOSURV;2024;440000271;CHU DE NANTES SITE HOTEL DIEU HME;440000289;1;9;1830;572;1852;12;4392;336;2781;;0;13.5;9.68;0.15;0.93;;;;;;;;9.22;17.65;16.02;0;4.16;;;;;;
MCOSURV;2024;440000503;CH CNP SITE CHATEAUBRIANT;440000313;1;6;2196;485;1658;0;0;0;0;1.97;;6;5.96;;1.16;0;;;;;;0;;;;;;0;;;;;
MCOSURV;2024;440001113;ICO - SITE GAUDUCHEAU;490017258;1;8;2920;348;2659;0;0;0;0;1.51;10.56;;7.06;0.55;;;;;;;;;;;;;;;;;;;
MCOSURV;2024;440002020;POLYCLINIQUE DE L'EUROPE;440001386;1;5;1825;342;1429;0;0;0;0;;;9.8;5.6;;;8;;;;;;;;;;;;;;;;;
MCOSURV;2024;440017598;CHU DE NANTES SITE LAENNEC;440000289;1;18;4392;1097;3792;0;0;0;0;;0;15.77;9.06;0.13;0.29;;;;;;;;0;0;0;0;0;;;;;;
MCOSURV;2024;440029338;CLINIQUE MUTUALISTE JULES VERNE;440053411;1;8;2928;373;1921;0;0;0;0;1.67;;6.9;5.93;;1.18;;;;;;;;;;;;;;;;;;
MCOSURV;2024;440029379;CLINIQUE JULES VERNE;440000974;1;4;1464;162;523;0;0;0;0;;;3.4;2.97;;0.59;19;;;;;;;;;;;;;;;;;
MCOSURV;2024;440033819;SANTE ATLANTIQUE;440006344;1;14;5110;837;4328;0;0;0;0;;;11.5;14.8;;;;;;;;;;;;;;;;;;;;
MCOSURV;2024;440041580;HOPITAL PRIVE DU CONFLUENT;440041572;1;40;14600;4049;17729;0;0;0;0;;;28.99;28.04;;2.28;26;;;;;;;;;;;;;;;;;
MCOSURV;2024;450000062;CH AGGLOMERATION MONTARGOISE;450000104;1;10;3650;518;2465;4;1464;352;846;0.65;;2.44;3.3;;1.63;;;;;;;0.15;0.84;2.75;0.74;;1.99;;;;;;
MCOSURV;2024;450000245;CLINIQUE L'ARCHETTE;450000542;1;6;2190;455;1401;0;0;0;0;;1;6.5;5.29;;;8;;;;;;;;;;;;;;;;;
MCOSURV;2024;450000294;ORELIANCE - REINE BLANCHE;450000591;1;12;4380;721;3784;;;0;0;;0.3;6.88;6.21;;;;;;;;;;;;;;;;;;;;
MCOSURV;2024;450002613;CHRU ORLEANS - HOPITAL DE LA SOURCE;450000088;1;46;14400;2347;12692;16;5760;1350;4858;2.9;;44.61;32.44;;3.92;;;;;;;;13.67;21.14;16.87;;0.3;;;;;;
MCOSURV;2024;450010079;ORELIANCE - LONGUES ALLEES;450000195;1;12;4380;922;3583;;;0;0;;0.35;10.32;9.31;;;21;;;;;;;;;;;;;;;;;
MCOSURV;2024;460000045;CH FIGEAC SITE MARTIN MALVY;460780083;1;6;2196;389;1260;0;0;0;0;1.74;;7.27;8.45;0.2;0.28;;;;;;;;;;;;;;;;;;
MCOSURV;2024;460000110;CH JEAN ROUGIER CAHORS;460780216;1;4;1464;65;200;0;0;0;0;2;5;0;6;0;0.2;0;0;0;0;0;0;0;0;0;0;0;0;0;0;0;0;0;0
MCOSURV;2024;470000027;CLINIQUE ESQUIROL-SAINT-HILAIRE;470014069;1;10;3650;682;2268;0;0;0;0;;;8.22;4.13;;1.55;;;;;;;;;;;;;;;;;;
MCOSURV;2024;470000423;CH AGEN NERAC - HOPITAL SAINT-ESPRIT;470016171;1;6;2196;369;1743;4;1464;359;1619;1.4;0;4.56;6.01;0;0.68;0;0;0;0;0;0;1.17;3;2.32;0;0;7.38;0;0;0;0;0;0
MCOSURV;2024;470000480;CENTRE HOSPITALIER DE MARMANDE - CHIC;470001660;1;6;2190;560;2113;0;0;0;0;0.2;;10;8.72;;4.5;;;;;;;;;;;;;;;;;;
MCOSURV;2024;470016049;GCS POLE DE SANTE DU VILLENEUVOIS;470016023;1;9;3285;447;1951;0;0;0;0;;;4;3;;2;;;;;;;;;;;;;;;;;;
MCOSURV;2024;480000017;HOPITAL LOZERE SITE VALLEE DU LOT;480780097;1;3;1098;124;386;0;0;0;0;1.46;3.04;6.64;5.94;;0.54;;;;;;;;;;;;;;;;;;
MCOSURV;2024;490000049;CHR ANGERS SITE LARREY;490000031;1;26;9516;1553;6081;3;1098;133;341;4.07;0;38.47;27.56;0.08;3.33;;0;0;0;0;0;1;1.25;5.93;3.54;0;0.56;;0;0;0;0;0
MCOSURV;2024;490000155;ICO - SITE PAUL PAPIN;490017258;1;5;1825;237;1665;0;0;0;0;1.19;6.02;;7.66;;;;;;;;;;;;;;;;;;;;
MCOSURV;2024;490000262;CLINIQUE SAINT JOSEPH;490000171;1;18;6570;1191;4548;0;0;0;0;;;7;5.55;;;;;;;;;;;;;;;;;;;;
MCOSURV;2024;490000635;CH DE CHOLET;490000676;1;0;2440;407;1615;0;0;0;0;;;;;;;;;;;;;;;;;;;;;;;;
MCOSURV;2024;490001765;CH DE SAUMUR;490528452;1;6;2196;361;1870;0;0;0;0;2.95;;6.07;2.63;;1.25;;;;;;;;;;;;;;;;;;
MCOSURV;2024;490002037;POLYCLINIQUE DU PARC;490000890;1;6;2196;407;1336;0;0;0;0;;;2.1;3.8;;;10;;;;;;;;;;;;;;;;;
MCOSURV;2024;490014909;CLINIQUE DE L'ANJOU;490008109;1;12;4392;736;2664;0;0;0;0;;;16.21;10.25;;1.62;24;;;;;;;;;;;;;;;;;
MCOSURV;2024;500000021;HOPITAUX DU SUD MANCHE;500000054;1;6;2839;406;2102;0;0;0;0;1.88;;5.72;2.62;;0.95;0;;;;;;;;;;;;;;;;;
MCOSURV;2024;500000146;HOPITAL PRIVE DE LA BAIE;500000500;1;4;1460;268;749;0;0;0;0;;;4.7;1.8;;;5;;;;;;;;;;;;;;;;;
MCOSURV;2024;500000187;CHPC - SITE CHERBOURG;500000013;1;7;2562;104;471;4;1464;583;1434;;;2.71;2.58;;1.32;;;;;;;0.35;;5.86;2.88;;1.15;;;;;;
MCOSURV;2024;500000450;CH - SAINT-LO;500000112;1;0;1096;142;578;0;0;0;0;0.6;;4;1;;;;;;;;;;;;;;;;;;;;
MCOSURV;2024;500002357;POLYCLINIQUE DU COTENTIN;500002233;1;4;1460;135;193;0;0;0;0;;;0.2;0.2;;0.2;1;;;;;;;;;;;;;;;;;
MCOSURV;2024;500026307;HOPITAL PRIVE DE LA MANCHE;500026299;1;4;680;27;63;0;0;0;0;;;1.8;;;;1;;;;3;;;;;;;;;;;;;
MCOSURV;2024;510000169;CENTRE HOSPITALIER LEON BOURGEOIS;510000037;1;0;2136;363;1544;0;0;0;0;0.15;;10.23;3.54;;1.35;;;;;;;;;;;;;;;;;;
MCOSURV;2024;510000235;CENTRE HOSPITALIER D'EPERNAY;510000060;1;4;1464;297;1128;0;0;0;0;0.2;;4.51;3.15;;0.29;;;;;;;;;;;;;;;;;;
MCOSURV;2024;510000516;INSTITUT GODINOT;510000136;1;6;2190;304;1703;0;0;0;0;0.96;0.91;14.01;6.69;;2.23;;;;;;;;;;;;;;;;;;
MCOSURV;2024;510002447;HOPITAL ROBERT DEBRE CHU REIMS;510000029;1;12;4380;1210;4354;0;0;0;0;0.23;0;24.16;19.28;0;5.82;;0;0;0;0;0;;0;0;0;0;0;;0;0;0;0;0
MCOSURV;2024;510002470;AMERICAN MEMORIAL HOSPITAL CHU REIMS;510000029;1;0;0;0;0;8;2928;291;1410;;;;;;;;;;;;;;4.68;6.67;8.74;0;5.02;;0;0;0;0;0
MCOSURV;2024;510004302;HOPITAL MAISON BLANCHE CHU REIMS;510000029;1;5;1972;;;0;0;;;3.62;0;12.07;9.73;0;7.46;;0;0;0;0;0;;0;0;0;0;0;;0;0;0;0;0
MCOSURV;2024;510024979;POLYCLINIQUE REIMS - BEZANNES;510000532;1;4;5736;993;3224;0;0;0;0;;;18.19;14.55;;0.81;16;;;;;;;;;;;;;;;;;
MCOSURV;2024;520000068;CH GENEVIEVE DE GAULLE ANTHONIOZ;520780073;1;2;732;166;745;0;0;0;0;1.53;;3.6;1;;;;;;;;;;;;;;;;;;;;
MCOSURV;2024;520004680;GCS POLE DE SANTE SUD 52 - CH CHAUMONT;520004664;1;6;2190;342;1697;0;0;0;0;;;3.56;4;;;4;;;;;;;;;;;;;;;;;
MCOSURV;2024;520004714;GCS POL SANT SUD 52 - CLINIQ COMPASSIO;520004664;1;6;2190;351;1416;0;0;0;0;;;6.4;4;;;3;;;;;;;;;;;;;;;;;
MCOSURV;2024;520780180;CLINIQUE FRANCOIS 1ER;520000100;1;4;1460;194;489;0;0;0;0;;;4.4;;;;1;;;;;;;;;;;;;;;;;
MCOSURV;2024;520780214;CENTRE MEDICO-CHIRURGICAL DE CHAUMONT;520000118;1;10;3650;522;3575;0;0;0;0;;;6.46;7.98;;;;;;;;;;;;;;;;;;;;
MCOSURV;2024;530000173;CH DU NORD MAYENNE;530000074;1;6;2196;40;147;0;0;0;0;0.19;0.06;2.81;2.28;;0.2;;;;;;;;;;;;;;;;;;
MCOSURV;2024;530031962;POLYCLINIQUE DU MAINE;530000975;1;6;2196;370;1880;0;0;0;0;;;5;5;;;6;;;;;;;;;;;;;;;;;
MCOSURV;2024;540000015;CHRU NANCY - MATERNITE;540023264;1;0;1072;711;352;0;0;0;0;0.44;;5.8;6;;0.48;;;;;;;;;;;;;;;;;;
MCOSURV;2024;540000023;CENTRE HOSPITALIER SAINT CHARLES TOUL;540000049;1;5;1830;377;1587;0;0;0;0;0.09;;12.33;2.86;;0.17;;;;;;;;;;;;;;;;;;
MCOSURV;2024;540000155;CENTRE HOSPITALIER DE LUNEVILLE;540000080;1;8;2928;575;2244;0;0;0;0;2.7;0;11.52;5.88;0.1;0.9;;;;;;;;;;;;;;;;;;
MCOSURV;2024;540000163;CHRU NANCY - CENTRE EMILE GALLE;540023264;1;0;1340;212;570;;;0;0;;;4.89;4.77;;0.5;;;;;;;;;;;;;;;;;;
MCOSURV;2024;540000478;CLINIQUE LOUIS PASTEUR;540027547;1;8;2928;1743;3460;0;0;0;0;;;6.8;6.8;;4.36;35;;;;;;;;;;;;;;;;;
MCOSURV;2024;540001096;CH DE MT ST MARTIN (GROUPE SOS SANTE);570010181;1;8;2928;845;2810;0;0;0;0;2.25;;9.8;7.3;;0.3;;;;;;;;;;;;;;;;;;
MCOSURV;2024;540001138;CHRU NANCY - HOPITAL CENTRAL;540023264;1;0;8040;819;7453;0;0;0;0;2.06;;38.91;26.21;;8.45;;;;;;;;;;;;;;;;;;
MCOSURV;2024;540001286;INSTITUT DE CANCEROLOGIE DE LORRAINE;540003019;1;8;2928;382;2280;0;0;0;0;9;9.94;9.27;4.08;;;;;;;;;;;;;;;;;;;;
MCOSURV;2024;540002698;CHRU NANCY - HOPITAUX DE BRABOIS;540023264;1;7;8458;1183;7063;0;1072;390;1418;1.88;;41.82;26.52;;11.84;;;;;;;0.37;1.4;5.46;6.53;;3.18;;;;;;
MCOSURV;2024;540026895;HOPITAL PRIVE NANCY LORRAINE;540026739;1;6;2190;811;3101;;;;;;;;;;;;;;;;;;;;;;;;;;;;
MCOSURV;2024;550000012;CH VERDUN/ST MIHIEL-HOP ST NICOLAS;550006795;1;0;2100;256;934;0;0;0;0;;;2.07;5.38;0.43;1.16;;;;;;;;;;;;;;;;;;
MCOSURV;2024;550000434;CH BLD FV SITE BLD;550003354;1;6;2196;256;1774;0;0;0;0;3.16;;12.38;6.15;0.01;4.13;;;;;;;;;;;;;;;;;;
MCOSURV;2024;560000127;CHBA SITE DE VANNES;560023210;1;8;2928;583;2030;4;1464;290;1932;1.87;0.4;18.99;13.96;;3.01;;;;;;;0.3;;;;;;;;;;;
MCOSURV;2024;560000135;GHBS- HÔPITAL DU SCORFF;560005746;1;6;2196;505;1800;4;1464;230;769;2.18;;11.81;7.99;;0.34;;;;;;;0.51;;;;;;;;;;;
MCOSURV;2024;560000143;CHCB SITE KERIO;560014748;1;6;2196;410;1616;0;0;0;0;1.06;;12.84;2.8;;1.18;;;;;;;;;;;;;;;;;;
MCOSURV;2024;560000192;CENTRE HOSPITALIER DE PLOERMEL;560000044;1;6;1368;325;1425;0;0;0;0;1.13;;6.82;6.35;;0.4;;;;;;;;;;;;;;;;;;
MCOSURV;2024;560002933;CLINIQUE MUTUALISTE PORTE DE L'ORIENT;560026965;1;8;2758;850;1566;0;0;0;0;1;;10.87;4.25;;0.8;;;;;;;;;;;;;;;;;;
MCOSURV;2024;560008799;HÔPITAL PRIVÉ OCÉANE;560013989;1;8;2920;550;2924;0;0;0;0;;;9.6;9.6;;;2;;;;;;;;;;;;;;;;;
MCOSURV;2024;560029068;GCS CLINIQUE DU TER;560029050;1;8;2920;361;1599;0;0;0;0;;;5;5;;1;;;;;;;;;;;;;;;;;;
MCOSURV;2024;570000059;CH MARIE-MADELEINE DE FORBACH;570025254;1;0;1602;248;1790;0;0;0;0;0.6;0.5;15.45;9.55;0.1;9.29;;;;;;;;;;;;;;;;;;
MCOSURV;2024;570000083;CLINIQUE SAINT NABOR DE SAINT AVOLD;570000729;1;6;2190;451;648;0;0;0;0;;0;7.23;;;1;10;;;;4;;;;;;;;;;;;;
MCOSURV;2024;570000117;CH SAINT-NICOLAS DE SARREBOURG;570015099;1;6;2196;299;1638;0;0;0;0;1.59;;12.14;6.07;;2.9;;;;;;;;;;;;;;;;;;
MCOSURV;2024;570000216;HOPITAL DE SAINT AVOLD - SOS SANTE;570010181;1;0;2136;324;1632;0;0;0;0;2.3;;9.61;5.27;0.24;0.46;;;;;;;;;;;;;;;;;;
MCOSURV;2024;570000356;CLINIQUE AMBROISE PARE DE THIONVILLE;570000919;1;10;3650;467;1050;0;0;0;0;;;9.6;7.6;;1;5;;;;1;;;;;;;;;;;;;
MCOSURV;2024;570000901;HOPITAL ROBERT PAX DE SARREGUEMINES;570000158;1;;1644;215;1023;0;0;0;0;9.24;;31.59;12.66;;1.6;;;;;;;;;;;;;;;;;;
MCOSURV;2024;570026252;HOPITAL ROBERT SCHUMAN DE VANTOUX -HPM;570023630;1;8;2928;568;1859;0;0;0;0;11.75;;;;;;;;;;;;;;;;;;;;;;;
MCOSURV;2024;570026682;HOPITAL DE MERCY - CHR METZ THIONVILLE;570005165;1;0;3288;713;2423;0;1096;249;858;0.72;;5.52;1.84;;0.75;;;;;;;0.52;3.65;;1.01;;;;;;;;
MCOSURV;2024;580780138;POLYCLINIQUE DU VAL DE LOIRE;580000024;1;5;1825;68;265;0;0;0;0;;;;;;;4;;1;1;;;;;;;;;;;;;;
MCOSURV;2024;580972669;CH CLAMECY;580780070;1;4;1464;225;952;0;0;0;0;3.8;;1.58;1.33;;0.5;;;;;;;;;;;;;;;;;;
MCOSURV;2024;580972685;CH DECIZE;580780096;1;4;1369;106;192;0;0;0;0;;;4.82;4.53;0;0.3;;;;;;;;;;;;;;;;;;
MCOSURV;2024;590000121;CH SECLIN;590780227;1;0;1517;191;998;0;0;0;0;1.1;;4.91;2.03;0.08;0.38;;;;;;;;;;;;;;;;;;
MCOSURV;2024;590000188;CLCC OSCAR LAMBRET LILLE;590780334;1;0;2770;392;1696;0;0;0;0;;;;;;;;;;;;;;;;;;;;;;;;
MCOSURV;2024;590000337;CH DUNKERQUE;590781415;1;0;2208;392;1683;4;1464;370;1010;2.71;0;7.73;6.13;0;1.71;;;;;;;1.01;4;1;0;0;0.5;;;;;;
MCOSURV;2024;590000428;CH CAMBRAI;590781605;1;0;1644;237;1338;4;1096;192;346;;;2;6.13;;0.61;;;;;;;;;1.5;;;;;;;;;
MCOSURV;2024;590000436;CH LE CATEAU;590781621;1;6;943;225;1688;0;0;0;0;4.49;0.7;9.31;6.97;;0.83;0;;;;;;0;;;;;;0;;;;;
MCOSURV;2024;590000469;CH FOURMIES;590781662;1;8;2920;334;1970;0;0;0;0;;;8.6;6;;0.4;;;;;;;;;;;;;;;;;;
MCOSURV;2024;590000535;CH DE MAUBEUGE MCO;590781803;1;0;2112;377;1824;0;1056;285;658;1.45;;9.64;7.65;0.12;;;;;;;;0.25;1.84;2.7;5.24;;3.05;;;;;;
MCOSURV;2024;590000592;CH DENAIN;590782165;1;0;2208;374;2118;0;0;0;0;3.11;;7.37;6.01;;1.88;;;;;;;;;;;;;;;;;;
MCOSURV;2024;590000618;CH VALENCIENNES;590782215;1;15;5475;567;3172;6;2190;446;1092;3.5;;19.75;16.74;;2.36;;;;;;;;0.8;;0.8;;;;;;;;
MCOSURV;2024;590000691;CH WATTRELOS;590782439;1;6;2196;360;1685;0;0;0;0;0.45;;3.35;4.42;;;;;;;;;;;;;;;;;;;;
MCOSURV;2024;590000758;CH ARMENTIERES;590782637;1;0;1350;172;969;0;0;0;0;;;3.59;3.6;;0.55;;;;;;;;;;;;;;;;;;
MCOSURV;2024;590001004;CH DOUAI DECHY;590783239;1;0;2256;513;1383;0;1128;250;518;1;;8.6;8.8;;1;;;;;;;;3.9;3.6;5.9;;0.5;;;;;;
MCOSURV;2024;590006607;HOP JEANNE DE FLANDRE CHU LILLE;590780193;1;0;0;0;0;;;1438;7944;;;;;;;;;;;;;;;;;;;;;;;;
MCOSURV;2024;590006896;POLYCLINIQUE DE LA THIÉRACHE;590000519;1;6;2052;26;108;0;0;0;0;;;8;8;;;;;;;;;;;;;;;;;;;;
MCOSURV;2024;590008041;POLYCLINIQUE VAUBAN;590008033;1;6;2190;219;1831;0;0;0;0;;;6.2;4.8;;1.6;28;;;;1;;;;;;;;;;;;;
MCOSURV;2024;590052056;GCS GHICL CLINIQUE STE MARIE;590051801;1;6;2190;204;776;0;0;0;0;;;;;;;;;;;;;;;;;;;;;;;;
MCOSURV;2024;590780268;HOPITAL PRIVÉ LE BOIS;590053955;1;16;6570;1426;5133;0;0;0;0;;1;10.8;10.6;;;;;;;;;;;;;;;;;;;;
MCOSURV;2024;590780284;GCS GHICL HÔPITAL ST PHILIBERT;590051801;1;0;1642;335;1331;0;0;0;0;0.75;;4.2;4.2;;;;;;;;;;;;;;;;;;;;
MCOSURV;2024;590780383;HOPITAL PRIVE LA LOUVIERE;590000204;1;12;4380;289;2595;0;0;0;0;;;9.4;7.34;;1.2;17;;;;;;;;;;;;;;;;;
MCOSURV;2024;590782298;POLYCLINIQUE DU PARC;590000675;1;8;2920;364;1894;0;0;0;0;;;;;;;;;;;;;;;;;;;;;;;;
MCOSURV;2024;590782553;HOPITAL PRIVE DE VILLENEUVE D'ASCQ;590000741;1;6;2190;374;1459;0;0;0;0;;;5.2;2.5;;;;;;;;;;;;;;;;;;;;
MCOSURV;2024;590787586;INSTITUT COEUR POUMON CHU LILLE;590780193;1;0;0;175;402;;;0;0;;;;;;;;;;;;;;;;;;;;;;;;
MCOSURV;2024;590788964;SARL CLINIQUE DU PARC;590001756;1;6;2082;128;876;0;0;0;0;0;0;8;8;0;0;;;;;;;;;;;;;;;;;;
MCOSURV;2024;590796975;HÔPITAL SALENGRO CHU LILLE;590780193;1;0;0;1902;7727;;;0;0;;;;;;;;;;;;;;;;;;;;;;;;
MCOSURV;2024;590797353;GCS GHICL HOPITAL SAINT VINCENT -;590051801;1;0;2190;545;1902;0;1643;538;1448;0.75;;8.35;6.28;;0.77;;;;;;;;;;;;;;;;;;
MCOSURV;2024;590801106;HOPITAL VICTOR PROVO;590782421;1;0;2190;407;1348;4;1460;321;1045;;;5.79;5.79;;1;;;;;;;;;;;;;;;;;;
MCOSURV;2024;590804696;CENTRE HOSPITALIER DE TOURCOING;590781902;1;0;1098;242;988;0;0;0;0;3.83;;4.29;3;;1.05;;;;;;;;;;;;;;;;;;
MCOSURV;2024;590811279;HOP CLAUDE HURIEZ CHU LILLE;590780193;1;0;0;1463;10182;0;0;0;0;;;;;;;;;;;;;;;;;;;;;;;;
MCOSURV;2024;590813382;NOUVELLE CLINIQUE VILLETTE SA;590000386;1;4;1416;4;33;0;0;0;0;;;1.65;1.21;;;4;;;;;;;;;;;;;;;;;
MCOSURV;2024;590813507;POLYCLINIQUE DU VAL DE SAMBRE;590000485;1;6;2052;141;853;0;0;0;0;;;8;8;0.5;0.4;1;;;;;;;;;;;;;;;;;
MCOSURV;2024;590815056;CLINIQUE DE FLANDRE;590005492;1;6;2196;184;689;0;0;0;0;;;2.9;1.1;;;;;;;;;;;;;;;;;;;;
MCOSURV;2024;590816310;CLINIQUE SAINT AME;590000048;1;0;2216;329;1904;0;0;0;0;;;6.68;6.9;;;6;;;;1;;;;;;;;;;;;;
MCOSURV;2024;590817458;CLINIQUE DE LA VICTOIRE;590053955;1;6;2190;116;317;0;0;0;0;;;2;2;;0.8;8;;;;;;;;;;;;;;;;;
MCOSURV;2024;600000194;CH BEAUVAIS;600100713;1;6;2196;147;374;0;0;0;0;;6.27;;2.73;;0.13;;;;;;;;;;;;;;;;;;
MCOSURV;2024;600000467;CH GHPSO CREIL;600101984;1;0;0;0;0;0;1460;191;712;2.93;;5.8;2;;;;;;;;;1.72;0.15;5.02;5.14;;1;;;;;;
MCOSURV;2024;600100168;CENTRE MÉDICO-CHIRURGICAL DES JOCKEYS;600106629;1;4;4;22;95;0;0;0;0;;;;;;;;;;;;;;;;;;;;;;;;
MCOSURV;2024;600100754;POLYCLINIQUE SAINT CÔME;600000228;1;12;4380;927;10272;0;0;0;0;;;16.25;16.27;;4.25;15;;;;;;;;;;;;;;;;;
MCOSURV;2024;600110175;CLINIQUE DU PARC SAINT-LAZARE;600001234;1;6;2190;159;797;0;0;0;0;;;;;;;;;;;;;;;;;;;;;;;;
MCOSURV;2024;600113476;CH CHICN COMPIÈGNE;600100721;1;0;3660;469;4028;0;0;0;0;4.88;;15.27;12.1;;2.92;;;;;;;;;;;;;;;;;;
MCOSURV;2024;610000044;CENTRE HOSPITALIER DE L'AIGLE;610780074;1;6;2190;200;1483;0;0;0;0;0;0;5.86;6.06;0;0;0;0;0;0;0;0;0;0;0;0;0;0;0;0;0;0;0;0
MCOSURV;2024;610000051;CHICAM - SITE ALENCON;610780082;1;4;1460;285;1214;0;0;0;0;;;;;;;;;;;;;;;;;;;;;;;;
MCOSURV;2024;610000069;CENTRE HOSPITALIER D'ARGENTAN;610780090;1;4;1464;481;644;0;0;0;0;1;;3.77;2.52;;1;;;;;;;;;;;;;;;;;;
MCOSURV;2024;610000119;CH JACQUES MONOD - FLERS;610780165;1;0;976;135;605;0;0;0;0;;;;;;;;;;;;;;;;;;;;;;;;
MCOSURV;2024;610006421;CLINIQUE D'ALENCON;610006413;1;4;1460;12;51;0;0;0;0;;;1;1;;;1;;;;;;;;;;;;;;;;;
MCOSURV;2024;620000034;CH ARRAS;620100057;1;0;2657;471;2000;12;2120;522;1400;3;;17.67;6.96;;1.08;;;;;;;;5.67;2.15;4.67;;;;;;;;
MCOSURV;2024;620000224;CH BETHUNE;620100651;1;4;0;278;977;0;0;0;0;0.76;;2;1;0.67;0.13;;;;;;;;;;;;;;;;;;
MCOSURV;2024;620000257;CH LENS;620100685;1;0;3324;739;3262;0;2216;538;1506;1.3;;16.67;12.12;;1.78;;;;;;;;;;;;;;;;;;
MCOSURV;2024;620000323;CH CALAIS;620101337;1;0;1108;63;184;4;1464;377;836;1.07;;6.95;6.39;0.35;0.89;;;;;;;1.82;3.15;1.45;0.29;;2.04;;;;;;
MCOSURV;2024;620000349;CH REGION DE ST OMER;620101360;1;0;2154;268;1424;0;0;0;0;0.95;0;7.99;5.39;0;1.18;;;;;;;;;;;;;;;;;;
MCOSURV;2024;620000653;CH BOULOGNE-SUR-MER;620103440;1;6;2190;485;1440;4;1460;487;1322;2.48;;2.8;2;;;;;;;;;;;;;;;;;;;;
MCOSURV;2024;620003202;CH ARRONDISSEMENT DE MONTREUIL;620103432;1;6;2196;251;835;0;0;0;0;1.8;;9;6;;0.5;;;;;;;;;;;;;;;;;;
MCOSURV;2024;620003350;HOPITAL DE RIAUMONT;620001834;1;10;3660;546;1431;0;0;0;0;1.38;6.47;;2.41;0.08;;;;;;;;;;;;;;;;;;;
MCOSURV;2024;620003376;POLYCLINIQUE MED CHIR D'HENIN-BEAUMONT;620001834;1;10;3660;430;2470;0;0;0;0;2.2;0;13.4;8.34;0.5;1.4;;;;;;;;;;;;;;;;;;
MCOSURV;2024;620006049;CLINIQUE CHIRURGICALE DE SAINT-OMER;620000331;1;6;2190;30;250;0;0;0;0;;;;;;;6;;;;;;;;;;;;;;;;;
MCOSURV;2024;620025346;POLYCLINIQUE DE LA  CLARENCE;620001834;1;9;3294;391;1789;0;0;0;0;;;11.35;8.58;0.6;1.29;;;;;;;;;;;;;;;;;;
MCOSURV;2024;620100099;HOPITAL PRIVE ARRAS LES BONNETTES;620014779;1;0;2190;158;587;0;0;0;0;;;4.3;5.76;;;21;;;;5;;;;;;;;;;;;;
MCOSURV;2024;620100487;CLINIQUE DES ACACIAS;620000125;1;6;2190;38;301;0;0;0;0;;;1.5;1;;0.5;6;;;;1;;;;;;;;;;;;;
MCOSURV;2024;620100735;CLINIQUE ANNE ARTOIS;620000265;1;6;2190;280;1617;0;0;0;0;0;0;6.9;5.7;0.1;5.05;7;0;0;0;0;0;;;;;;;;;;;;
MCOSURV;2024;620100750;CLINIQUE AMBROISE PARE;620000273;1;9;3285;392;1656;0;0;0;0;;4;1;3;;;10;;;;5;;;;;;;;;;;;;
MCOSURV;2024;620101311;CLINIQUE DES 2 CAPS;620027763;1;6;2190;340;2174;0;0;0;0;;;;;;;;;;;;;;;;;;;;;;;;
MCOSURV;2024;620101501;HOPITAL PRIVE DE BOIS BERNARD;620000364;1;0;5004;1000;4644;0;0;0;0;1;;;;;;24;;;;2;;;;;;;;;;;;;
MCOSURV;2024;620118513;CENTRE MCO COTE D'OPALE;620002915;1;6;2190;414;2847;0;0;0;0;;;10.4;6.12;;;8;;;;5;;;;;;;;;;;;;
MCOSURV;2024;630000404;HOPITAL GABRIEL MONTPIED - CHU63;630780989;1;24;8784;1508;7777;0;0;0;0;0.4;;9.44;8.38;;0.97;;;;;;;;;;;;;;;;;;
MCOSURV;2024;630000420;CH PAUL ARDIER ISSOIRE;630781003;1;4;1464;231;1361;0;0;0;0;4.4;;7.26;7.4;;0.3;;;;;;;;;;;;;;;;;;
MCOSURV;2024;630000438;CH DE RIOM;630781011;1;6;2190;561;1803;0;0;0;0;1;5;;4.3;;0.3;;;;;;;;;;;;;;;;;;
MCOSURV;2024;630000446;CH DE THIERS;630781029;1;6;2190;264;1773;0;0;0;0;2.48;10.8;0;8.52;0;1.82;0;0;0;0;0;0;0;0;0;0;0;0;0;0;0;0;0;0
MCOSURV;2024;630000479;CENTRE LUTTE CONTRE LE CANCER J.PERRIN;630781110;1;5;1830;415;1595;0;0;0;0;1.07;;10;4.8;0.33;1.6;;;;;;;;;;;;;;;;;;
MCOSURV;2024;630780211;POLE SANTE REPUBLIQUE;630000107;1;8;2928;622;1815;0;0;0;0;;0.2;7.71;3.67;;;15;;;;;;;;;;;;;;;;;
MCOSURV;2024;630781268;HOPITAL ESTAING - CHU63;630780989;1;8;2796;572;2371;16;4879;618;3505;;;11.6;8.46;;;;;;;;;0.64;2.89;1.8;2.45;;1.66;;;;;;
MCOSURV;2024;630781839;HOPITAL PRIVE LA CHATAIGNERAIE;630000826;1;7;2555;574;1258;0;0;0;0;;7.2;;2.4;;;20;;;;;;;;;;;;;;;;;
MCOSURV;2024;640000162;CH COTE BASQUE;640780417;1;7;2485;789;1954;5;1830;599;1816;0.88;;11.9;6.08;;0.8;;;;;;;0.67;5.08;1.41;6.32;;;;;;;;
MCOSURV;2024;640000410;CENTRE HOSPITALIER OLORON;640780821;1;0;2196;220;1263;0;0;0;0;1.04;0;9.98;3.2;;2.26;;;;;;;;;;;;;;;;;;
MCOSURV;2024;640000600;CENTRE HOSPITALIER DE PAU;640781290;1;0;1370;373;1121;0;1096;332;872;2.56;;11.51;10.9;;1.18;;;;;;;;;;;;;;;;;;
MCOSURV;2024;640017646;CENTRE HOSPITALIER DE SAINT-PALAIS;640017638;1;4;1460;507;1074;0;0;0;0;9.89;3.8;3;;;;;;;;;;2.18;;;;;;;;;;;
MCOSURV;2024;640018206;CLINIQUE BELHARRA;640012209;1;0;5171;878;4378;0;0;0;0;0;0;15.83;12.5;;1.98;46;;;;;;;;;;;;;;;;;
MCOSURV;2024;640780490;CAPIO CLINIQUE AGUILERA;640000212;1;6;2196;307;1728;0;0;0;0;6;;4.62;4.42;;;6;;;;;;;;;;;;;;;;;
MCOSURV;2024;640780946;POLYCLINIQUE PAU PYRENEES SITE NAVARRE;640000469;1;18;6570;1111;3282;0;0;0;0;;0;11.5;6.59;;;;;;;;;;;;;;;;;;;;
MCOSURV;2024;640781225;CLINIQUE MEDICALE CARDIOLOGIQUE ARESSY;640000568;1;6;2190;251;2386;0;0;0;0;;;5.88;5.71;0.6;;;;;;;;;;;;;;;;;;;
MCOSURV;2024;650000045;CH TARBES LOURDES SITE LOURDES;650783160;1;6;2190;435;1366;0;0;0;0;2.4;;9.63;5.67;;0.5;;;;;;;;;;;;;;;;;;
MCOSURV;2024;650000417;CH TARBES LOURDES GESPE SITE TARBES;650783160;1;4;1460;197;845;0;0;0;0;1;;2.89;3.83;;0.52;;;;;;;;;;;;;;;;;;
MCOSURV;2024;650002579;POLYCL L'ORMEAU SITE PYRENEES TARBES;650000243;1;6;2190;275;1303;0;0;0;0;;;6.59;4.62;;1.79;5;;;;;;;;;;;;;;;;;
MCOSURV;2024;650780679;POLYCL L'ORMEAU SITE CENTRE TARBES;650000243;1;8;2190;205;1946;0;0;0;0;;;6.38;4.26;;1.26;3;;;;;;;;;;;;;;;;;
MCOSURV;2024;650784218;CMC HOPITAUX DE LANNEMEZAN;650780174;1;5;1830;300;1213;0;0;0;0;1.12;;6.28;5.24;;0.68;;;;;;;;;;;;;;;;;;
MCOSURV;2024;660000084;CH PERPIGNAN;660780180;1;0;4392;693;3485;0;0;0;0;0.83;0;14.42;10.58;0;0;;;;;;;;;;;;;;;;;;
MCOSURV;2024;660006305;CL MUTUALISTE CATALANE PERPIGNAN;340028901;1;6;2160;164;1243;0;0;0;0;11;;2;2;;;;;;;;;;;;;;;;;;;;
MCOSURV;2024;660780784;CL ST PIERRE PERPIGNAN;660000407;1;12;4380;788;3874;0;0;0;0;;;16.87;11.65;;0.4;3;;;;2;;;;;;;;;;;;;
MCOSURV;2024;660790387;POLYCL MEDIPOLE ST ROCH CABESTANY;660790379;1;8;2920;930;3678;0;0;0;0;;;11.02;3.4;;;;;;;;;;;;;;;;;;;;
MCOSURV;2024;670000025;HOPITAL CIVIL / NOUVEL HOPITAL CIVIL;670780055;1;16;5840;408;5043;0;0;0;0;1.2;;;;;;;;;;;;;;;;;;;;;;;
MCOSURV;2024;670000157;CENTRE HOSPITALIER DE HAGUENAU;670780337;1;0;1068;283;839;0;1404;319;994;0.93;;7.11;3.22;0.19;2.52;;;;;;;0.72;4.75;2.5;2.54;0.08;4.02;;;;;;
MCOSURV;2024;670000165;CH SAINTE-CATHERINE DE SAVERNE;670780345;1;0;536;121;352;0;0;0;0;0.95;;2.13;1.2;;0.92;;;;;;;;;;;;;;;;;;
MCOSURV;2024;670000272;CH INTERCOMMUNAL DE LA LAUTER;670780543;1;8;2928;372;1860;0;0;0;0;4.41;0.17;12.2;2.33;0.5;3;;;;;;;;;;;;;;;;;;
MCOSURV;2024;670000397;CENTRE HOSPITALIER DE SELESTAT;670017755;1;8;2928;350;2174;0;0;0;0;2.04;;12.27;4;0;4.89;;;;;;;;;;;;;;;;;;
MCOSURV;2024;670018068;CLINIQUE RHENA GCS ES;670017847;1;18;6588;1168;3008;0;0;0;0;;;20.91;4.21;;;19;;;;;;;;;;;;;;;;;
MCOSURV;2024;670020098;GCS ICANS SITE HTP2/ICANS - ET EXPL;670016914;1;10;3363;379;3903;0;0;0;0;0.33;0.25;12.71;5.89;;;;;;;;;;;;;;;;;;;;
MCOSURV;2024;670780113;CMCO;670780055;1;1;365;40;10;;;0;0;;;;;;;;;;;;;;;;;;;;;;;;
MCOSURV;2024;670780170;CLINIQUE DE L'ORANGERIE;670000116;1;10;3660;329;2117;0;0;0;0;;11.8;;3.11;1;;8;;;;;;;;;;;;;;;;;
MCOSURV;2024;670780188;CLINIQUE SAINTE-BARBE;670014604;1;6;2190;342;1500;0;0;0;0;;;11.2;1.5;;;;;;;;;;;;;;;;;;;;
MCOSURV;2024;670780212;CLINIQUE SAINTE-ANNE;670014604;1;6;2190;238;708;0;0;0;0;;;12.2;;;;;;;;;;;;;;;;;;;;;
MCOSURV;2024;670780378;CLINIQUE SAINT-FRANÇOIS;670000785;1;5;1830;269;571;0;0;0;0;;0.2;8.1;2.9;;1.05;6;;;;;;;;;;;;;;;;;
MCOSURV;2024;670780386;CLINIQUE SAINTE-ODILE;670000199;1;6;2190;277;991;0;0;0;0;;;7.05;;;;;;;;;;;;;;;;;;;;;
MCOSURV;2024;670783273;HOPITAL DE HAUTEPIERRE;670780055;1;24;8760;1714;11653;8;2920;2371;9748;1.9;;51.52;24.83;3.55;9.29;;;;;;;1.5;15.83;12.67;10.86;;12.16;;;;;;
MCOSURV;2024;680000320;CLINIQUE DIACONAT FONDERIE;680000643;1;4;1460;380;472;0;0;0;0;0;0;4;0;0;1;8;0;0;0;1;0;0;0;0;0;0;0;0;0;0;0;0;0
MCOSURV;2024;680000494;CLINIQUE DIACONAT ROOSEVELT;680000643;1;12;4392;975;2038;0;0;0;0;0;0;19;0;0;;8;0;0;0;0;;;;;;;;;;;;;
MCOSURV;2024;680000684;HOPITAL LOUIS PASTEUR;680000973;1;0;2745;606;1803;0;3019;625;1612;;;;;;;;;;;;;;;;;;;;;;;;
MCOSURV;2024;680001195;HOPITAL ALBERT SCHWEITZER;680000643;1;14;5110;1033;3991;0;0;0;0;1;;15.56;4.85;;;;;;;;;;;;;;;;;;;;
MCOSURV;2024;680004546;HOPITAL EMILE MULLER;680020336;1;8;10353;1313;9761;0;2200;446;2631;4.15;;40.83;21.23;1;7.32;;;;;;;0.6;6.54;6.59;3.41;0.2;1.65;;;;;;
MCOSURV;2024;690000427;CTRE MEDICO-CHIR READAPT. LES MASSUES;750721334;1;4;1460;243;304;0;0;0;0;0.32;1.07;;1.02;;0.41;;;;;;;;;;;;;;;;;;
MCOSURV;2024;690000575;CH NORD OUEST - VILLEFRANCHE;690782222;1;8;2928;569;2211;10;2556;447;2417;2.96;;10.45;6.36;;0.86;;;;;;;1.43;1.99;5.72;5.28;;0.71;;;;;;
MCOSURV;2024;690000880;CENTRE LEON BERARD;690783220;1;8;2820;674;2670;0;0;0;0;1.5;4.77;4.83;6.8;1.07;1;;;;;;;;;;;;;;;;;;
MCOSURV;2024;690007539;HOPITAL FEMME MERE ENFANT - HCL;690781810;1;0;0;0;0;27;9392;1743;7377;;;;;;;;;;;;;2.22;7.08;17.11;19.87;;3.38;;;;;;
MCOSURV;2024;690023239;CLINIQUE DU PARC LYON;690000146;1;6;1794;603;656;0;0;0;0;;;5;2;;0.5;;;;;;;;;;;;;;;;;;
MCOSURV;2024;690023411;HOPITAL PRIVE JEAN MERMOZ;690000252;1;28;10220;1302;4964;0;0;0;0;0;;20.24;21.72;;1.09;12;0;0;0;3;0;0;0;0;0;0;0;0;0;0;0;0;0
MCOSURV;2024;690041124;MEDIPOLE HOPITAL PRIVE;690000724;1;18;6588;1643;4955;0;0;0;0;;;8.66;5.4;;3.57;30;;;;;;;;;;;;;;;;;
MCOSURV;2024;690054713;CLINIQUE LES PORTES DU SUD;690054705;1;4;1460;327;1823;0;0;0;0;;;1.91;0.37;;0.19;;;;;;;;;;;;;;;;;;
MCOSURV;2024;690054721;HOPITAL LES PORTES DU SUD;690054697;1;4;1460;15;59;0;0;0;0;;;8.72;1.69;;0.85;;;;;;;;;;;;;;;;;;
MCOSURV;2024;690780358;CLINIQUE DU VAL D'OUEST VENDOME;690000195;1;6;2196;347;2041;0;0;0;0;0;0;5;5;0;0.5;20;0;0;0;1;0;0;0;0;0;0;0;0;0;0;0;0;0
MCOSURV;2024;690780366;CLINIQUE MEDICO-CHIRURGICALE CHARCOT;690000203;1;6;2190;378;1404;0;0;0;0;;;7.7;1.5;;;12;;;;;;;;;;;;;;;;;
MCOSURV;2024;690780390;POLYCLINIQUE LYON NORD;690000229;1;12;2920;309;1145;0;0;0;0;3;;3.93;3;;;117;;;;2;;;;;;;;;;;;;
MCOSURV;2024;690780655;HOPITAL PRIVE DE L'EST LYONNAIS (HPEL);690000377;1;4;1460;214;457;0;0;0;0;;;0.11;0.16;;;1;;;;1;;;;;;;;;;;;;
MCOSURV;2024;690780663;CLINIQUE TRENEL;690000385;1;6;2190;165;1181;0;0;0;0;;;6;4.8;;;10;;;;;;;;;;;;;;;;;
MCOSURV;2024;690783154;HOPITAL EDOUARD HERRIOT - HCL;690781810;1;25;9148;2219;7767;0;0;0;0;3.11;0;26.99;22.17;1.92;2.12;;;;;;;;;;;;;;;;;;
MCOSURV;2024;690784137;HOPITAL LYON SUD - HCL;690781810;1;11;4026;794;3723;0;0;0;0;;;11.61;11.28;1.16;5;;;;;;;;;;;;;;;;;;
MCOSURV;2024;690784152;HOPITAL CROIX-ROUSSE - HCL;690781810;1;18;6588;1456;5281;0;0;0;0;1.2;0;12.06;7.43;0;1.31;;;;;;;;;;;;;;;;;;
MCOSURV;2024;690784178;HOPITAL PIERRE WERTHEIMER - HCL;690781810;1;10;3500;668;3145;0;0;0;0;1;;;;;;;;;;;;;;;;;;;;;;;
MCOSURV;2024;690784186;HOPITAL LOUIS PRADEL - HCL;690781810;1;18;4914;1529;4477;8;2680;282;2025;0.86;;20.34;15.31;;3.74;;;;;;;1.93;3.86;7.85;9.29;;3.18;;;;;;
MCOSURV;2024;690793468;INFIRMERIE PROTESTANTE;690002068;1;10;3660;751;2553;0;0;0;0;0;0;8.22;7.61;0;0;25;0;0;0;0;0;;;;;;;;;;;;
MCOSURV;2024;690805361;CH ST JOSEPH ST LUC;690805353;1;10;3660;1049;2472;0;0;0;0;0.93;0.1;11.26;2.58;;;;;;;;;;;;;;;;;;;;
MCOSURV;2024;690807367;POLYCLINIQUE DU BEAUJOLAIS;690003447;1;6;2190;482;1090;0;0;0;0;;;5.44;5.22;;;11;;;;9;;;;;;;;;;;;;
MCOSURV;2024;700000029;GH HAUTE SAONE SITE VESOUL;700004591;1;6;2196;497;1866;0;0;0;0;;;7.43;7.5;;2.2;;;;;;;;;;;;;;;;;;
MCOSURV;2024;710006859;POLYCLINIQUE DU VAL DE SAONE;710000118;1;5;1830;351;1519;0;0;0;0;;6;;5.5;;;8;;;;;;;;;;;;;;;;;
MCOSURV;2024;710010067;CH DU PAYS CHAROLAIS BRIONNAIS;710780644;1;6;2196;555;2179;0;0;0;0;3.9;;13.82;4.51;;0.48;;;;;;;;;;;;;;;;;;
MCOSURV;2024;710010786;CH AUTUN SITE PARPAS;710781451;1;4;864;25;200;0;0;0;0;0.1;;2.64;2.35;;;;;;;;;;;;;;;;;;;;
MCOSURV;2024;710780917;HOPITAL PRIVE SAINTE MARIE;710000274;1;14;5068;412;1534;0;0;0;0;;;9.6;4.8;;;9;;;;2;;;;;;;;;;;;;
MCOSURV;2024;710781824;CTRE ORTHOPEDIQUE MEDICO CHIRURGICAL;710000464;1;5;1632;549;640;0;0;0;0;;;0.3;0.3;;0.2;0;;;;;;;;;;;;;;;;;
MCOSURV;2024;710978263;CH WILLIAM MOREY CHALON SUR SAONE;710780958;1;6;2190;714;2210;2;730;460;1412;7.55;0.9;42.3;21.24;;0.52;0;;;;;;1.3;0.9;1.4;;;;;;;;;
MCOSURV;2024;710978313;CENTRE HOSPITALIER DE MONTCEAU;710976705;1;5;1825;262;1541;0;0;0;0;2.35;0;8.8;5.73;0;3.99;0;0;0;0;0;0;0;0;0;0;0;0;0;0;0;0;0;0
MCOSURV;2024;710978347;HOTEL DIEU DU CREUSOT;570010181;1;6;2196;831;1894;0;0;0;0;3.13;;4.8;4.25;;;;;;;;;;;;;;;;;;;;
MCOSURV;2024;720000033;CENTRE HOSPITALIER DU MANS;720000025;1;13;4758;1011;3664;5;1830;229;1223;2;0;28.66;17.54;;2.14;0;;;;;;1;2.71;2.38;2.7;;0.2;0;;;;;
MCOSURV;2024;720000199;CLINIQUE DU PRE;720000595;1;12;4392;556;3356;0;0;0;0;;;11.67;7.17;;;11;;;;;;;;;;;;;;;;;
MCOSURV;2024;720016179;POLE SANTE SARTHE ET LOIR;720016724;1;0;0;;;0;0;;;0;;;;;;0;;;;;;0;;;;;;0;;;;;
MCOSURV;2024;720017748;CENTRE MEDICO CHIRURGICAL DU MANS;720000561;1;12;4380;748;3231;0;0;0;0;;;9.8;5.8;;;25;;;;;;;;;;;;;;;;;
MCOSURV;2024;730000031;CHMS - SITE CHAMBERY MCO;730000015;1;10;3660;862;2866;8;1830;612;1573;4.04;;13.86;12.05;1.24;1.59;;;;;;;1.17;4.7;2.38;4.85;;0.08;;;;;;
MCOSURV;2024;730000247;CH DE BOURG ST MAURICE;730780525;1;6;732;127;525;0;0;0;0;0.5;;6.67;3.28;;;;;;;;;;;;;;;;;;;;
MCOSURV;2024;730000262;CH D'ALBERTVILLE;730002839;1;8;2928;905;2256;0;0;0;0;0;0.5;13.17;8.56;0;2.21;0;0;0;0;0;0;0;0;0;0;0;0;0;0;0;0;0;0
MCOSURV;2024;730004298;HOPITAL PRIVE MEDIPOLE DE SAVOIE;730010048;1;12;4392;575;2361;0;0;0;0;;10;;7;1.5;3;19;;;;;;;;;;;;;;;;;
MCOSURV;2024;730012499;GCS CLINIQUE HERBERT;730012481;1;4;1460;190;588;0;0;0;0;;;5;2.5;;;;;2;1;;;;;;;;;;;;;;
MCOSURV;2024;740000237;CH ANNECY-GENEVOIS SITE ANNECY;740781133;1;8;2897;1321;6610;10;2043;427;1192;1.63;0.1;23.25;12.75;0.68;0.56;;;;;;;0.33;2.5;5.21;4.45;;0.5;;;;;;
MCOSURV;2024;740000302;CH ANNECY-GENEVOIS SITE ST JULIEN EN G;740781133;1;8;2928;634;2153;0;0;0;0;5.34;;13;8.13;;0.63;;;;;;;;;;;;;;;;;;
MCOSURV;2024;740000328;HOPITAUX DU LEMAN;740790381;1;0;0;0;0;4;1032;370;940;;;;;;;;;;;;;0.66;;4.6;1;;;;;;;;
MCOSURV;2024;740014345;HOPITAL PRIVE PAYS DE SAVOIE;740000617;1;12;4128;802;2589;0;0;0;0;0;;12.23;11.47;;;2;0;0;0;1;0;;;;;;;0;0;0;0;0;0
MCOSURV;2024;740780416;CLINIQUE D'ARGONAY;740000112;1;6;2190;711;1746;0;0;0;0;;;10.56;2.4;;;84;;;;4;;;;;;;;;;;;;
MCOSURV;2024;740780424;CLINIQUE GENERALE D'ANNECY;740000120;1;6;2190;397;1293;0;0;0;0;0;0;4.8;4.8;0;0;13;0;0;0;3;0;0;0;0;0;0;0;0;0;0;0;0;0
MCOSURV;2024;740781141;CH ALPES LEMAN;740790258;1;1;365;0;0;4;1464;195;495;1;;;;;;0;;;;;;0;;;;;;0;;;;;
MCOSURV;2024;740781224;HOPITAUX DU MONT BLANC SITE SALLANCHES;740001839;1;8;2928;921;2559;2;730;175;653;2.88;;11.23;8.62;0.25;3.67;;;;;;;0.08;0.5;;;;;;;;;;
MCOSURV;2024;750000499;CH SAINTE ANNE;750062036;1;12;4392;204;942;0;0;0;0;1;0;1.9;;;2.3;;;;;;;;;;;;;;;;;;
MCOSURV;2024;750000523;GH PARIS SITE SAINT JOSEPH;750150120;1;8;2920;598;799;0;0;0;0;2.48;0;14.15;6.65;7.57;2.4;;;;;;;;;;;;;;;;;;
MCOSURV;2024;750000549;HOPITAL FONDATION A DE ROTHSCHILD;750150229;1;28;12493;1686;10785;4;1755;228;1515;;;;;;;;;;;;;;;;;;;;;;;;
MCOSURV;2024;750100042;GHU APHP NUP SITE LARIBOISIERE;750712184;1;0;3824;689;2941;0;0;0;0;4.13;0;17.78;11.25;0.75;0.98;;;;;;;;;;;;;;;;;;
MCOSURV;2024;750100075;GHU APHP NUP SITE SAINT LOUIS;750712184;1;0;2721;589;2512;0;0;0;0;;;;;;;;;;;;;;;;;;;;;;;;
MCOSURV;2024;750100091;GHU APHP SUN SITE ST ANTOINE;750712184;1;0;2544;146;438;0;0;0;0;29.9;;3;6;;;;;;;;;;;;;;;;;;;;
MCOSURV;2024;750100109;GHU APHP SUN SITE TROUSSEAU;750712184;1;0;732;155;248;18;9598;2009;8520;3.5;;2;1.2;;0.1;;;;;;;24.4;;13.8;8.6;;0.4;;;;;;
MCOSURV;2024;750100125;GHU APHP SUN SITE PITIE SALPETRIERE;750712184;1;18;16439;2662;10844;0;0;0;0;180;;28;21;;;;;;;;;;;;;;;;;;;;
MCOSURV;2024;750100166;GHU APHP CUP SITE COCHIN PORT ROYAL;750712184;1;8;2928;332;2223;0;0;0;0;;;;;;;;;;;;;;;;;;;;;;;;
MCOSURV;2024;750100208;GHU CUP SITE NECKER ENFANTS MALADES;750712184;1;0;0;0;0;30;10980;2497;12796;;;;;;;;;;;;;14.6;15.87;48.14;20.75;;21.72;;;;;;
MCOSURV;2024;750100232;GHU APHP NUP SITE BICHAT C BERNARD;750712184;1;;3236;651;2233;0;0;0;0;6.65;;16.07;13.45;1.2;1.57;0;;;;;;;;;;;;;;;;;
MCOSURV;2024;750100273;GHU APHP SUN SITE TENON;750712184;1;13;4758;1117;4493;0;0;0;0;27.6;;13.8;11.8;;4;;;;;;;;;;;;;;;;;;
MCOSURV;2024;750150104;INSTITUT MUTUALISTE MONTSOURIS;750720476;1;17;6205;1208;6736;0;0;0;0;;;;;;;;;;;;;;;;;;;;;;;;
MCOSURV;2024;750300071;HOPITAL PRIVE GEOFFROY SAINT HILAIRE;750000598;1;2;688;;;0;0;;;;;5;;;;2;;;;;;;;;;;;;;;;;
MCOSURV;2024;750300139;CLINIQUE DE L ALMA;750000655;1;6;1980;46;64;0;0;0;0;6;;;;;;9;;;;;;;;;;;;;;;;;
MCOSURV;2024;750300154;CLINIQUE TURIN;750065971;1;6;329;261;1221;0;0;0;0;;5;;4;;;;;;;;;;;;;;;;;;;;
MCOSURV;2024;750300360;HOPITAL PRIVE DES PEUPLIERS;750026569;1;4;9;428;1367;0;0;0;0;0;0;4;4;0;0;1;0;0;0;2;0;0;0;0;0;0;0;0;0;0;0;0;0
MCOSURV;2024;750300766;CLINIQUE BIZET;750056145;1;10;3660;1185;5708;0;0;0;0;;;4;4;;;1;;;;;;;;;;;;;;;;;
MCOSURV;2024;750300915;CLINIQUE INTERNATIONALE PARC MONCEAU;750065963;1;1;366;124;121;0;0;0;0;;;;;;;;;;;;;;;;;;;;;;;;
MCOSURV;2024;750301137;CLINIQUE CHIRURG ALLERAY LABROUSTE;750071870;1;8;2920;156;588;;;0;0;4;4;;4;;;;;;;4;;;;;;;;;;;;;
MCOSURV;2024;750301145;CLINIQUE DU MONT LOUIS;750001042;1;10;3250;523;2631;0;0;0;0;4.78;;5.03;3.84;;;;;;;;;;;;;;;;;;;;
MCOSURV;2024;750301160;CLINIQUE MAUSSINS NOLLET;750001067;1;5;1788;27;46;0;0;0;0;;1.75;;1.96;;;;;;;;;;;;;;;;;;;;
MCOSURV;2024;750803447;GHU APHP CUP SITE G POMPIDOU HEGP;750712184;1;16;5856;603;1638;0;0;0;0;3.5;1;15;14.6;0.5;0.5;;;;;;;;;;;;;;;;;;
MCOSURV;2024;750803454;GHU APHP NUP SITE ROBERT DEBRE;750712184;1;0;0;0;0;0;15006;2555;18078;;;;;;;;;;;;;20.34;36.35;6.94;38.42;2.25;9.53;;;;;;
MCOSURV;2024;760000018;CH DIEPPE;760780023;1;;1220;170;549;0;0;0;0;1.46;;5.88;6.42;;0.64;;;;;;;;;;;;;;;;;;
MCOSURV;2024;760000158;HOPITAL CHARLES NICOLLE CHU ROUEN;760780239;1;20;7300;7665;9821;20;7300;892;4329;9.72;;;;;;0;;;;;;3.68;;;;;;0;;;;;
MCOSURV;2024;760000166;CLCC H BECQUEREL;760780247;1;0;980;122;348;0;0;0;0;1.1;;3.1;3.1;;;;;;;;;;;;;;;;;;;;
MCOSURV;2024;760000364;CHI DU PAYS DES HAUTES FALAISES FECAMP;760780734;1;7;2562;396;1898;0;0;0;0;1.45;;12.99;5.1;;1.55;;;;;;;;;;;;;;;;;;
MCOSURV;2024;760000463;CH LES FEUGRAIS CHI ELBEUF;760024042;1;4;1464;252;760;0;0;0;0;1.2;0;6;5.85;0;0.3;;;;;;;;;;;;;;;;;;
MCOSURV;2024;760021329;HOPITAL PRIVE DE L'ESTUAIRE;760000448;1;12;4392;847;2488;0;0;0;0;0;;9.43;6.87;;;;;;;;;;;;;;;;;;;;
MCOSURV;2024;760025312;CLINIQUE MATHILDE;760000315;1;10;3650;476;1874;0;0;0;0;;10.03;;6.02;;;;;;;;;;;;;;;;;;;;
MCOSURV;2024;760027292;CLINIQUE MEGIVAL;760027300;1;8;8;442;748;0;0;0;0;;;;;;;;;;;;;;;;;;;;;;;;
MCOSURV;2024;760780510;CLINIQUE DU CEDRE;760000257;1;16;5856;525;2428;0;0;0;0;;1;10.21;7.66;;2.79;10;;;;;;;;;;;;;;;;;
MCOSURV;2024;760780619;CLINIQUE SAINT-HILAIRE;760000307;1;10;3650;1389;2359;0;0;0;0;;;14.8;6;;;;;;;;;;;;;;;;;;;;
MCOSURV;2024;760780783;CLINIQUE TOUS VENTS;760000406;1;3;2190;92;656;0;0;0;0;;;1;1;;;1;;;;;;;;;;;;;;;;;
MCOSURV;2024;760780791;CLINIQUE LES ORMEAUX;760000414;1;7;2555;318;1300;0;0;0;0;0;0;4.67;4.7;;2;5;0;;;2;;;;;;;;;;;;;
MCOSURV;2024;760783522;HOPITAL DE BOIS-GUILLAUME CHU ROUEN;760780239;1;6;2190;364;2007;0;0;0;0;;;;;;;;;;;;;;;;;;;;;;;;
MCOSURV;2024;760805770;HOPITAL JACQUES MONOD CH LE HAVRE;760780726;1;0;1464;212;539;0;486;83;243;0.25;;5.92;5.86;;;;;;;;;;1.8;;;;;;;;;;
MCOSURV;2024;760921809;CLINIQUE DE L'EUROPE;760000273;1;29;10614;1027;4367;0;0;0;0;;;14.91;17.27;;;3;;;;;;;;;;;;;;;;;
MCOSURV;2024;770000131;CH DE COULOMMIERS;770021145;1;6;2196;313;1480;0;0;0;0;2.84;;11.1;4;;1;;;;;;;;;;;;;;;;;;
MCOSURV;2024;770000149;CH SUD SEINE ET MARNE FONTAINEBLEAU;770021152;1;6;2196;374;1370;0;0;0;0;0.92;;4.25;6.3;;;;;;;;;;;;;;;;;;;;
MCOSURV;2024;770000156;CH DE MELUN SITE SANTEPOLE;770110054;1;12;4392;832;2524;4;1464;325;1139;21.12;;20.27;14.97;;;;;0;0;;;0.6;0.63;5.07;;;;;0;0;;;
MCOSURV;2024;770000172;CH DE PROVINS LEON BINET;770110070;1;4;1460;189;934;0;0;0;0;4.68;;7.41;5.23;0;0.28;;;;;;;;;;;;;;;;;;
MCOSURV;2024;770000446;CH DE MEAUX SITE SAINT FARON;770021145;1;6;2196;418;1409;4;1464;775;2679;1.7;2.06;19.07;11.6;;1;;;;;;;;;9.1;3.72;;0.5;;;;;;
MCOSURV;2024;770019032;GHEF MARNE LA VALLEE SITE JOSSIGNY;770021145;1;5;1830;55;271;4;1464;764;2119;;;39.42;38.42;;5.83;;;;;;;;0.5;8.19;3.88;;0.51;;;;;;
MCOSURV;2024;770020477;HOP FORCILLES FONDATION COGNACQ JAY;750720468;1;12;4380;41;1901;0;0;0;0;5;10.6;;7.9;0.6;1.75;;;;;;;;;;;;;;;;;;
MCOSURV;2024;770300010;HOPITAL PRIVE DE MARNE CHANTEREINE;770004299;1;12;4380;1871;7253;0;0;0;0;0;0;14;11.4;0;1;14;0;0;0;3;0;;;;;;;;;;;;
MCOSURV;2024;770300135;CLINIQUE MEDICO CHIRURG LES FONTAINES;770000289;1;14;4480;413;1288;0;0;0;0;;;10.6;2.4;1;3;5;;;;;;;;;;;;;;;;;
MCOSURV;2024;770300143;CLINIQUE SAINT JEAN L ERMITAGE;770000362;1;6;2190;24;161;0;0;0;0;;;4;4;;0;1;;;;;;;;;;;;;;;;;
MCOSURV;2024;770790707;CLINIQUE DE TOURNAN;770000719;1;6;2190;296;1396;0;0;0;0;;2.92;;2.8;;;1;;;;;;;;;;;;;;;;;
MCOSURV;2024;780000287;CH FRANCOIS QUESNAY MANTES;780110011;1;4;0;1;1;4;1464;210;691;0.45;;4.43;;;1.29;;;;;;;0.72;2;4;5.9;;;;;;;;
MCOSURV;2024;780000295;CHI DE MEULAN LES MUREAUX;780002697;1;2;732;140;446;0;0;0;0;1.4;;6.74;4.67;;0.4;;;;;;;;;;;;;;;;;;
MCOSURV;2024;780000311;CHI POISSY ST GERMAIN SITE DE POISSY;780001236;1;2;679;212;163;4;1359;146;274;;;;;;;;;;;;;;0.9;0.02;;;;;;;;;
MCOSURV;2024;780000329;CH DE RAMBOUILLET;780110052;1;0;2354;361;1547;0;0;0;0;1;;9.35;8.38;;2.39;;;;;;;;;;;;;;;;;;
MCOSURV;2024;780022737;POLYCLINIQUE DE MAISONS LAFFITTE;780000675;1;6;2190;361;2792;0;0;0;0;3.3;;22.22;27.58;2;2;2;;;;;;;;;;;;;;;;;
MCOSURV;2024;780300075;CENTRE CARDIOLOGIQUE D EVECQUEMONT;780000485;1;12;4380;632;2352;0;0;0;0;;;12.59;11.18;;;12;;;;2;;;;;;;;;;;;;
MCOSURV;2024;780300125;CLINIQUE DE LA REGION MANTAISE;780000535;1;6;2052;329;1627;0;0;0;0;;;4.79;4.28;;;4;;;;3;;;;;;;;;;;;;
MCOSURV;2024;780300323;HOPITAL PRIVE FRANCISCAINES;780003679;1;6;2196;483;1251;0;2196;0;0;;;6.61;3.93;0;0;65;;;;7;;;;;;;;;;;;;
MCOSURV;2024;780300406;HOPITAL PRIVE DE PARLY II;780018032;1;12;4380;772;3286;0;0;0;0;;;22.12;11.95;;;;;;;;;;;;;;;;;;;;
MCOSURV;2024;780300414;CH PRIVE DE L EUROPE;780000675;1;18;6570;481;4358;0;0;0;0;2.89;;29.43;29.87;;;5;;;;5;;;;;;;;;;;;;
MCOSURV;2024;780300422;HOPITAL PRIVE DE L OUEST PARISIEN;780002259;1;15;5475;538;4290;0;0;0;0;1.36;;33.09;30.93;;12.4;4;;;;;;;;2.4;;;;;;;;;
MCOSURV;2024;780300455;CH PRIVE DU MONTGARDE;780000717;1;6;2196;135;806;0;0;0;0;1.45;;9.42;7.56;;0.8;1;;;;;;;;;;;;;;;;;
MCOSURV;2024;780800256;CH DE VERSAILLES SITE ANDRE MIGNOT;780110078;1;12;4392;800;5740;4;1464;1126;3381;2.5;;14.48;10.32;;0.47;;;;;;;1.26;3.27;7.92;9.84;;2.95;;;;;;
MCOSURV;2024;790000087;CENTRE HOSPITALIER DE NIORT;790000012;1;0;;;;0;;;;;;;;;;;;;;;;;;;;;;;;;;;
MCOSURV;2024;790009948;POLYCLINIQUE D'INKERMANN;790001242;1;8;2928;659;1198;0;0;0;0;0;0;6.3;3;0;1;6;0;0;0;1;0;0;0;0;0;0;0;0;0;0;0;0;0
MCOSURV;2024;790019848;SITE HOSPITALIER FAYE L'ABBESSE;790006654;1;8;2928;375;2436;0;0;;;0.43;;10.22;6.92;;2.68;;;;;;;;;;;;;;;;;;
MCOSURV;2024;800000143;CH ABBEVILLE;800000028;1;4;1460;281;853;0;0;0;0;1.3;;6;5.47;0.16;1;;;;;;;;;;;;;;;;;;
MCOSURV;2024;800000226;CH DOULLENS;800000069;1;0;0;151;1053;0;0;0;0;1.43;;6.3;6.61;;0.15;;;;;;;;;;;;;;;;;;
MCOSURV;2024;800000432;CH PÉRONNE;800000093;1;4;1464;156;950;0;0;0;0;10.39;0;4;2.84;0.16;0.25;;;;;;;;;;;;;;;;;;
MCOSURV;2024;800002503;SA SAINTE-ISABELLE;800001141;1;6;2190;241;887;0;0;0;0;2;;5;3;;;;;;;;;;;;;;;;;;;;
MCOSURV;2024;800006124;CHU AMIENS SUD;800000044;1;0;8280;1224;4734;0;2208;481;1528;1.59;;31.41;30.25;;1.29;;;;;;;1.02;3.13;8.61;6.47;;0.3;;;;;;
MCOSURV;2024;800009466;POLYCLINIQUE DE PICARDIE;800002982;1;9;3285;768;3390;0;0;0;0;0.31;3.59;64.74;25.32;2;75.34;;;;;;;;;;;;;;;;;;
MCOSURV;2024;800009920;CLINIQUE VICTOR PAUCHET DE BUTLER;800003071;1;13;3445;611;2644;0;0;0;0;3;3;7.24;9.17;;;;;;;;;;;;;;;;;;;;
MCOSURV;2024;800013179;CLINIQUE DE L'EUROPE;800013138;1;6;2196;232;1394;0;0;0;0;0.5;;5.6;5.6;;0.25;10;;;;1;;;;;;;;;;;;;
MCOSURV;2024;800015729;SAS DE CARDIOLOGIES ET URGENCES;800015679;1;16;5840;1158;3844;0;0;0;0;;;7.3;2.3;;2.17;;;;;;;;;;;;;;;;;;
MCOSURV;2024;810000224;CL CLAUDE BERNARD ALBI;810000471;1;18;4380;871;4061;0;0;0;0;;;10.3;9.34;;;7;;;;;;;;;;;;;;;;;
MCOSURV;2024;810000505;CH ALBI;810000331;1;;1176;207;610;0;0;0;0;0.33;;;;;0.38;;;;;;;;;;;;;;;;;;
MCOSURV;2024;810000521;CHIC CASTRES MAZAMET SITE AUTAN;810000380;1;0;2196;339;942;0;0;0;0;1.82;;7.28;5.36;0.3;1.66;;;;;;;;;;;;;;;;;;
MCOSURV;2024;810000562;CH LAVAUR SITE GUIRAUD;810000455;1;4;1464;209;801;0;0;0;0;1.29;;7.45;6.03;;0.13;;;;;;;;;;;;;;;;;;
MCOSURV;2024;810101170;CL TOULOUSE LAUTREC ALBI;810101162;1;6;2190;301;1117;0;0;0;0;;;5.11;0.33;;;;;;;;;;;;;;;;;;;;
MCOSURV;2024;810101444;POLYCLINIQUE DU SIDOBRE CASTRES;810000992;1;6;2190;371;1974;0;0;0;0;4.71;32.24;37;43.35;0;75.58;37;;;;4;;0;0;0;0;0;0;0;0;0;0;0;0
MCOSURV;2024;820000032;CH MONTAUBAN;820000016;1;4;1463;209;1051;0;0;0;0;1;;0.5;1;;;;;;;;;;;;;;;;;;;;
MCOSURV;2024;820000057;CL PONT DE CHAUME MONTAUBAN;820000131;1;12;4380;613;3913;;;;;;;5.3;5;;;7;;;;;;;;;;;;;;;;;
MCOSURV;2024;830000279;CH JEAN MARCEL DE BRIGNOLES;830100517;1;6;2196;368;1665;0;0;0;0;7.5;;13.91;2.8;0;5.76;;;;;;;;;;;;;;;;;;
MCOSURV;2024;830000287;CH LA DRACENIE DE DRAGUIGNAN;830100525;1;0;1188;164;1140;0;0;0;0;0.84;0;5.04;4.45;0;1.24;;;;;;;;;;;;;;;;;;
MCOSURV;2024;830000295;CH DE HYERES MARIE JOSEE TREFFOT;830100533;1;10;3660;599;3099;0;0;0;0;4.9;18.93;;9.75;0.48;3.54;;;;;;;;;;;;;;;;;;
MCOSURV;2024;830000311;CHI DE FREJUS SAINT RAPHAEL;830100566;1;0;1736;411;1474;;;0;0;0;;6.88;6.06;;1.26;0;;;;;;0;;;;;;0;;;;;
MCOSURV;2024;830000345;CHITS CH SAINTE MUSSE;830100616;1;8;2928;747;2455;4;1702;493;1108;10.57;;2;6.77;2.4;0.98;;;;;;;0.36;5.1;0.75;5.03;0.2;0.3;;;;;;
MCOSURV;2024;830100103;HOP PRIVE TOULON HYERES STE MARGUERITE;830000022;1;;;370;1818;;;0;0;;;;;;;;;;;;;;;;;;;;;;;;
MCOSURV;2024;830100319;POLYCLINIQUE LES FLEURS;830020855;1;20;7300;920;5724;0;0;0;0;;;15.72;11.18;;2.34;7;;;;;;;;;;;;;;;;;
MCOSURV;2024;830100392;POLYCLINIQUE NOTRE DAME;830000154;1;15;5475;1288;4062;0;0;0;0;;4.67;;4.67;;;1;;;;;;;;;;;;;;;;;
MCOSURV;2024;830100434;HOPITAL PRIVE TOULON HYERES SAINT JEAN;830000196;1;17;6205;1396;6958;0;0;0;0;;;12.25;9.75;;2;8;;;;1;;;;;;;;;;;;;
MCOSURV;2024;830100459;CLINIQUE SAINT MICHEL;830000212;1;6;2196;126;659;0;0;0;0;;;;;;;25;;;;;;;;;;;;;;;;;
MCOSURV;2024;830100574;HOP INSTRUC DES ARMEES SAINTE ANNE;750821092;1;0;720;129;646;0;0;0;0;9;0;11.7;16;0;4;;;;;;;;;;;;;;;;;;
MCOSURV;2024;830200523;POLYCLINIQUE MUTUALISTE MALARTIC;830210084;1;2;732;13;29;0;0;0;0;3;0;3;;;;;;;;;;;;;;;;;;;;;
MCOSURV;2024;840000285;POLYCLINIQUE URBAIN V;840000608;1;5;1825;133;492;0;0;0;0;;;17.33;9.92;;11.66;5;;;;;;;;;;;;;;;;;
MCOSURV;2024;840000327;CENTRE CHIRURGICAL MONTAGARD;840000640;1;6;2022;4;7;0;0;0;0;;;;;;;6;;;;3;;;;;;;;;;;;;
MCOSURV;2024;840000392;CENTRE HOSPITALIER DE CARPENTRAS;840000046;1;0;2196;738;785;0;0;0;0;;;;;;;;;;;;;;;;;;;;;;;;
MCOSURV;2024;840000400;SYNERGIA LUBERON;840000673;1;;;28;70;;;0;0;;;;;;;;;;;;;;;;;;;;;;;;
MCOSURV;2024;840000418;CHI DE CAVAILLON LAURIS;840004659;1;4;1460;424;296;0;0;0;0;2.7;4.75;0;4.3;0;0.25;;;;;;;;;;;;;;;;;;
MCOSURV;2024;840000483;CH LOUIS GIORGI D'ORANGE;840000087;1;6;2196;671;1844;0;0;0;0;3.13;0.72;9.06;7.27;;1.42;;;;;;;;;;;;;;;;;;
MCOSURV;2024;840001861;CH D'AVIGNON HENRI DUFFAUT;840006597;1;21;7686;2167;9619;14;3916;2286;5399;2.22;;14.26;11.88;;6.39;;;;;;;0.44;9.07;2.9;10.14;;6.13;;;;;;
MCOSURV;2024;840013312;CLINIQUE RHONE DURANCE;840003685;1;16;5840;2511;7425;0;0;0;0;;;14.4;10.8;;;27;;;;;;;;;;;;;;;;;
MCOSURV;2024;840017172;SYNERGIA VENTOUX;840017164;1;10;3650;280;1318;0;0;0;0;;0.5;5.5;6;;3;3;;;;;;;;;;;;;;;;;
MCOSURV;2024;850000118;CLINIQUE SAINT CHARLES;850013244;1;4;1460;467;783;0;0;0;0;;;5.54;5.32;;;7;;;;3;;;;;;;;;;;;;
MCOSURV;2024;850000134;CLINIQUE CHIRURGICALE PORTE OCEANE;850013269;1;8;2928;390;2082;0;0;0;0;5;1;10.5;7;6;;;;;;;;;;;;;;;;;;;
MCOSURV;2024;850000142;CHD SITE LA ROCHE SUR YON;850000019;1;16;11796;1539;10445;0;1188;557;1710;2.72;;43.9;42.37;;11.44;;;;;;;0.15;8.86;17.67;1;;29.44;;;;;;
MCOSURV;2024;850000175;CH LVO - SITE DE CHALLANS;850009010;1;8;2928;447;2724;0;0;0;0;3.94;0.6;12.81;9.06;;0.06;;;;;;;;;;;;;;;;;;
MCOSURV;2024;850000241;CENTRE HOSPITALIER COTE DE LUMIÈRE;850000084;1;6;2196;325;1552;0;0;0;0;0.75;;6.7;3.63;;1.11;;;;;;;;;;;;;;;;;;
MCOSURV;2024;850009630;CH FONTENAY SITE POLE SANTE SUD VENDEE;850000035;1;10;3660;341;1823;0;0;0;0;1.57;0;6.55;4.8;0;0.5;;;;;;;;;;;;;;;;;;
MCOSURV;2024;860000025;CHU DE POITIERS - SITE CHATELLERAULT;860014208;1;4;1580;324;1359;0;0;0;0;4.41;0;7.78;4.99;0;1.51;;;;;;;;;;;;;;;;;;
MCOSURV;2024;860000058;CHU DE POITIERS - SITE DE MONTMORILLON;860014208;1;3;1098;434;1358;0;0;0;0;0.6;0.2;2.66;1.22;0.1;0.21;;;;;;;;;;;;;;;;;;
MCOSURV;2024;860000223;CHU LA MILETRIE;860014208;1;28;10248;2247;7563;5;1830;243;1648;2.41;1;24.99;20.48;1;0.53;;;;;;;1.21;0;5.82;2;;0.5;;;;;;
MCOSURV;2024;860010321;POLYCLINIQUE DE POITIERS;860010313;1;6;2190;508;1684;0;0;0;0;;;9;;;;;;;;;;;;;;;;;;;;;
MCOSURV;2024;870000064;C H U DUPUYTREN LIMOGES;870000015;1;86;25704;4739;36248;0;0;0;0;8.49;;66.78;65;1;29.66;;;;;;;;;;;;;;;;;;
MCOSURV;2024;870000098;CENTRE HOSPITALIER SAINT JUNIEN;870000023;1;8;2928;599;2351;0;0;0;0;0.7;0;6.89;6.89;0;0;;;;;;;;;;;;;;;;;;
MCOSURV;2024;870000270;CTRE HOSPITALIER J BOUTARD ST YRIEIX;870000031;1;7;2810;313;2734;0;0;0;0;5.5;0.5;5.92;6.19;;0.86;;;;;;;;;;;;;;;;;;
MCOSURV;2024;870000288;CLINIQUE FRANCOIS CHENIEUX;870017415;1;18;6570;1244;4507;;;0;0;;;16.05;9.13;;;14;;;;;;;;;;;;;;;;;
MCOSURV;2024;870000411;CLINIQUE EMAILLEURS-COLOMBIER LIMOGES;870017415;1;6;2190;337;623;;;0;0;;;5.17;3.92;;;9;;;;;;;;;;;;;;;;;
MCOSURV;2024;870014859;HOPITAL DE LA MERE ET DE L'ENFANT;870000015;1;2;732;155;583;4;1464;421;1526;0.59;0;4.63;4.4;0.2;2.3;;;;;;;;;;;;;;;;;;
MCOSURV;2024;880000021;CHI E.DURKHEIM - PLATEAU DE LA JUSTICE;880007059;1;0;1422;154;653;0;0;0;0;8.1;;8.33;6.53;;0.25;;;;;;;;;;;;;;;;;;
MCOSURV;2024;880000047;CHI HMV - SITE SAINT DIE DES VOSGES;880009147;1;8;2928;796;2222;0;0;0;0;1.5;0.93;11.13;9.86;;;;;;;;;;;;;;;;;;;;
MCOSURV;2024;880000054;CHI L'OUEST VOSGIEN SITE NEUFCHATEAU;880007299;1;8;2920;584;2028;0;0;0;0;0.7;;11.33;2.55;;2.08;;;;;;;;;;;;;;;;;;
MCOSURV;2024;880000062;CENTRE HOSPITALIER DE REMIREMONT;880780093;1;6;2196;363;1798;0;0;0;0;0.25;;12.04;2.94;;0.1;;;;;;;;;;;;;;;;;;
MCOSURV;2024;880788591;POLYCLINIQUE LA LIGNE BLEUE;880780150;1;16;5840;708;4564;0;0;0;0;;;13.9;8.6;;3.2;7;;;;1;;;;;;;;;;;;;
MCOSURV;2024;890000169;CLINIQUE PAUL PICQUET SENS;890000151;1;4;0;276;1570;0;0;0;0;;;;;;;;;;;;;;;;;;;;;;;;
MCOSURV;2024;890002389;POLYCLINIQUE STE MARGUERITE AUXERRE;890000730;1;6;2190;307;1303;0;0;0;0;0;;4;4;0;0.5;5;;;;3;0;;;;;;;;;;;;
MCOSURV;2024;890975527;CH AUXERRE;890000037;1;4;1464;153;751;0;0;0;0;1.11;0.34;10.63;6.97;;1.37;;;;;;;;;;;;;;;;;;
MCOSURV;2024;890975535;CH AVALLON;890000409;1;2;730;487;666;0;0;0;0;0.68;;2.79;2.39;;0.25;;;;;;;;;;;;;;;;;;
MCOSURV;2024;890975543;CH JOIGNY;890000417;1;5;1830;238;1409;0;0;0;0;1.57;5.8;;6;0.1;0.8;;;;;;;;;;;;;;;;;;
MCOSURV;2024;890975550;CH SENS;890970569;1;4;1316;124;554;0;0;0;0;2.05;6.88;;3;;2.59;;;;;;;;;;;;;;;;;;
MCOSURV;2024;890975568;CENTRE HOSPITALIER DU TONNERROIS;890000433;1;4;1464;655;1434;0;0;0;0;5.42;0.5;7.1;3.89;0;0.5;;;;;;;;;;;;;;;;;;
MCOSURV;2024;900000035;HOPITAL PRIVE DE LA MIOTTE;900003880;1;4;1316;43;144;0;0;0;0;0.2;;0.45;0.45;;;1;;;;;;;;;;;;;;;;;
MCOSURV;2024;900003039;HNFC SITE TREVENANS;900000365;1;10;3940;772;3338;0;0;0;0;1.53;;20.55;10.31;;;;;;;;;;;;;;;;;;;;
MCOSURV;2024;910000272;CH D ARPAJON;910110014;1;8;2925;411;2207;0;0;0;0;3.72;;12.11;9.54;0.2;1.26;;;;;;;;;;;;;;;;;;
MCOSURV;2024;910000280;CH DOURDAN ETAMPES SITE DOURDAN;910019447;1;6;1896;187;1580;0;0;0;0;2.28;;7.16;10.1;;2.78;;;;;;;;;;;;;;;;;;
MCOSURV;2024;910000298;CENTRE HOSPITALIER DE LONGJUMEAU;910110055;1;;;0;0;;850;216;668;;;;;;;;;;;;;0.41;;;;;;;;;;;
MCOSURV;2024;910000306;CH D ORSAY;910110055;1;;304;22;77;;;0;0;;3.04;5.01;8.53;;2.48;;;;;;;;;;;;;;;;;;
MCOSURV;2024;910020254;CH SUD FRANCILIEN SITE JEAN JAURES;910002773;1;0;2928;579;1923;0;1464;756;1202;0.9;;;;;;;;;;;;;;;;;;;;;;;
MCOSURV;2024;910026780;HOPITAL PARIS-SACLAY;910110055;1;;;0;0;;468;108;403;;;;;;;;;;;;;;;;;;;;;;;;
MCOSURV;2024;910150028;CENTRE HOSPITALIER DE BLIGNY;750811184;1;12;4392;78;3840;0;0;0;0;1.66;;10.4;12.25;0.99;0.92;;;;;;;;;;;;;;;;;;
MCOSURV;2024;910300011;HOP DE PARIS ESSONNE LES CHARMILLES;910025139;1;4;1348;102;243;0;0;0;0;0;0;2.2;1.4;0;0.2;3;0;0;0;1;0;0;0;0;0;0;0;0;0;0;0;0;0
MCOSURV;2024;910300144;CMCO D EVRY;910000447;1;8;2920;753;3835;0;0;0;0;;;5.18;7.08;;;6;;;;;;;;;;;;;;;;;
MCOSURV;2024;910300177;CLINIQUE DE L YVETTE;910000462;1;10;3650;451;1833;0;0;0;0;;;6;5.18;;;;;;;;;;;;;;;;;;;;
MCOSURV;2024;910300219;HOPITAL PRIVE JACQUES CARTIER;910003888;1;32;11680;2132;11524;0;0;0;0;0;15.3;196.55;134.55;1.8;145.99;12;0;0;0;0;0;0;0;0;0;0;0;0;0;0;0;0;0
MCOSURV;2024;910300300;HOPITAL PRIVE DU VAL D YERRES;910000538;1;8;2920;126;672;0;0;0;0;;;4.4;4.4;;;;;;;;;;;;;;;;;;;;
MCOSURV;2024;910803543;HOPITAL PRIVE CLAUDE GALIEN;910017615;1;16;5840;1353;10454;0;0;0;0;8.3;13.07;179.02;107.34;;;11;;;;;;;;;;;;;;;;;
MCOSURV;2024;920000577;CH DE NANTERRE;920110020;1;1;1;140;517;0;0;0;0;2.17;;;;;;0;;;;;;;;;;;;;;;;;
MCOSURV;2024;920000585;CH RIVES DE SEINE SITE NEUILLY S/SEINE;920026374;1;0;1644;329;1642;0;0;0;0;2.79;;8.18;6.12;0.09;0.61;;;;;;;;;;;;;;;;;;
MCOSURV;2024;920000635;HOPITAL SUISSE DE PARIS;920150026;1;4;1460;147;1671;0;0;0;0;0.61;;0.7;0.7;0.1;0.25;;;;;;;;;;;;;;;;;;
MCOSURV;2024;920000643;HOPITAL FRANCO BRITANNIQUE - FCJ;750720468;1;8;2928;462;2090;0;0;0;0;21.34;;8.37;10.19;;2.45;;;;;;;;;;;;;;;;;;
MCOSURV;2024;920000650;HOPITAL FOCH;920150059;1;39;14274;3162;18251;0;0;0;0;15.3;;35.52;17.07;;15.71;;;;;;;;;;;;;;;;;;
MCOSURV;2024;920000684;HOPITAL MARIE LANNELONGUE;750150120;1;33;12045;2510;12540;18;6570;1764;5972;9;1.1;67.7;40.3;4.45;8.5;;;;;;;7.5;4.5;32.7;4;4.45;15;;;;;;
MCOSURV;2024;920029550;CMC AMBROISE PARE HARTMANN SITE 48 TER;920810736;1;34;8784;3183;17279;0;0;0;0;;;29.02;33.19;;0.35;6;;;;;;;;;;;;;;;;;
MCOSURV;2024;920100013;GHU APHP UPS SITE AMBROISE PARE;750712184;1;;2745;552;2319;0;0;0;0;2.5;0.2;11.6;10;1;0.5;;;;;;;;;;;;;;;;;;
MCOSURV;2024;920100021;GHU APHP UPS SITE ANTOINE BECLERE;750712184;1;;2173;411;1773;;1086;128;490;2.6;9.37;;7.26;0.5;1;;;;;;;0.7;0.5;1.5;1;;0.6;;;;;;
MCOSURV;2024;920100039;GHU APHP NUP SITE BEAUJON;750712184;1;0;1644;582;1428;0;0;0;0;2;0.75;6;4.5;;0.5;;;;;;;;;;;;;;;;;;
MCOSURV;2024;920100047;GHU APHP NUP SITE LOUIS MOURIER;750712184;1;;1370;242;764;;1096;331;1452;1.7;;5.8;3;0.5;0.5;;;;;;;;;;;;;;;;;;
MCOSURV;2024;920100054;GHU APHP UPS SITE RAYMOND POINCARE;750712184;1;;2681;473;2251;;1447;230;2332;1.33;0;13.07;10.08;1.5;0.5;;;;;;;2.33;0.96;4.44;10.92;1;3.03;;;;;;
MCOSURV;2024;920300043;HOPITAL PRIVE D ANTONY;920001526;1;51;14274;1900;14752;0;0;0;0;;;20.66;16.87;;;26;;;;;;;;;;;;;;;;;
MCOSURV;2024;920300191;CLINIQUE MARCEL SEMBAT CCBB;920000767;1;2;672;47;128;4;1344;10;32;;;;;;;;;;;;;;;;;;;6;2;4;0;0;0
MCOSURV;2024;920300415;HOPITAL PRIVE LA MONTAGNE LAMBERT;920000890;1;8;2920;94;740;0;0;0;0;;;4;4;;;5;;;;1;;;;;;;;;;;;;
MCOSURV;2024;920300597;CLINIQUE DE MEUDON LA FORET;920000940;1;14;5124;754;6658;0;0;0;0;;;5;4;;2;4;;;;;;;;;;;;;;;;;
MCOSURV;2024;920300787;HOPITAL AMERICAIN;920000981;1;6;1825;304;895;0;0;0;0;;4.43;;0.4;;;4;;;;;;;;;;;;;;;;;
MCOSURV;2024;920300936;CLINIQUE CHIRURGICALE DU VAL D OR;920006848;1;12;4380;1101;5757;0;0;0;0;;20;;16;;;7;;;;5;;;;;;;;;;;;;
MCOSURV;2024;930000286;GHI LE RAINCY MONTFERMEIL;930021480;1;6;0;2;14;0;0;0;0;0.23;;9.27;5.73;;1.86;;;;;;;;;;;;;;;;;;
MCOSURV;2024;930000302;CHI ANDRE GREGOIRE;930110036;1;0;1206;234;822;0;1204;364;918;0.8;;1.8;0.77;;;;;;;;;;;3.58;;;2.63;;;;;;
MCOSURV;2024;930000328;CH GENERAL DELAFONTAINE;930110051;1;6;1998;1;3;4;1452;281;616;4.9;;16.65;18;0.64;7.23;;;;;;;0.1;0.35;;;;2.25;;;;;;
MCOSURV;2024;930000336;CHI ROBERT BALLANGER;930110069;1;0;1483;153;653;0;2050;1911;1383;1.15;;10.29;7.89;;0.95;;;;;;;0.69;1.78;9.39;2;;11.57;;;;;;
MCOSURV;2024;930100037;GHU APHP HU PSSD SITE AVICENNE;750712184;1;12;4518;;;0;0;0;0;4;;24.59;18.26;0.3;1;;;;;;;;;;;;;;;;;;
MCOSURV;2024;930100045;GHU APHP HU PSSD SITE JEAN VERDIER;750712184;1;8;2896;347;1437;4;1464;376;979;2;;11;8;0.3;1.3;;;;;;;1;0.5;6.5;6.5;;1;;;;;;
MCOSURV;2024;930300025;HOPITAL EUROPEEN DE PARIS-LA ROSERAIE;930000393;1;8;2920;410;2644;0;0;0;0;;;;;;;3;;;;3;;;;;;;;;;;;;
MCOSURV;2024;930300066;HOPITAL PRIVE DE L EST PARISIEN;930000401;1;12;4932;300;2097;0;0;0;0;;;9.6;9.6;;;8;;;;;;;;;;;;;;;;;
MCOSURV;2024;930300082;CENTRE MEDICO CHIRURGICAL FLOREAL;930000419;1;8;2920;241;1356;0;0;0;0;;;4.67;3.5;;;;;;;;;;;;;;;;;;;;
MCOSURV;2024;930300116;HOPITAL PRIVE DE LA SEINE SAINT DENIS;930000427;1;6;2190;305;1692;0;0;0;0;0;0;5.25;5.25;0;0;7;0;0;0;5;0;0;0;0;0;0;0;0;0;0;0;0;0
MCOSURV;2024;930300553;CLINIQUE DE L ESTREE;930000633;1;10;3650;634;3119;0;0;0;0;;;7.42;6.26;;;9;;;;;;;;;;;;;;;;;
MCOSURV;2024;930300587;CLINIQUE DU LANDY;930000641;1;4;880;104;498;0;0;0;0;;;;;;;;;;;;;;;;;;;;;;;;
MCOSURV;2024;930300595;HOPITAL PRIVE DU VERT GALANT;930000658;1;5;1825;187;996;0;0;0;0;2;4;;;;2;;;;;5;;;;;;;;;;;;;
MCOSURV;2024;930300645;CENTRE CARDIOLOGIQUE DU NORD;930000682;1;42;15205;1921;14338;0;0;0;0;;;24.94;17.77;;7.36;9;;;;4;;;;;;;;;;;;;
MCOSURV;2024;940000573;CHI DE CRETEIL;940110018;1;6;2190;4;7;8;2920;1170;5311;1.1;6;1;5;0.1;1;;;;;;;;;;;;;;;;;;
MCOSURV;2024;940000599;CHI LUCIE ET RAYMOND AUBRAC;940110042;1;6;2196;94;345;4;1460;471;1413;;;;;;;;;;;;;;;;;;;;;;;;
MCOSURV;2024;940000649;HOPITAL SAINT CAMILLE;940150014;1;4;1464;103;355;8;2928;816;2528;0.71;0.36;3.81;5.26;;0.1;;;;;;;3.92;2.63;6.08;5.36;;0.32;;;;;;
MCOSURV;2024;940000664;INSTITUT GUSTAVE ROUSSY;940160013;1;8;2774;935;1892;;;;;2.02;2.02;11.3;8.25;1.89;1.45;;;;;;;;;;;;;;;;;;
MCOSURV;2024;940006679;HOPITAL PRIVE DE MARNE LA VALLEE;940017338;1;6;2190;318;2586;0;0;0;0;;;;;;;;;;;;;;;;;;;;;;;;
MCOSURV;2024;940100027;GHU APHP HM SITE HENRI MONDOR;750712184;1;0;7434;345;2437;0;0;0;0;15.86;25.61;;32.17;1.12;3.25;;;;;;;;;;;;;;;;;;
MCOSURV;2024;940100043;GHU APHP UPS SITE KREMLIN BICETRE APHP;750712184;1;;7056;1259;6421;;2565;452;1666;6.5;0.2;29.02;22.71;0.5;3.1;;;;;;;2;1.2;4.6;4.3;0.5;0.6;;;;;;
MCOSURV;2024;940100068;GHU APHP UPS SITE PAUL BROUSSE;750712184;1;;2745;378;2832;0;0;0;0;1.5;;16.49;14.37;0.5;2.55;;;;;;;;;;;;;;;;;;
MCOSURV;2024;940120017;HOPITAL INSTRUCTION DES ARMEES BEGIN;750821092;1;0;402;35;77;0;0;0;0;0.74;;2.38;1.76;;;;;;;;;;;;;;;;;;;;
MCOSURV;2024;940300031;HOPITAL PRIVE PAUL D EGINE;940000706;1;8;2920;1367;10331;0;0;0;0;;;;;;;13;;;;;;;;;;;;;;;;;
MCOSURV;2024;940300270;HOPITAL PRIVE ARMAND BRILLARD;940000771;1;16;5856;978;5020;0;0;0;0;;0;9.18;5.59;;;13;0;;;;;;;;;;;;;;;;
MCOSURV;2024;940300445;CLINIQUE DU SUD;940000854;1;12;4380;619;3660;0;0;0;0;0.5;0.5;5.16;3.93;0;0.55;5;0;0;0;1;;;;;;;;;;;;;
MCOSURV;2024;940300494;CLINIQUE VILLENEUVE SAINT GEORGES;940000896;1;16;2000;649;6006;0;0;0;0;;;4;2.1;;;5;;;;5;;;0;;;;;;;;;;
MCOSURV;2024;940300569;HOPITAL PRIVE DE VITRY SITE PASTEUR;940000912;1;10;0;637;6767;0;0;0;0;;;;;;;;;;;;;;;;;;;;;;;;
MCOSURV;2024;940813033;CLINIQUE DE BERCY;940001894;1;4;1464;153;495;0;0;0;0;;;2;;;;7;;;;;;;;;;;;;;;;;
MCOSURV;2024;950000307;CH VICTOR DUPOUY;950110015;1;6;2196;115;353;4;1064;486;1695;6.86;0.4;9.9;7.24;;1.12;0;0;0;0;0;0;2.8;1.5;6.75;2;0;0;0;0;0;0;0;0
MCOSURV;2024;950000315;HOPITAL NOVO SITE BEAUMONT SUR OISE;950110080;1;12;4392;47;3081;0;0;0;0;2.7;;11.8;10.69;1.31;6.11;;;;;;;;;;;;;;;;;;
MCOSURV;2024;950000323;GHEM SIMONE VEIL SITE EAUBONNE;950013870;1;12;4392;494;3575;0;0;0;0;1.18;;8.72;7.45;;2.58;;;;;;;;;;;;;;;;;;
MCOSURV;2024;950000331;CH GENERAL DE GONESSE;950110049;1;4;1464;18;75;4;1464;618;2524;0.1;;0.6;;;0.56;;;;;;;0.72;;4;4;;1.17;;;;;;
MCOSURV;2024;950000364;CH NOVO SITE RENE DUBOS;950110080;1;10;2212;497;1591;4;1452;519;868;1;;9.37;10.15;;1.18;;;;;;;0.8;1;4.8;0.25;;5.57;;;;;;
MCOSURV;2024;950300244;CHP SAINTE MARIE OSNY;950045468;1;5;1825;176;762;0;0;0;0;0;0;;;0;;27;0;;;3;;0;0;0;0;0;0;0;0;0;0;0;0
MCOSURV;2024;950300277;HOPITAL PRIVE NORD PARISIEN;950000547;1;7;2555;305;1165;0;0;0;0;;;6.02;5.52;;1.05;9;;;;2;;;;;;;;;;;;;
MCOSURV;2024;950630012;HOPITAL D ENFANTS MARGENCY;750721334;1;0;0;0;0;4;368;346;1954;;;;;;;;;;;;;1.32;0.55;4.15;5.65;0.41;10.58;;;;;;
MCOSURV;2024;950807982;CLINIQUE CLAUDE BERNARD;950001636;1;8;2724;514;1934;0;0;0;0;;;9.08;2.3;;0.4;16;;;;2;;;;;;;;;;;;;
MCOSURV;2024;970100392;CENTRE HOSPITALIER DE LA BASSE -TERRE;970100178;1;4;4;254;1053;0;0;0;0;0.01;0;4.21;3.2;0;1.02;;;;;;;;;;;;;;;;;;
MCOSURV;2024;970100400;C.H. LOUIS CONSTANT FLEMING;970100186;1;2;730;118;380;0;0;0;0;2.5;0;1;0.5;0;0;0;0;0;0;0;0;0;0;0;0;0;0;0;0;0;0;0;0
MCOSURV;2024;970100442;C.H.U. DE POINTE-A-PITRE/ABYMES;970100228;1;8;2928;566;2283;6;1464;570;1869;24;0;125;73;3;6;;;;;;;2;4;10;7;0;0;;;;;;
MCOSURV;2024;970107249;CLINIQUE LES EAUX CLAIRES;970100731;1;12;4380;357;3718;0;0;0;0;2.4;0;11.6;11.6;0.2;0.6;11;0;0;0;1;3;0;0;0;0;0;0;0;0;0;0;0;0
MCOSURV;2024;970202313;CLINIQUE SAINT PAUL;970200168;1;5;1825;389;702;0;0;0;0;;;4.75;5.92;;;5;;;;;;;;;;;;;;;;;
MCOSURV;2024;970211215;CHU DE MARTINIQUE SITE P.ZOBDA QUITMAN;970211207;1;4;1464;261;798;0;0;0;0;;;;;;;;;;;;;;;;;;;;;;;;
MCOSURV;2024;970211256;CHU DE MARTINIQUE SITE MERE ENFANT;970211207;1;0;0;0;0;9;3294;166;778;;;;;;;;;;;;;;;;;;;;;;;;
MCOSURV;2024;970300026;CENTRE HOSPITALIER DE CAYENNE;970302022;1;3;1098;148;556;4;1464;455;1706;10.73;0;5.97;2.25;0;2.33;0;0;0;0;0;0;1;3.09;4.35;7.98;0;0.2;0;0;0;0;0;0
MCOSURV;2024;970300083;CENTRE HOSPITALIER  FRANCK-JOLY;970302121;1;4;1460;641;1240;3;1095;163;828;0.86;;13.02;;;14.43;;;;;;;;;0.68;;;6.64;;;;;;
MCOSURV;2024;970305637;CENTRE HOSPITALIER INTERCOM DE KOUROU;970305629;1;4;1404;257;1087;0;0;0;0;2.88;;5.91;6.2;1.48;2.36;0;;;;;;0;;;;;;0;;;;;
MCOSURV;2024;970400024;CHU SITE FELIX GUYON (SAINT DENIS);970408589;1;14;5124;3152;3702;8;2920;309;1255;1;0.25;14.7;17.9;;1;;;;;;;3.45;3;9;6;;1;;;;;;
MCOSURV;2024;970400057;CHU SITE SUD (SAINT PIERRE);970408589;1;8;2928;649;2248;2;732;19;45;;;12.6;11.79;;2.03;;;;;;;;1;1.86;;;;;;;;;
MCOSURV;2024;970400065;CH OUEST REUNION;970421038;1;6;2196;528;1742;0;0;0;0;1.6;6;;6;;1;;;;;;;;;;;;;;;;;;
MCOSURV;2024;970400073;GHER (SAINT-BENOIT);970403606;1;6;2190;421;1504;0;0;0;0;4.47;0;14.57;20.49;0.4;8.87;0;0;0;0;0;0;0;0;0;0;0;0;0;0;0;0;0;0
MCOSURV;2024;970462081;CLINIQUE LES ORCHIDEES;970400255;1;8;2128;606;1762;0;0;0;0;;10;;2.5;;;5;;;;;;;;;;;;;;;;;
MCOSURV;2024;970462107;CLINIQUE STE-CLOTILDE;970400305;1;26;7300;2575;5536;0;0;0;0;;21;14.5;;;;15;;;;3;;;;;;;;;;;;;
MCOSURV;2024;980500011;CHM;980500003;1;4;1464;476;1503;4;1464;288;1279;1.78;;38.88;14.29;1;8;;;;;;;0.06;4.06;1.96;6.23;;;;;;;;
