BOR;AN;FI;RS;FI_EJ;HMED_TOT;HMED_URG;HMED_SMUR;HIDE_TOT;HIDE_URG;HIDE_SMUR;HAMB_TOT;HAMB_SMUR;HMR_TOT;HMR_REG;HMRAMU_TOT;HMRAMU_REG;ARM_TOT;ARM_REG;OSNP_TOT;OSNP_REG;EFFPDSA;EFFSAS
PCAMEDURG;2024;010000024;CH DE FLEYRIAT;010780054;669;382;287;1176;840;336;252;252;287;287;287;287;780;780;;;;
PCAMEDURG;2024;010000032;CH BUGEY SUD;010780062;252;84;168;402;234;168;168;168;;;;;;;;;;
PCAMEDURG;2024;010005239;CH DU HAUT BUGEY - GEOVREISSET;010008407;420;252;168;504;336;168;168;168;;;;;;;;;0;0
PCAMEDURG;2024;010780195;CLINIQUE CONVERT;010000156;218;218;0;471;471;0;0;0;0;0;0;0;0;0;0;0;0;0
PCAMEDURG;2024;010780203;HOPITAL PRIVE D'AMBERIEU;010010718;934;766;168;934;766;168;168;168;;;;;;;;;;
PCAMEDURG;2024;020000162;CH SAINT-QUENTIN;020000063;96;96;;180;156;24;34;34;;;;;;;;;0;0
PCAMEDURG;2024;020000519;CH SOISSONS;020000261;546;378;168;924;756;168;168;168;;;;;;;;;;
PCAMEDURG;2024;020000535;CH CHAUNY;020000287;336;168;168;588;168;420;168;168;;;;;;;;;;
PCAMEDURG;2024;020001061;CH CHÂTEAU-THIERRY;020004404;497;329;168;776;608;168;168;168;;;;;;;;;;
PCAMEDURG;2024;020001087;CH HIRSON;020004495;2354;1177;1177;;;;;;;;;;;;;;;
PCAMEDURG;2024;020010047;HOPITAL PRIVE SAINT CLAUDE;020001632;299;299;;168;168;;;;;;;;;;;;;
PCAMEDURG;2024;020016366;SMUR CH SAINT-QUENTIN GUISE;020000063;168;;168;11;;11;;;;;;;;;;;;
PCAMEDURG;2024;030000061;CH DE MOULINS;030780092;672;420;252;840;588;252;216;216;200;200;200;200;672;672;75;75;24;0
PCAMEDURG;2024;030000079;CH DE MONTLUCON;030780100;588;252;336;756;420;336;223;223;0;0;0;0;0;0;0;0;0;0
PCAMEDURG;2024;030000087;CH JACQUES LACARIN VICHY;030780118;567;532;35;1109;1016;93;93;93;;;;;;;;;;
PCAMEDURG;2024;040000093;CHI DE MANOSQUE LOUIS RAFFALLI;040780215;406;238;168;756;588;168;168;168;;;;;;;;;;
PCAMEDURG;2024;040000135;CHI DES ALPES DU SUD SITE DE SISTERON;050002948;504;336;168;588;420;168;168;168;0;0;0;0;0;0;0;0;0;0
PCAMEDURG;2024;040000911;CENTRE HOSPITALIER DE DIGNE LES BAINS;040788879;574;406;168;596;428;168;168;168;293;293;168;168;336;336;;;0;0
PCAMEDURG;2024;050000231;CH LES ESCARTONS A BRIANCON;050000116;620;452;168;840;672;168;168;168;;;;;;;;;;
PCAMEDURG;2024;050000256;CENTRE HOSPITALIER D'EMBRUN;050000124;178;178;;252;252;;;;;;;;;;;;;
PCAMEDURG;2024;050000348;CHI DES ALPES DU SUD SITE DE GAP;050002948;847;441;406;1288;441;847;168;168;336;336;168;168;420;420;64;64;16;17
PCAMEDURG;2024;060000478;CENTRE HOSPITALIER DE GRASSE;060780897;554;386;168;840;672;168;0;0;0;0;0;0;0;0;0;0;0;0
PCAMEDURG;2024;060000510;CH D'ANTIBES JUAN LES PINS;060780954;1099;763;336;1848;1512;336;336;336;;;;;;;;;;
PCAMEDURG;2024;060000544;CH DE CANNES SIMONE VEIL;060780988;836;668;168;1680;1512;168;168;168;;;;;;;;;;
PCAMEDURG;2024;060002102;CH LA PALMOSA DE MENTON;060791761;504;336;168;406;238;168;168;168;;;;;;;;;;
PCAMEDURG;2024;060780491;INSTITUT ARNAULT TZANCK;060790797;168;168;;307;307;;;;;;;;;;;;;
PCAMEDURG;2024;060780517;POLYCLINIQUE SAINT JEAN;060000239;253;253;;476;476;;;;;;;;;;;;;
PCAMEDURG;2024;060780715;CLINIQUE SAINT GEORGE;060000361;252;252;;336;336;;;;;;;;;;;;;
PCAMEDURG;2024;060780723;CLINIQUE DU PARC IMPERIAL;060004959;168;168;;238;238;;;;;;;;;;;;;
PCAMEDURG;2024;060780947;HOP PEDIATRIQUES DE NICE CHU LENVAL;060800174;420;420;;252;252;;;;;;;;;;;;;
PCAMEDURG;2024;060785003;CHU DE NICE HOPITAL PASTEUR;060785011;1538;964;574;2758;2184;574;574;574;840;840;336;336;1344;1344;120;120;;
PCAMEDURG;2024;060789195;CHU DE NICE HOPITAL DE L'ARCHET;060785011;50;;50;168;;168;;;;;;;;;;;;
PCAMEDURG;2024;070000013;CH DE PRIVAS ARDECHE;070002878;336;168;168;252;84;168;168;168;360;360;168;168;468;468;84;84;;
PCAMEDURG;2024;070000179;CH ARDECHE NORD;070780358;615;447;168;924;756;168;168;168;;;;;;;;;;
PCAMEDURG;2024;070000609;CH ARDECHE MERIDIONALE - AUBENAS;070005566;588;420;168;658;490;168;168;168;;;;;;;;;;
PCAMEDURG;2024;070780424;CLINIQUE PASTEUR;070000245;168;168;;245;245;;;;;;;;;;;;;
PCAMEDURG;2024;080000110;CENTRE HOSPITALIER DE SEDAN;080011174;324;156;168;503;453;50;168;168;;;;;;;;;;
PCAMEDURG;2024;080000219;CENTRE HOSPITALIER DE RETHEL;080001969;672;336;336;672;336;336;336;336;;;;;;;;;;
PCAMEDURG;2024;080000276;CENTRE HOSPITALIER DE VOUZIERS;080001969;336;168;168;420;252;168;168;168;;;;;;;;;;
PCAMEDURG;2024;080000425;CH CHARLEVILLE - HOPITAL MANCHESTER;080011174;684;348;336;1428;1092;336;336;336;168;168;168;168;336;336;0;0;0;0
PCAMEDURG;2024;080009814;ANTENNE DE SMUR - CH CHARLEVILLE;080011174;168;;168;168;;168;50;50;;;;;;;;;0;0
PCAMEDURG;2024;090000175;CHIVA SITE ST JEAN DE VERGES;090781774;742;574;168;994;826;168;224;224;264;264;168;168;360;360;50;50;10;10
PCAMEDURG;2024;090000183;CH ARIEGE COUSERANS SITE ST LIZIER;090781816;504;336;168;504;336;168;168;168;0;0;0;0;0;0;0;0;0;0
PCAMEDURG;2024;100000090;CENTRE HOSPITALIER DE TROYES;100000017;1220;884;336;1662;1326;336;372;372;216;216;168;168;504;504;0;0;;0
PCAMEDURG;2024;100000199;CENTRE HOSPITALIER DE ROMILLY/SEINE;100006279;336;168;168;393;225;168;84;84;;;;;;;;;;
PCAMEDURG;2024;100010206;ANTENNE SMUR DE BAR SUR AUBE;100000017;168;;168;168;;168;168;168;;;;;;;;;;
PCAMEDURG;2024;110000023;CH CARCASSONNE;110780061;717;380;337;1177;840;337;337;337;284;284;168;168;672;672;64;64;1;
PCAMEDURG;2024;110000049;CH JP CASSABEL CASTELNAUDARY;110780087;168;168;;252;252;;;;;;;;;;;;;
PCAMEDURG;2024;110000056;CH NARBONNE;110780137;693;357;336;1260;924;336;336;336;;;;;;;;;;
PCAMEDURG;2024;110007580;CH CARCASSONNE SMUR ANTENNE CASTELNAUD;110780061;70;;70;84;;84;84;84;;;;;;;;;;
PCAMEDURG;2024;110007598;CH CARCASSONNE SMUR ANTENNE QUILLAN;110780061;168;;168;168;;168;;;;;;;;;;;;
PCAMEDURG;2024;110780228;HOPITAL PRIVE DU GRAND NARBONNE;110000114;168;168;;400;400;;;;;;;;;;;;;
PCAMEDURG;2024;110780483;POLYCL MONTREAL CARCASSONNE;110000155;168;168;;307;307;;;;;;;;;;;;;
PCAMEDURG;2024;120000039;CH DE RODEZ HOPITAL JACQUES PUEL;120780044;504;336;168;668;332;336;189;189;236;236;168;168;338;338;;;;
PCAMEDURG;2024;120000054;CH VILLEFRANCHE SITE CHARTREUSE;120780069;336;168;168;406;375;31;;;;;;;;;;;;
PCAMEDURG;2024;120000070;CH PIERRE DELPECH DECAZEVILLE;120780085;257;89;168;406;238;168;0;0;;;;;;;;;0;0
PCAMEDURG;2024;120004569;CH MILLAU;120004528;336;168;168;518;350;168;;;;;;;;;;;;
PCAMEDURG;2024;120004668;CH EMILE BOREL ST AFFRIQUE;120004619;336;168;168;339;171;168;;;;;;;;;;;;
PCAMEDURG;2024;130000409;CHI SITE D'AIX EN PROVENCE;130041916;840;672;168;1808;1556;252;252;252;;;;;;;;;;
PCAMEDURG;2024;130000565;CENTRE HOSPITALIER GENERAL D'AUBAGNE;130781446;456;228;228;816;588;228;228;228;;;;;;;;;0;0
PCAMEDURG;2024;130001225;HOPITAL DU PAYS SALONAIS;130782634;722;554;168;1145;977;168;;;;;;;;;;;;
PCAMEDURG;2024;130002215;CENTRE HOSPITALIER GENERAL LA CIOTAT;130785512;392;224;168;588;420;168;168;168;;;;;;;;;;
PCAMEDURG;2024;130002827;CH JOSEPH IMBERT D'ARLES;130789274;504;336;168;840;672;168;;;;;;;;;;;;
PCAMEDURG;2024;130002835;CH DE MARTIGUES HOPITAL DES RAYETTES;130789316;756;588;168;1260;1008;252;168;168;;;;;;;;;;
PCAMEDURG;2024;130043664;HOPITAL EUROPEEN;130002157;504;504;;1205;1205;;;;;;;;;;;;;
PCAMEDURG;2024;130044977;APHM ANTENNE SMUR DE MARIGNANE;130786049;168;;168;168;;168;168;168;;;;;;;;;;
PCAMEDURG;2024;130044985;APHM ANTENNE SMUR DE LOUVAIN;130786049;168;;168;168;;168;168;168;;;;;;;;;;
PCAMEDURG;2024;130044993;APHM ANTENNE SMUR DE PLOMBIERES;130786049;168;;168;168;;168;168;168;;;;;;;;;;
PCAMEDURG;2024;130045008;APHM ANTENNE SMUR D'ENDOUME;130786049;168;;168;168;;168;168;168;;;;;;;;;;
PCAMEDURG;2024;130045016;APHM ANTENNE SMUR DE MARIGNANE;130786049;84;;84;84;;84;;;;;;;;;;;;
PCAMEDURG;2024;130045040;APHM ANTENNE SMUR DE LAVERAN;130786049;140;;140;140;;140;140;140;;;;;;;;;;
PCAMEDURG;2024;130780521;APHM HOPITAL NORD;130786049;957;789;168;2553;2385;168;168;168;;;;;;;;;;
PCAMEDURG;2024;130781479;HOPITAL PRIVE LA CASAMANCE;130000599;336;336;;457;457;;;;;;;;;;;;0;0
PCAMEDURG;2024;130782071;CLINIQUE DE L'ETANG DE L'OLIVIER;130002454;168;168;;252;252;;;;;;;;;;;;;
PCAMEDURG;2024;130782147;CLINIQUE GENERALE DE MARIGNANE;130000979;336;336;;588;588;;;;;;;;;;;;;
PCAMEDURG;2024;130783293;APHM HOPITAL LA TIMONE;130786049;1346;1010;336;2940;2604;336;336;336;504;504;504;504;2184;2184;;;52;51
PCAMEDURG;2024;130784713;HP MARSEILLE BEAUREGARD VERT COTEAU;130038847;168;168;;336;336;;;;;;;;;;;;;
PCAMEDURG;2024;130785652;HOPITAL SAINT JOSEPH;130014228;1044;1044;;1426;1426;;;;;;;;;;;;;
PCAMEDURG;2024;130786361;HOPITAL PRIVE DE PROVENCE;130002447;336;336;;679;679;;;;;;;;;;;;0;0
PCAMEDURG;2024;130786742;HOPITAL INSTRUCTION DES ARMEES LAVERAN;750821092;312;312;;672;672;;;;;;;;;;;;;
PCAMEDURG;2024;130804297;APHM HOPITAL LA TIMONE ENFANTS;130786049;374;206;168;1272;1104;168;168;168;;;;;;;;;;
PCAMEDURG;2024;140000027;CENTRE HOSPITALIER DE LISIEUX;140000035;672;504;168;742;574;168;168;168;;;;;;;;;;
PCAMEDURG;2024;140000209;CHU CAEN;140000100;336;;336;504;;504;756;756;;;;;;;;;;
PCAMEDURG;2024;140000233;CH FALAISE;140000118;288;168;120;421;246;175;175;175;;;;;;;;;;
PCAMEDURG;2024;140000373;CENTRE HOSPITALIER DE VIRE;140000159;336;168;168;406;238;168;168;168;;;;;;;;;;
PCAMEDURG;2024;140016759;POLYCLINIQUE DU PARC;140003146;204;204;;672;672;;;;;;;;;;;;0;0
PCAMEDURG;2024;140017237;HOPITAL PRIVE ST MARTIN;140003278;156;156;;536;536;;;;;;;;;;;;;
PCAMEDURG;2024;140024886;CENTRE HOSPITALIER - AUNAY-BAYEUX;140000092;356;188;168;588;420;168;168;168;;;;;;;;;;
PCAMEDURG;2024;140026410;CH COTE FLEURIE - SITE DE CRICQUEBOEUF;140026279;588;420;168;734;566;168;168;168;;;;;;;;;;
PCAMEDURG;2024;150000032;CH DE SAINT-FLOUR;150780088;330;162;168;336;168;168;0;0;;;;;;;;;;
PCAMEDURG;2024;150000040;CH HENRI MONDOR;150780096;534;282;252;868;616;252;252;252;195;195;168;168;252;252;7;7;28;7
PCAMEDURG;2024;150000164;CH DE MAURIAC;150780468;96;48;48;70;35;35;35;35;;;;;;;;;;
PCAMEDURG;2024;160000253;CENTRE HOSPITALIER D'ANGOULEME;160000451;938;602;336;1932;1596;336;336;336;334;334;168;168;438;438;0;0;;
PCAMEDURG;2024;160000303;CH HOPITAUX SUD-CHARENTE;160006037;336;168;168;336;168;168;168;168;0;0;0;0;0;0;0;0;;
PCAMEDURG;2024;160000311;CENTRE HOSPITALIER CONFOLENS;160000485;336;168;168;367;207;160;8;8;;;;;;;;;;
PCAMEDURG;2024;160000337;CENTRE HOSPITALIER DE RUFFEC;160000493;336;168;168;336;168;168;;;;;;;;;;;;
PCAMEDURG;2024;160015368;HOPITAUX DU GRAND COGNAC;160014411;20222;11462;8760;30660;21900;8760;8760;8760;;;;;;;;;;
PCAMEDURG;2024;170000038;CENTRE HOSPITALIER JONZAC;170780050;386;218;168;336;168;168;168;168;;;;;;;;;;
PCAMEDURG;2024;170000087;HOPITAL SAINT-LOUIS - LA ROCHELLE;170024194;791;451;340;1659;1311;348;348;348;340;340;291;291;871;871;;;;
PCAMEDURG;2024;170000095;CENTRE HOSPITALIER ST JEAN D'ANGELY;170780175;420;252;168;315;147;168;168;168;;;;;;;;;;
PCAMEDURG;2024;170000103;CH DE SAINTONGE - SAINTES;170780175;588;420;168;1176;840;336;336;336;;;;;;;;;;
PCAMEDURG;2024;170000129;CENTRE HOSPITALIER ROYAN-ATLANTIQUE;170780191;336;168;168;420;252;168;168;168;;;;;;;;;;
PCAMEDURG;2024;170000152;CENTRE HOSPITALIER ROCHEFORT;170780225;614;446;168;672;504;168;168;168;;;;;;;;;;
PCAMEDURG;2024;170022065;GCS URGENCES PAYS ROYANNAIS - ROYAN;170022057;168;168;;252;252;;;;;;;;;;;;;
PCAMEDURG;2024;170022818;GCS URGENCES PAYS ROYANNAIS -STGEORGES;170022057;84;84;;84;84;;;;;;;;;;;;;
PCAMEDURG;2024;170022826;GCS URGENCES PAYS ROYANNAIS - PASTEUR;170022057;84;84;;200;200;;;;;;;;;;;;;
PCAMEDURG;2024;170024590;CH ROCHEFORT - SITE ST PIERRE OLERON;170780225;25;;25;26;;26;26;26;;;;;;;;;;
PCAMEDURG;2024;180000010;CH BOURGES - JACQUES COEUR;180000028;882;546;336;630;294;336;336;336;336;336;0;0;384;384;;;;
PCAMEDURG;2024;180000200;CH DE VIERZON;180000051;406;238;168;438;270;168;1;1;;;;;;;;;;
PCAMEDURG;2024;180000283;CH SAINT AMAND-MONTROND;180000069;336;168;168;436;272;164;;;;;;;;;;;;
PCAMEDURG;2024;190000018;CENTRE HOSPITALIER DUBOIS BRIVE;190000042;624;288;336;910;742;168;336;336;;;;;;;;;;
PCAMEDURG;2024;190000026;CENTRE HOSPITALIER COEUR DE CORREZE;190000059;395;227;168;168;168;;;;84;84;84;84;;;;;;
PCAMEDURG;2024;190000091;CENTRE HOSPITALIER D'USSEL;190000075;168;168;;168;168;;;;;;;;;;;;;
PCAMEDURG;2024;190010892;CH TULLE - ANTENNE SMUR USSEL;190000059;168;;168;168;;168;168;168;;;;;;;;;;
PCAMEDURG;2024;210012670;HOPITAL PRIVE DIJON BOURGOGNE;210011367;252;252;0;588;588;0;0;0;0;0;0;0;0;0;0;0;;
PCAMEDURG;2024;210987558;HOPITAL LE BOCAGE CHRU DIJON;210780581;1071;554;517;1624;994;630;504;504;690;690;340;340;1284;1284;112;112;41;41
PCAMEDURG;2024;210987657;HOSPICES CIVILS DE BEAUNE;210012175;379;211;168;924;756;168;168;168;;;;;;;;;;
PCAMEDURG;2024;210987665;CH HCO SITE DE CHATILLON SUR SEINE;210012142;504;336;168;588;420;168;168;168;;;;;;;;;;
PCAMEDURG;2024;210987699;CENTRE HOSPITALIER ROBERT MORLEVAT;210780706;574;406;168;784;609;175;168;168;0;0;0;0;0;0;0;0;0;0
PCAMEDURG;2024;220000012;CENTRE HOSPITALIER YVES LE FOLL;220000020;1244;738;506;1700;1364;336;381;381;430;430;168;168;918;918;64;64;19;6
PCAMEDURG;2024;220000095;GHRE- SITE DINAN RENE PLEVEN;350000022;574;406;168;736;568;168;168;168;;;;;;;;;;
PCAMEDURG;2024;220000343;CENTRE HOSPITALIER GUINGAMP;220000079;487;420;67;1299;1232;67;67;67;;;;;;;;;;
PCAMEDURG;2024;220000368;CENTRE HOSPITALIER LANNION;220000103;323;155;168;777;609;168;168;168;;;;;;;;;;
PCAMEDURG;2024;220000541;CENTRE HOSPITALIER PAIMPOL;220000020;507;338;169;460;292;168;168;168;;;;;;;;;;
PCAMEDURG;2024;230000820;CENTRE HOSPITALIER GUERET;230780041;336;168;168;840;672;168;168;168;168;168;168;168;336;336;84;84;;
PCAMEDURG;2024;230004657;SITE CROIX BLANCHE;230780058;168;168;;168;168;;;;;;;;;;;;;
PCAMEDURG;2024;240000190;POLYCLINIQUE FRANCHEVILLE;240000596;168;168;;285;285;;;;;;;;;;;;;
PCAMEDURG;2024;240000372;C.H DE BERGERAC;240000059;471;303;168;810;642;168;168;168;;;;;;;;;0;0
PCAMEDURG;2024;240000489;CENTRE HOSPITALIER DE PERIGUEUX;240000117;924;420;504;1214;878;336;336;336;236;236;168;168;612;612;;;;
PCAMEDURG;2024;240000687;CENTRE HOSPITALIER SARLAT;240000448;336;168;168;588;420;168;168;168;;;;;;;;;;
PCAMEDURG;2024;250000700;CHI HC SITE RIVES DU DOUBS PONTARLIER;250000452;336;168;168;336;168;168;168;168;;;;;;;;;;
PCAMEDURG;2024;250006954;CHU JEAN MINJOZ BESANCON;250000015;1866;1362;504;3421;2917;504;504;504;891;891;455;455;1834;1834;;;51;
PCAMEDURG;2024;260000013;CH DE VALENCE;260000021;903;567;336;1823;1487;336;336;336;448;448;168;168;636;636;;;;
PCAMEDURG;2024;260000120;HOPITAUX DROME NORD - ROMANS-SUR-ISERE;260016910;588;420;168;588;420;168;168;168;;;;;;;;;;
PCAMEDURG;2024;260000138;CH PORTES PROVENCE MONTELIMAR;260000047;658;490;168;1441;1273;168;168;168;;;;;;;;;;
PCAMEDURG;2024;260000146;CH DE CREST;260000054;168;168;;174;174;;;;;;;;;;;;;
PCAMEDURG;2024;260000203;HOPITAUX DROME NORD - SAINT-VALLIER;260016910;81;81;0;81;81;;;;;;;;;;;;;
PCAMEDURG;2024;260000286;CH DU DIOIS;260000104;168;168;;168;168;;;;;;;;;;;;0;0
PCAMEDURG;2024;270000045;CH BERNAY;270000060;336;168;168;504;336;168;105;105;;;;;;;;;;
PCAMEDURG;2024;270000326;HOPITAL PRIVE PASTEUR;270000680;144;144;;354;354;;;;;;;;;;;;;
PCAMEDURG;2024;270000359;CH EURE SEINE EVREUX;270023724;2026;1690;336;1834;1498;336;336;336;557;557;336;336;854;854;;;;
PCAMEDURG;2024;270000367;CH GISORS;270000086;336;168;168;336;168;168;168;168;;;;;;;;;;
PCAMEDURG;2024;270000391;CH LOUVIERS CHI ELBEUF;760024042;168;168;;308;308;;;;;;;;;;;;;
PCAMEDURG;2024;270000425;CH PONT-AUDEMER;270000102;336;168;168;336;168;168;168;168;;;;;;;;;;
PCAMEDURG;2024;270000441;CH VERNEUIL-SUR-AVRE;270000110;336;168;168;420;252;168;168;168;;;;;;;;;;
PCAMEDURG;2024;270000458;CH VERNON CH EURE-SEINE;270023724;647;479;168;756;588;168;168;168;;;;;;;;;;
PCAMEDURG;2024;280000084;CH DREUX;280000183;1141;805;336;1517;1181;336;168;168;288;288;178;178;539;539;49;49;0;5
PCAMEDURG;2024;280000662;CH CHATEAUDUN;280500075;406;366;40;756;716;40;40;40;;;;;;;;;;
PCAMEDURG;2024;280502998;CH NOGENT LE ROTROU - NOUVEL HÔPITAL;280000589;336;168;168;504;252;252;168;168;;;;;;;;;;
PCAMEDURG;2024;280504267;CH CHARTRES LOUIS PASTEUR-LE COUDRAY;280000134;840;504;336;840;504;336;336;336;0;0;0;0;0;0;0;0;0;0
PCAMEDURG;2024;280505777;HOPITAL PRIVE D'EURE ET LOIR;280001199;168;168;0;840;840;0;0;0;0;0;0;0;0;0;0;0;;
PCAMEDURG;2024;290000025;CHIC QUIMPER;290020700;672;504;168;1680;1344;336;336;336;;;;;;;;;;
PCAMEDURG;2024;290000033;C.H. DES PAYS DE MORLAIX;290021542;583;414;169;1017;849;168;168;168;;;;;;;;;0;0
PCAMEDURG;2024;290000066;CHIC SITE DE CONCARNEAU;290020700;168;84;84;252;168;84;84;84;;;;;;;;;;
PCAMEDURG;2024;290000173;CH FERDINAND GRALL LANDERNEAU;290000041;;;;487;487;;;;;;;;;;;;;
PCAMEDURG;2024;290000181;CENTRE HOSPITALIER DOUARNENEZ;290000074;221;221;;420;420;;;;;;;;;;;;;
PCAMEDURG;2024;290000728;HOPITAL INSTR ARMEES CLERMONT-TONNERRE;750821092;336;336;;604;604;;;;;;;;;;;;;
PCAMEDURG;2024;290000785;ETABLISSEMENT DE SOINS HOTEL DIEU;220020739;511;343;168;984;816;168;168;168;;;;;;;;;;
PCAMEDURG;2024;290000934;GHBS - HOPITAL LA VILLENEUVE;560005746;537;369;168;735;567;168;168;168;;;;;;;;;;
PCAMEDURG;2024;290019777;POLYCLINIQUE DE KERAUDREN;290022508;294;294;;672;672;;;;;;;;;;;;;
PCAMEDURG;2024;290029982;SMUR SITE CH DOUARNENEZ - CHIC;290020700;84;;84;84;;84;84;84;;;;;;;;;;
PCAMEDURG;2024;2A0003125;ANTENNE DU SMUR SARTENE;2A0000014;840;;840;840;;840;792;792;217;217;168;168;336;336;;;16;
PCAMEDURG;2024;2A0003133;ANTENNE DU SMUR PORTO VECCHIO;2A0000014;840;;840;840;;840;792;792;217;217;168;168;336;336;;;16;
PCAMEDURG;2024;2A0003141;ANTENNE DU SMUR BONIFACIO;2A0000014;840;;840;840;;840;792;792;217;217;168;168;336;336;;;16;
PCAMEDURG;2024;2A0004842;CH ND LA MISERICORDE;2A0000014;840;;840;840;;840;792;792;217;217;168;168;336;336;;;16;
PCAMEDURG;2024;2B0000012;CENTRE HOSPITALIER DE BASTIA;2B0000020;1008;588;420;1429;1092;337;672;672;259;259;168;168;420;420;60;60;;
PCAMEDURG;2024;2B0003420;ANTENNE SMUR DE CALVI;2B0000020;168;0;168;168;0;168;168;168;0;0;0;0;0;0;0;0;;
PCAMEDURG;2024;2B0004907;ANTENNE SMUR DE CORTE;2B0000020;168;0;168;168;0;168;168;168;0;0;0;0;0;0;0;0;;
PCAMEDURG;2024;2B0005359;CH CALVI;2B0005342;39;39;;36;36;;;;;;;;;;;;;
PCAMEDURG;2024;2B0005409;ANTENNE SMUR GHISONACCIA;2B0000020;168;0;168;168;0;168;168;168;0;0;0;0;0;0;0;0;;
PCAMEDURG;2024;300000023;CH ALES CEVENNES;300780046;504;336;168;977;830;147;;;;;;;;;;;0;0
PCAMEDURG;2024;300000031;CH LOUIS PASTEUR BAGNOLS SUR CEZE;300780053;420;252;168;742;574;168;84;84;;;;;;;;;;
PCAMEDURG;2024;300780137;NOUVELLE CL BONNEFON ALES;920028396;98;98;0;168;168;0;0;0;0;0;0;0;0;0;0;0;0;0
PCAMEDURG;2024;300782117;CHU NIMES CAREMEAU;300780038;;;;2214;1663;551;587;587;;;;;1433;1433;;;;
PCAMEDURG;2024;300788502;POLYCLINIQUE GRAND SUD NIMES;300017985;228;228;;315;315;;;;;;;;;;;;;
PCAMEDURG;2024;310000310;CH COMMINGES PYRENEES SITE ST PLANCARD;310780671;672;336;336;756;420;336;336;336;;;;;;;;;;
PCAMEDURG;2024;310026927;CL CAPIO LA CROIX DU SUD QUINT FONSEGR;310026794;208;208;0;642;642;;;;;;;;;;;;0;0
PCAMEDURG;2024;310780283;CL DE L'UNION SAINT JEAN;310000112;;;;680;680;;;;;;;;;;;;;
PCAMEDURG;2024;310780382;CL AMBROISE PARE TOULOUSE;310000179;168;168;;168;168;;;;;;;;;;;;;
PCAMEDURG;2024;310781000;CL DES CEDRES CORNEBARRIEU;310788880;337;337;;823;823;;;;;;;;;;;;;
PCAMEDURG;2024;310781067;HOPITAL JOSEPH DUCUING TOULOUSE;310788898;228;228;;447;447;;;;;;;;;;;;;
PCAMEDURG;2024;310781505;CL D'OCCITANIE MURET;310000492;266;266;;680;680;;;;;;;;;;;;;
PCAMEDURG;2024;320000086;CH AUCH EN GASCOGNE;320780117;504;336;168;756;588;168;168;168;44;44;;;168;168;;;0;0
PCAMEDURG;2024;320000102;CH CONDOM;320780133;168;168;;168;168;;;;;;;;;;;;;
PCAMEDURG;2024;320004922;CENTRE HOSPIT D'AUCH - ANTENNE CONDOM;320780117;168;;168;168;;168;168;168;;;;;;;;;;
PCAMEDURG;2024;330000555;CENTRE HOSPITALIER D'ARCACHON;330781204;480;312;168;888;720;168;168;168;;;;;;;;;;
PCAMEDURG;2024;330000571;CH DE LA HAUTE GIRONDE;330781220;336;168;168;560;280;280;168;168;;;;;;;;;;
PCAMEDURG;2024;330000589;CH SUD GIRONDE - SITE LANGON;330027509;504;336;168;714;546;168;168;168;;;;;;;;;;
PCAMEDURG;2024;330000605;CTRE HOSPIT.R.BOULIN-LIBOURNE;330781253;611;443;168;1260;1092;168;168;168;;;;;;;;;;
PCAMEDURG;2024;330058355;CH LIBOURNE- ANTENNE STE-FOY-LA-GRANDE;330781253;265;97;168;336;168;168;168;168;;;;;;;;;;
PCAMEDURG;2024;330058702;MSP BAGATELLE SITE ROBERT PICQUÉ;330780552;336;336;;672;672;;;;;;;;;;;;;
PCAMEDURG;2024;330780263;POLYCLINIQUE BORDEAUX RIVE DROITE;330000134;308;308;;791;791;;;;;;;;;;;;;
PCAMEDURG;2024;330780479;POLYCLIN BORDEAUX-NORD AQUITAINE;330000274;386;386;;840;840;;;;;;;;;;;;;
PCAMEDURG;2024;330780495;CLINIQUE MUTUALISTE DU MEDOC;330796392;336;168;168;336;168;168;;;;;;;;;;;;
PCAMEDURG;2024;330780529;CLINIQUE MUTUALISTE DE PESSAC;330796392;507;507;;383;383;;;;;;;;;;;;;
PCAMEDURG;2024;330780537;HOPITAL PRIVE WALLERSTEIN;330000324;420;252;168;504;252;252;210;210;;;;;;;;;;
PCAMEDURG;2024;330781352;HOPITAL SAINT-ANDRE - CHU;330781196;445;445;;892;892;;;;;;;;;;;;;
PCAMEDURG;2024;330781360;GROUPE HOSPITALIER PELLEGRIN - CHU;330781196;1130;580;550;2657;2069;588;588;588;532;532;;;2016;2016;;;;
PCAMEDURG;2024;330781402;NOUVELLE CLINIQUE BORDEAUX TONDU;330000670;168;168;0;420;420;0;;;0;0;0;0;0;0;0;0;0;0
PCAMEDURG;2024;340000033;CH BEZIERS;340780055;1222;886;336;1680;1344;336;336;336;;;;;;;;;;
PCAMEDURG;2024;340000223;HOPITAL ST CLAIR SETE HBT;340011295;577;408;169;924;756;168;168;168;;;;;;;;;;
PCAMEDURG;2024;340015502;CL DU MILLENAIRE MONTPELLIER;340000512;334;334;;505;505;;;;;;;;;;;;;
PCAMEDURG;2024;340015965;POLYCL ST PRIVAT BOUJAN SUR LIBRON;340000074;245;245;;409;409;;;;;;;;;;;;;
PCAMEDURG;2024;340022763;CHU MTP SMUR ANTENNE LUNEL;340780477;168;;168;168;;168;;;;;;;;;;;;
PCAMEDURG;2024;340022771;CHU MTP SMUR ANTENNE GANGES;340780477;168;;168;;;;;;;;;;;;;;;
PCAMEDURG;2024;340022979;POLYCL ST ROCH MONTPELLIER;340000306;253;253;0;623;623;0;0;0;0;0;0;0;0;0;0;0;0;0
PCAMEDURG;2024;340024314;CL ST JEAN SUD DE FRANCE;340000272;336;336;;672;672;;;;;;;;;;;;;
PCAMEDURG;2024;340025279;CHU MTP PF TELEPHONE SAMU VAILHAUQUES;340780477;;;;;;;;;734;734;420;420;1030;1030;180;180;;
PCAMEDURG;2024;340027739;CHU MTP SMUR ANTENNE CLERMONT HERAULT;340780477;168;;168;168;;168;168;168;;;;;;;;;;
PCAMEDURG;2024;340780147;POLYCL DES TROIS VALLEES BEDARIEUX;340000108;168;168;;217;217;;;;;;;;;;;;;
PCAMEDURG;2024;340780154;POLYCL PASTEUR PEZENAS;340000116;168;168;;252;252;;;;;;;;;;;;0;0
PCAMEDURG;2024;340780436;HOPITAL ST LOUP AGDE HBT;340011295;168;;168;168;;168;168;168;;;;;;;;;;
PCAMEDURG;2024;340780642;CL BEAU SOLEIL;340028901;175;175;;252;252;;;;;;;;;;;;;
PCAMEDURG;2024;340780667;CL DU PARC CASTELNAU LE LEZ;340000280;252;252;;420;420;;;;;;;;;;;;;
PCAMEDURG;2024;340780717;CL ST LOUIS GANGES;340023225;168;168;;406;406;;;;;;;;;;;;0;0
PCAMEDURG;2024;340780725;CL VIA DOMITIA POLE SANTE DE LUNEL;340000330;192;192;;599;599;;;;;;;;;;;;12;0
PCAMEDURG;2024;340785161;HOPITAL LAPEYRONIE CHU MONTPELLIER;340780477;2215;1543;672;3346;2674;672;1092;1092;;;;;;;;;;
PCAMEDURG;2024;350000121;CHP SAINT GREGOIRE;350000303;339;339;;697;697;;;;;;;;;;;;;
PCAMEDURG;2024;350000147;GHRE - SITE SAINT MALO BROUSSAIS;350000022;763;588;175;1018;509;509;175;175;;;;;;;;;;
PCAMEDURG;2024;350000154;C.H FOUGERES;350000030;456;288;168;469;301;168;168;168;;;;;;;;;;
PCAMEDURG;2024;350000162;CHIRC SITE REDON;350000048;504;336;168;588;420;168;168;168;;;;;;;;;;
PCAMEDURG;2024;350000188;CENTRE HOSPITALIER VITRE;350000055;252;252;;304;304;;168;168;;;;;;;;;;
PCAMEDURG;2024;350000741;CHRU RENNES SITE PONTCHAILLOU;350005179;;;;2926;1440;1486;1491;1491;;;;;1512;1512;;;46;46
PCAMEDURG;2024;350005146;HOPITAL PRIVE SEVIGNE;350000733;252;252;;472;472;;;;;;;;;;;;;
PCAMEDURG;2024;350007084;CHRU RENNES SITE HOPITAL SUD;350005179;;;;1393;1393;;;;;;;;;;;;;
PCAMEDURG;2024;360000038;CH LA TOUR BLANCHE - ISSOUDUN;360000046;252;252;0;420;420;;;;;;;;;;;;0;0
PCAMEDURG;2024;360000137;CH CHATEAUROUX;360000053;939;603;336;1121;775;346;346;346;168;168;168;168;430;430;;;7;
PCAMEDURG;2024;360000160;CH DU BLANC;360000053;168;168;;336;336;;;;;;;;;;;;;
PCAMEDURG;2024;370000093;SAS NOUVELLE CLINIQUE DE TOURS +;370013468;252;252;;967;967;;;;;;;;;;;;;
PCAMEDURG;2024;370000499;CHRU CLOCHEVILLE - TOURS;370000481;326;326;;762;762;;;;;;;;;;;;;
PCAMEDURG;2024;370000531;CH DU CHINONAIS;370000606;386;218;168;542;374;168;;;;;;;;;;;;
PCAMEDURG;2024;370000861;CHRU BRETONNEAU - TOURS;370000481;168;;168;172;;172;0;0;;;;;;;;;;
PCAMEDURG;2024;370000879;CHIC - AMBOISE- HÔPITAL ROBERT DEBRÉ;370000564;537;358;179;551;426;125;;;;;;;;;;;;
PCAMEDURG;2024;370000903;CH PAUL MARTINAIS - LOCHES;370000614;758;758;;1651;1651;;;;;;;;;;;;;
PCAMEDURG;2024;370004467;CHRU TROUSSEAU - CHAMBRAY;370000481;769;489;280;1871;1535;336;336;336;325;325;325;325;336;336;;;;
PCAMEDURG;2024;370007569;PÔLE SANTÉ LÉONARD DE VINCI;370007528;228;228;;522;522;;;;;;;;;;;;;
PCAMEDURG;2024;370013401;CHRU DE TOURS - ANTENNE CL L'ALLIANCE;370000481;336;;336;;;;;;;;;;;;;;;
PCAMEDURG;2024;380000026;CH FABRICE MARCHIOL LA MURE;380780031;168;168;;168;168;;;;;;;;;;;;;
PCAMEDURG;2024;380000034;CH PIERRE OUDOT BOURGOIN JALLIEU;380780049;714;546;168;1347;1179;168;168;168;0;0;0;0;0;0;0;0;;
PCAMEDURG;2024;380000042;CH YVES TOURAINE;380780056;238;238;;476;476;;;;;;;;;;;;;
PCAMEDURG;2024;380000067;HOPITAL NORD - CHU38;380780080;1912;1567;345;;;;;;291;291;;;;;;;44;
PCAMEDURG;2024;380000174;CH LUCIEN HUSSEL DE VIENNE;380781435;514;418;96;989;840;149;149;149;;;;;;;;;0;0
PCAMEDURG;2024;380000406;HOPITAL DE VOIRON - CHU38;380780080;593;383;210;;;;;;;;;;;;;;;
PCAMEDURG;2024;380012658;GROUPE HOSPIT. MUTUALISTE DE GRENOBLE;380012609;293;293;;804;804;;;;;;;;;;;;;
PCAMEDURG;2024;380019752;ANTENNE SMUR AERODROME VERSOUD - CHU38;380780080;16;;16;;;;;;;;;;;;;;;
PCAMEDURG;2024;380019760;ANTENNE SMUR ALPES D'HUEZ - CHU38;380780080;8;;8;;;;;;;;;;;;;;;
PCAMEDURG;2024;380020123;CLINIQUE DES COTES DU RHONE;380021139;168;168;0;312;312;0;;;;;;;;;;;7;0
PCAMEDURG;2024;380782722;HOPITAL SUD - CHU38;380780080;263;263;;;;;;;;;;;;;;;;
PCAMEDURG;2024;380785956;CLINIQUE DES CEDRES;380795211;201;201;;490;490;;;;;;;;;;;;0;0
PCAMEDURG;2024;390000040;CH LONS;390780146;504;336;168;935;767;168;168;168;0;0;0;0;0;0;0;0;;
PCAMEDURG;2024;390000065;CH LOUIS JAILLON SAINT CLAUDE;390780161;336;168;168;336;168;168;168;168;;;;;;;;;;
PCAMEDURG;2024;390000222;CH LOUIS PASTEUR DOLE;390780609;504;252;252;756;504;252;252;252;;;;;;;;;;
PCAMEDURG;2024;390005742;ANTENNE SMUR MOREZ - SIEGE CH JURA SUD;390780146;168;;168;168;;168;168;168;;;;;;;;;;
PCAMEDURG;2024;400000105;CENTRE HOSPITALIER DAX;400780193;833;497;336;1114;778;336;336;336;;;;;;;;;;
PCAMEDURG;2024;400000139;CHI MONT DE MARSAN ET PAYS DES SOURCES;400011177;651;483;168;1092;840;252;252;252;495;495;270;270;842;842;168;168;34;
PCAMEDURG;2024;400011383;CH DAX - ANT. SAISON. SMUR - HOSSEGOR;400780193;168;;168;168;;168;168;168;;;;;;;;;;
PCAMEDURG;2024;400011391;CH DAX - ANT. SAISON. SMUR - MIMIZAN;400780193;84;;84;;;;;;;;;;;;;;;
PCAMEDURG;2024;400012506;CH MDM - ANT. SAISON. SMUR-BISCARROSSE;400011177;24;;24;25;;25;25;25;;;;;;;;;;
PCAMEDURG;2024;400012514;CH MDM - ANTENNE SMUR - LABOUHEYRE;400011177;80;;80;84;;84;84;84;;;;;;;;;;
PCAMEDURG;2024;400012522;CH MDM - ANTENNE SMUR - AIRE-SUR-ADOUR;400011177;159;;159;168;;168;168;168;;;;;;;;;;
PCAMEDURG;2024;400015103;GCS PAYS DE L'ADOUR;400015095;168;168;0;252;252;0;0;0;0;0;0;0;0;0;0;0;0;0
PCAMEDURG;2024;410000020;CH BLOIS SIMONE VEIL;410000087;889;637;252;1176;840;336;168;168;220;220;168;168;336;336;0;0;9;0
PCAMEDURG;2024;410000038;CH VENDOME - MONTOIRE;410000095;466;298;168;651;483;168;168;168;;;;;;;;;;
PCAMEDURG;2024;410000046;CH ROMORANTIN-LANTHENAY;410000103;420;252;168;672;504;168;168;168;;;;;;;;;;
PCAMEDURG;2024;420000010;CH DE ROANNE;420780033;812;476;336;1684;1348;336;336;336;84;84;84;84;200;200;;;0;0
PCAMEDURG;2024;420000226;CH DU FOREZ SITE DE MONTBRISON;420013831;420;252;168;756;588;168;0;0;0;0;0;0;0;0;0;0;0;0
PCAMEDURG;2024;420000234;CH DE FIRMINY;420780652;456;456;;868;868;;;;;;;;;;;;0;0
PCAMEDURG;2024;420011413;HOPITAL PRIVE DE LA LOIRE;420011405;252;252;;684;684;;;;;;;;;;;;;
PCAMEDURG;2024;420780504;CLINIQUE DU PARC ST PRIEST EN JAREZ;420000135;299;299;;355;355;;;;;;;;;;;;0;0
PCAMEDURG;2024;420780637;CH DU GIER - MCO;420002495;369;369;;840;840;;;;;;;;;;;;0;0
PCAMEDURG;2024;420782310;CLINIQUE DU RENAISON;420000853;252;252;;504;504;;;;;;;;;;;;;
PCAMEDURG;2024;420785354;HOPITAL NORD - CHU42;420784878;;;;;;;;;;;;;;;;;3;4
PCAMEDURG;2024;430000117;CH EMILE ROUX LE PUY;430000018;644;406;238;2184;1680;504;672;672;168;168;168;168;360;360;;;5;
PCAMEDURG;2024;430000190;CH DE BRIOUDE;430000034;336;168;168;588;420;168;168;168;0;0;0;0;0;0;0;0;;
PCAMEDURG;2024;440000016;CH DE SAINT NAZAIRE;440000057;829;493;336;1428;1092;336;336;336;;;;;;;;;;
PCAMEDURG;2024;440000271;CHU DE NANTES SITE HOTEL DIEU HME;440000289;1534;1128;406;3287;2783;504;504;504;1049;1049;382;382;1534;1534;;;;
PCAMEDURG;2024;440000503;CH CNP SITE CHATEAUBRIANT;440000313;374;206;168;476;308;168;168;168;0;0;0;0;0;0;0;0;8;
PCAMEDURG;2024;440041580;HOPITAL PRIVE DU CONFLUENT;440041572;490;490;;1140;1140;;;;;;;;;;;;;
PCAMEDURG;2024;440053007;SMUR CHU NANTES SITE CH ANCENIS;440000289;45;45;;45;45;;45;45;;;;;;;;;;
PCAMEDURG;2024;450000047;CH DEZARNAULDS - GIEN;450000096;413;245;168;756;588;168;;;;;;;;;;;;
PCAMEDURG;2024;450000062;CH AGGLOMERATION MONTARGOISE;450000104;832;664;168;1226;1058;168;168;168;;;;;;;;;;
PCAMEDURG;2024;450000070;CH PITHIVIERS;450000112;336;168;168;588;462;126;168;168;;;;;;;;;;
PCAMEDURG;2024;450000294;ORELIANCE - REINE BLANCHE;450000591;252;252;;981;981;;;;;;;;;;;;;
PCAMEDURG;2024;450002613;CHRU ORLEANS - HOPITAL DE LA SOURCE;450000088;1638;1134;504;4191;3687;504;504;504;420;420;;;924;924;;;20;12
PCAMEDURG;2024;460000045;CH FIGEAC SITE MARTIN MALVY;460780083;336;168;168;168;84;84;168;168;;;;;;;;;;
PCAMEDURG;2024;460000052;CH ST JACQUES ST CERE;460780091;336;195;141;336;195;141;70;70;;;;;;;;;;
PCAMEDURG;2024;460000110;CH JEAN ROUGIER CAHORS;460780216;504;336;168;728;525;203;168;168;168;168;168;168;168;168;0;0;13;0
PCAMEDURG;2024;470000027;CLINIQUE ESQUIROL-SAINT-HILAIRE;470014069;17568;17568;0;489;489;0;0;0;0;0;0;0;0;0;0;0;0;0
PCAMEDURG;2024;470000423;CH AGEN NERAC - HOPITAL SAINT-ESPRIT;470016171;650;314;336;840;672;168;228;228;316;316;168;168;588;588;;;61;20
PCAMEDURG;2024;470000431;CH VILLENEUVE -POLE SANTE VILLENEUVOIS;470000324;602;434;168;672;504;168;168;168;;;;;;;;;;
PCAMEDURG;2024;470000480;CENTRE HOSPITALIER DE MARMANDE - CHIC;470001660;420;252;168;672;504;168;168;168;;;;;;;;;;
PCAMEDURG;2024;470016205;CH AGEN NERAC - ANTENNE SMUR DE NERAC;470016171;168;;168;168;;168;84;84;;;;;;;;;29;
PCAMEDURG;2024;480000017;HOPITAL LOZERE SITE VALLEE DU LOT;480780097;17689;169;17520;9096;336;8760;13140;13140;168;168;168;168;292;292;;;0;0
PCAMEDURG;2024;490000049;CHR ANGERS SITE LARREY;490000031;1156;820;336;2479;2059;420;420;420;542;542;317;317;1006;1006;152;152;;
PCAMEDURG;2024;490000635;CH DE CHOLET;490000676;709;541;168;1358;1190;168;168;168;;;;;;;;;0;0
PCAMEDURG;2024;490001765;CH DE SAUMUR;490528452;406;238;168;756;588;168;168;168;;;;;;;;;;
PCAMEDURG;2024;490014909;CLINIQUE DE L'ANJOU;490008109;322;322;;585;585;;;;;;;;;;;;;
PCAMEDURG;2024;500000021;HOPITAUX DU SUD MANCHE;500000054;490;322;168;742;574;168;168;168;;;;;;;;;;
PCAMEDURG;2024;500000187;CHPC - SITE CHERBOURG;500000013;795;627;168;1800;1632;168;168;168;;;;;;;;;;
PCAMEDURG;2024;500000260;HOPITAUX DU SUD MANCHE;500000054;364;196;168;577;409;168;168;168;;;;;;;;;;
PCAMEDURG;2024;500000427;CH DE SAINT HILAIRE DU HARCOUET;500000096;168;84;84;336;168;168;168;168;;;;;;;;;;
PCAMEDURG;2024;500000450;CH - SAINT-LO;500000112;336;168;168;934;472;462;168;168;435;435;238;238;756;756;0;0;;
PCAMEDURG;2024;500000468;CHPC - SITE VALOGNES;500000013;136;;136;136;;136;136;136;;;;;;;;;;
PCAMEDURG;2024;500000591;CENTRE HOSPITALIER DE COUTANCES;500000393;336;168;168;588;420;168;168;168;;;;;;;;;;
PCAMEDURG;2024;510000169;CENTRE HOSPITALIER LEON BOURGEOIS;510000037;386;193;193;672;336;336;193;193;;;;;;;;;;
PCAMEDURG;2024;510000235;CENTRE HOSPITALIER D'EPERNAY;510000060;361;193;168;679;511;168;168;168;;;;;;;;;;
PCAMEDURG;2024;510000250;CENTRE HOSPITALIER VITRY LE FRANCOIS;510000078;336;168;168;420;252;168;168;168;;;;;;;;;;
PCAMEDURG;2024;510000466;CENTRE HOSPITALIER DE SAINTE-MENEHOULD;510000102;168;;168;168;;168;168;168;;;;;;;;;;
PCAMEDURG;2024;510002470;AMERICAN MEMORIAL HOSPITAL CHU REIMS;510000029;318;318;;1008;1008;;;;;;;;;;;;;
PCAMEDURG;2024;510004302;HOPITAL MAISON BLANCHE CHU REIMS;510000029;940;604;336;2126;1790;336;420;420;439;439;336;336;528;528;0;0;;
PCAMEDURG;2024;510023914;ANTENNE DE SMUR - CH CHALONS;510000037;168;;168;168;;168;168;168;;;;;;;;;;
PCAMEDURG;2024;510023922;ANTENNE DE SMUR - GHAM;100006279;168;;168;168;;168;84;84;;;;;;;;;;
PCAMEDURG;2024;510024979;POLYCLINIQUE REIMS - BEZANNES;510000532;252;252;;600;600;;;;;;;;;;;;;
PCAMEDURG;2024;520000027;CENTRE HOSPITALIER DE CHAUMONT;520780032;630;336;294;840;504;336;336;336;168;168;168;168;372;372;0;0;;
PCAMEDURG;2024;520000043;CENTRE HOSPITALIER DE LANGRES;520780057;514;346;168;514;346;168;168;168;;;;;;;;;;
PCAMEDURG;2024;520000068;CH GENEVIEVE DE GAULLE ANTHONIOZ;520780073;386;218;168;756;588;168;168;168;;;;;;;;;;
PCAMEDURG;2024;530000017;CH HAUT ANJOU SITE CHATEAU GONTIER;530000025;385;224;161;672;504;168;168;168;0;0;0;0;0;0;0;0;;
PCAMEDURG;2024;530000173;CH DU NORD MAYENNE;530000074;406;238;168;1512;1344;168;168;168;;;;;;;;;;
PCAMEDURG;2024;530000264;CENTRE HOSPITALIER DE LAVAL;530000371;;;;1144;924;220;205;205;336;336;;;890;890;0;0;;
PCAMEDURG;2024;540000015;CHRU NANCY - MATERNITE;540023264;376;208;168;231;168;63;;;;;;;;;;;;
PCAMEDURG;2024;540000023;CENTRE HOSPITALIER SAINT CHARLES TOUL;540000049;406;406;;469;469;;168;168;;;;;;;;;;
PCAMEDURG;2024;540000155;CENTRE HOSPITALIER DE LUNEVILLE;540000080;386;218;168;574;406;168;168;168;0;0;0;0;0;0;0;0;0;0
PCAMEDURG;2024;540000296;CENTRE HOSPITALIER DE PONT A MOUSSON;540000106;252;126;126;504;252;252;;;;;;;;;;;;
PCAMEDURG;2024;540001070;CH DE BRIEY - HOPITAL MAILLOT;540000767;336;168;168;588;406;182;168;168;;;;;;;;;;
PCAMEDURG;2024;540001096;CH DE MT ST MARTIN (GROUPE SOS SANTE);570010181;504;336;168;672;504;168;168;168;;;;;;;;;;
PCAMEDURG;2024;540001138;CHRU NANCY - HOPITAL CENTRAL;540023264;1058;624;434;1848;1344;504;504;504;392;392;336;336;746;746;;;18;18
PCAMEDURG;2024;540002698;CHRU NANCY - HOPITAUX DE BRABOIS;540023264;419;251;168;840;672;168;0;0;;;;;;;;;;
PCAMEDURG;2024;550000012;CH VERDUN/ST MIHIEL-HOP ST NICOLAS;550006795;386;218;168;756;588;168;168;168;208;208;168;168;336;336;;;;
PCAMEDURG;2024;550000434;CH BLD FV SITE BLD;550003354;549;381;168;756;588;168;168;168;;;;;;;;;;
PCAMEDURG;2024;560000127;CHBA SITE DE VANNES;560023210;1155;749;406;2225;1973;252;336;336;590;590;336;336;1328;1328;;;;
PCAMEDURG;2024;560000135;GHBS- HÔPITAL DU SCORFF;560005746;863;693;170;1313;1145;168;168;168;;;;;;;;;;
PCAMEDURG;2024;560000143;CHCB SITE KERIO;560014748;420;252;168;1177;1009;168;168;168;;;;;;;;;;
PCAMEDURG;2024;560000192;CENTRE HOSPITALIER DE PLOERMEL;560000044;;;;476;308;168;168;168;;;;;;;;;;
PCAMEDURG;2024;560000200;CHBA SITE D'AURAY;560023210;168;;168;168;;168;168;168;;;;;;;;;;
PCAMEDURG;2024;570000059;CH MARIE-MADELEINE DE FORBACH;570025254;666;414;252;924;672;252;336;336;;;;;;;;;0;0
PCAMEDURG;2024;570000117;CH SAINT-NICOLAS DE SARREBOURG;570015099;602;434;168;756;588;168;168;168;;;;;;;;;;
PCAMEDURG;2024;570000216;HOPITAL DE SAINT AVOLD - SOS SANTE;570010181;407;407;;756;756;;;;;;;;;;;;;
PCAMEDURG;2024;570000349;HOPITAL BEL AIR DE THIONVILLE - CHR;570005165;924;588;336;1932;1596;336;672;672;;;;;;;;;;
PCAMEDURG;2024;570000596;HOP INSTRUC DES ARMEES LEGOUEST;750821092;225;225;;840;840;;;;;;;;;;;;;
PCAMEDURG;2024;570000646;HOPITAL-CLINIQUE CLAUDE BERNARD;570001115;198;198;;436;436;;;;;;;;;;;;;
PCAMEDURG;2024;570000661;HOPITAL SAINT JOSEPH DE BITCHE;570000158;168;;168;168;;168;168;168;;;;;;;;;;
PCAMEDURG;2024;570000901;HOPITAL ROBERT PAX DE SARREGUEMINES;570000158;504;336;168;805;637;168;168;168;;;;;;;;;;
PCAMEDURG;2024;570026682;HOPITAL DE MERCY - CHR METZ THIONVILLE;570005165;1428;1178;250;2436;2100;336;504;504;704;704;336;336;1092;1092;316;316;42;20
PCAMEDURG;2024;580972669;CH CLAMECY;580780070;336;168;168;336;168;168;168;168;;;;;;;;;;
PCAMEDURG;2024;580972677;CH COSNE COURS SUR LOIRE;580780088;432;216;216;536;268;268;216;216;;;;;;;;;;
PCAMEDURG;2024;580972685;CH DECIZE;580780096;336;168;168;336;168;168;168;168;;;;;;;;;;
PCAMEDURG;2024;580972693;HOPITAL PIERRE BEREGOVOY;580780039;650;325;325;1260;1008;252;252;252;;;;;;;;;;
PCAMEDURG;2024;590000121;CH SECLIN;590780227;604;604;;1260;1260;;;;;;;;;;;;;
PCAMEDURG;2024;590000337;CH DUNKERQUE;590781415;896;560;336;336;;336;336;336;;;;;;;;;;
PCAMEDURG;2024;590000428;CH CAMBRAI;590781605;644;476;168;924;756;168;;;;;;;;;;;;
PCAMEDURG;2024;590000436;CH LE CATEAU;590781621;336;336;;;;;;;;;;;;;;;;
PCAMEDURG;2024;590000469;CH FOURMIES;590781662;336;168;168;406;238;168;168;168;0;0;0;0;0;0;0;0;0;0
PCAMEDURG;2024;590000535;CH DE MAUBEUGE MCO;590781803;840;504;336;1444;1131;313;344;344;;;;;;;;;;
PCAMEDURG;2024;590000592;CH DENAIN;590782165;415;415;;679;679;;;;;;;;;;;;0;0
PCAMEDURG;2024;590000758;CH ARMENTIERES;590782637;756;588;168;1078;910;168;168;168;;;;;;;;;16;
PCAMEDURG;2024;590000774;CH HAZEBROUCK;590782652;238;238;;599;599;;;;;;;;;;;;;
PCAMEDURG;2024;590001004;CH DOUAI DECHY;590783239;1190;1022;168;;;;;;;;;;;;;;;
PCAMEDURG;2024;590001749;POLYCLINIQUE DE GRANDE SYNTHE;590788956;105;105;;252;252;;;;;;;;;;;;;
PCAMEDURG;2024;590008041;POLYCLINIQUE VAUBAN;590008033;168;168;0;420;420;;;;;;;;;;;;0;0
PCAMEDURG;2024;590804696;CENTRE HOSPITALIER DE TOURCOING;590781902;583;543;40;1204;1036;168;168;168;;;;;;;;;;
PCAMEDURG;2024;590816310;CLINIQUE SAINT AME;590000048;168;168;0;322;322;0;0;0;;;;;;;;;0;0
PCAMEDURG;2024;600000053;CH GHPSO SENLIS;600101984;168;;168;168;;168;168;168;;;;;;;;;;
PCAMEDURG;2024;600000186;CH CLERMONT;600100648;336;168;168;336;168;168;168;168;;;;;;;;;;
PCAMEDURG;2024;600000285;CH CHICN NOYON;600100721;78;78;;1136;752;384;83;83;;;;;;;;;;
PCAMEDURG;2024;600000467;CH GHPSO CREIL;600101984;985;817;168;1344;1176;168;168;168;;;;;;;;;;
PCAMEDURG;2024;600100754;POLYCLINIQUE SAINT CÔME;600000228;189;189;0;555;555;0;0;0;0;0;0;0;0;0;0;0;;
PCAMEDURG;2024;600113476;CH CHICN COMPIÈGNE;600100721;714;457;257;1797;1413;384;660;660;;;;;;;;;;
PCAMEDURG;2024;610000044;CENTRE HOSPITALIER DE L'AIGLE;610780074;336;168;168;504;336;168;120;120;;;;;;;;;;
PCAMEDURG;2024;610000069;CENTRE HOSPITALIER D'ARGENTAN;610780090;392;224;168;910;742;168;336;336;;;;;;;;;;
PCAMEDURG;2024;610000077;CH MARGUERITE DE LORRAINE-MORTAGNE;610780124;228;228;;493;493;;140;140;;;;;;;;;;
PCAMEDURG;2024;610000119;CH JACQUES MONOD - FLERS;610780165;420;252;168;808;640;168;168;168;;;;;;;;;;
PCAMEDURG;2024;610780108;CHIC DES ANDAINES - DOMFRONT;610790594;0;;0;168;;168;168;168;;;;;;;;;;
PCAMEDURG;2024;610780116;CHIC DES ANDAINES - LA FERTE MACE;610790594;336;168;168;406;238;168;;;;;;;;;;;;
PCAMEDURG;2024;620000034;CH ARRAS;620100057;1008;504;504;542;;542;;;;;;;2344;2344;299;299;;
PCAMEDURG;2024;620000224;CH BETHUNE;620100651;732;564;168;;;;;;;;;;;;;;;
PCAMEDURG;2024;620000257;CH LENS;620100685;772;604;168;;;;;;;;;;;;;;;
PCAMEDURG;2024;620000323;CH CALAIS;620101337;861;574;287;1897;1686;211;113;113;;;;;;;;;;
PCAMEDURG;2024;620000349;CH REGION DE ST OMER;620101360;549;381;168;1092;924;168;168;168;;;;;;;;;;
PCAMEDURG;2024;620000653;CH BOULOGNE-SUR-MER;620103440;756;588;168;;;;;;;;;;;;;;;
PCAMEDURG;2024;620003202;CH ARRONDISSEMENT DE MONTREUIL;620103432;11;6;5;;;;;;;;;;;;;;;
PCAMEDURG;2024;620003350;HOPITAL DE RIAUMONT;620001834;25;25;;19;19;;;;;;;;;;;;;
PCAMEDURG;2024;620003376;POLYCLINIQUE MED CHIR D'HENIN-BEAUMONT;620001834;440;440;;756;756;;;;;;;;;;;;;
PCAMEDURG;2024;620025346;POLYCLINIQUE DE LA  CLARENCE;620001834;429;429;;783;783;;;;;;;;;;;;;
PCAMEDURG;2024;620100735;CLINIQUE ANNE ARTOIS;620000265;168;168;;312;312;;;;;;;;;;;;;
PCAMEDURG;2024;630000404;HOPITAL GABRIEL MONTPIED - CHU63;630780989;1316;776;540;1803;1260;543;564;564;408;408;228;228;756;756;64;64;;
PCAMEDURG;2024;630000412;CH D'AMBERT;630780997;372;204;168;364;252;112;168;168;;;;;;;;;;
PCAMEDURG;2024;630000420;CH PAUL ARDIER ISSOIRE;630781003;336;168;168;336;168;168;168;168;;;;;;;;;;
PCAMEDURG;2024;630000438;CH DE RIOM;630781011;336;168;168;427;259;168;168;168;;;;;;;;;;
PCAMEDURG;2024;630000446;CH DE THIERS;630781029;336;168;168;280;280;0;0;0;0;0;0;0;0;0;0;0;0;0
PCAMEDURG;2024;630780211;POLE SANTE REPUBLIQUE;630000107;252;252;;336;336;;;;;;;;;;;;;
PCAMEDURG;2024;630781268;HOPITAL ESTAING - CHU63;630780989;245;245;;762;762;;;;;;;;;;;;;
PCAMEDURG;2024;640000162;CH COTE BASQUE;640780417;1330;910;420;1676;1256;420;420;420;332;332;168;168;672;672;;;;
PCAMEDURG;2024;640000402;CENTRE HOSPITALIER D'ORTHEZ;640780813;336;168;168;504;336;168;168;168;;;;;;;;;;
PCAMEDURG;2024;640000410;CENTRE HOSPITALIER OLORON;640780821;336;168;168;420;252;168;168;168;;;;;;;;;;
PCAMEDURG;2024;640000600;CENTRE HOSPITALIER DE PAU;640781290;1407;987;420;1998;1662;336;493;493;168;168;168;168;652;652;24;24;1;1
PCAMEDURG;2024;640017646;CENTRE HOSPITALIER DE SAINT-PALAIS;640017638;168;168;;168;168;;;;;;;;;;;;;
PCAMEDURG;2024;640018206;CLINIQUE BELHARRA;640012209;238;238;;420;420;;;;;;;;;;;;;
PCAMEDURG;2024;640780490;CAPIO CLINIQUE AGUILERA;640000212;236;236;;323;323;;;;;;;;;;;;;
PCAMEDURG;2024;640780748;POLYCLINIQUE CÔTE BASQUE SUD;640000360;236;236;;426;426;;;;;;;;;;;;;
PCAMEDURG;2024;640780946;POLYCLINIQUE PAU PYRENEES SITE NAVARRE;640000469;168;168;0;420;420;0;0;0;0;0;0;0;0;0;0;0;;
PCAMEDURG;2024;650000045;CH TARBES LOURDES SITE LOURDES;650783160;504;336;168;756;588;168;168;168;;;;;;;;;;
PCAMEDURG;2024;650000052;CH BAGNERES DE BIGORRE;650780166;44;44;;84;84;;;;;;;;;;;;;
PCAMEDURG;2024;650000417;CH TARBES LOURDES GESPE SITE TARBES;650783160;672;336;336;1260;924;336;588;588;336;336;;;564;564;;;;
PCAMEDURG;2024;650005606;CENTRE HOSP BIGORRE - ANTENNE BAGNERES;650783160;44;;44;84;0;84;;;;;;;;;;;;
PCAMEDURG;2024;650784218;CMC HOPITAUX DE LANNEMEZAN;650780174;336;168;168;420;252;168;168;168;;;;;;;;;;
PCAMEDURG;2024;660000084;CH PERPIGNAN;660780180;1302;798;504;2114;1778;336;336;336;;;;;;;;;;
PCAMEDURG;2024;660008947;PLATE FORME SAMU SDIS 66;660780180;;;;;;;;;284;284;168;168;840;840;;;;
PCAMEDURG;2024;660010117;CH PERPIGNAN ANTENNE SMUR CH PUIGCERDA;660780180;168;;168;168;;168;168;168;;;;;;;;;;
PCAMEDURG;2024;660780628;CL DU VALLESPIR CERET;660000282;168;168;;239;239;;;;;;;;;;;;;
PCAMEDURG;2024;660780776;CL ST MICHEL PRADES;660000399;166;166;;258;258;;;;;;;;;;;;;
PCAMEDURG;2024;660780784;CL ST PIERRE PERPIGNAN;660000407;263;263;;62;62;;;;;;;;;;;;0;0
PCAMEDURG;2024;660790387;POLYCL MEDIPOLE ST ROCH CABESTANY;660790379;266;266;;560;560;;;;;;;;;;;;;
PCAMEDURG;2024;670000157;CENTRE HOSPITALIER DE HAGUENAU;670780337;826;658;168;1540;1372;168;168;168;;;;;;;;;;
PCAMEDURG;2024;670000165;CH SAINTE-CATHERINE DE SAVERNE;670780345;336;168;168;840;672;168;168;168;;;;;;;;;;
PCAMEDURG;2024;670000272;CH INTERCOMMUNAL DE LA LAUTER;670780543;336;168;168;420;252;168;168;168;;;;;;;;;;
PCAMEDURG;2024;670000397;CENTRE HOSPITALIER DE SELESTAT;670017755;603;431;172;1029;857;172;172;172;;;;;;;;;;
PCAMEDURG;2024;670018068;CLINIQUE RHENA GCS ES;670017847;252;252;0;672;672;0;0;0;0;0;0;0;0;0;0;0;0;0
PCAMEDURG;2024;670780212;CLINIQUE SAINTE-ANNE;670014604;168;168;;35;35;;;;;;;;;;;;;
PCAMEDURG;2024;680000320;CLINIQUE DIACONAT FONDERIE;680000643;238;238;;735;735;;;;;;;;;;;;0;0
PCAMEDURG;2024;680000544;CENTRE HOSPITALIER D'ALTKIRCH;680020336;91;91;;168;168;;;;;;;;;;;;0;0
PCAMEDURG;2024;680000684;HOPITAL LOUIS PASTEUR;680000973;1176;840;336;1696;1360;336;336;336;;;;;;;;;30;
PCAMEDURG;2024;680000700;CENTRE HOSPITALIER DE GUEBWILLER;680001005;210;210;;340;340;;;;;;;;;;;;;
PCAMEDURG;2024;680004546;HOPITAL EMILE MULLER;680020336;1062;844;218;2352;2016;336;218;218;517;517;273;273;924;924;128;128;;
PCAMEDURG;2024;680020096;POLE PUBLIC SAINT-LOUIS - GHRMSA;680020336;168;168;;336;336;;;;;;;;;;;;0;0
PCAMEDURG;2024;690000013;CH MONTGELAS;690780036;323;323;;336;336;;;;;;;;;;;;;
PCAMEDURG;2024;690000575;CH NORD OUEST - VILLEFRANCHE;690782222;1106;938;168;2039;1871;168;168;168;;;;;;;;;;
PCAMEDURG;2024;690000625;HNO DE TARARE;690782271;403;235;168;672;504;168;168;168;;;;;;;;;;
PCAMEDURG;2024;690007539;HOPITAL FEMME MERE ENFANT - HCL;690781810;938;938;;1008;1008;;;;;;;;;;;;;
PCAMEDURG;2024;690023411;HOPITAL PRIVE JEAN MERMOZ;690000252;168;168;0;168;168;0;0;0;0;0;0;0;0;0;0;0;0;0
PCAMEDURG;2024;690041108;ANTENNE SMUR BRON - HCL;690781810;126;;126;126;;126;42;42;;;;;;;;;;
PCAMEDURG;2024;690041132;MEDIPOLE HOPITAL MUTUALISTE;690006598;518;518;;1405;1405;;;;;;;;;;;;;
PCAMEDURG;2024;690054721;HOPITAL LES PORTES DU SUD;690054697;371;371;;728;728;;;;;;;;;;;;;
PCAMEDURG;2024;690780390;POLYCLINIQUE LYON NORD;690000229;217;217;;420;420;;;;;;;;;;;;;
PCAMEDURG;2024;690780648;CLINIQUE DE LA SAUVEGARDE;690036900;252;252;;657;657;;;;;;;;;;;;2;1
PCAMEDURG;2024;690780655;HOPITAL PRIVE DE L'EST LYONNAIS (HPEL);690000377;252;252;;490;490;;;;;;;;;;;;;
PCAMEDURG;2024;690783154;HOPITAL EDOUARD HERRIOT - HCL;690781810;1683;1035;648;2679;1839;840;756;756;1136;1136;522;522;1884;1884;205;205;63;63
PCAMEDURG;2024;690784137;HOPITAL LYON SUD - HCL;690781810;647;479;168;924;756;168;168;168;;;;;;;;;;
PCAMEDURG;2024;690784152;HOPITAL CROIX-ROUSSE - HCL;690781810;1100;1016;84;1488;1404;84;84;84;;;;;;;;;;
PCAMEDURG;2024;690805361;CH ST JOSEPH ST LUC;690805353;488;488;;1092;1092;;;;;;;;;;;;;
PCAMEDURG;2024;690807367;POLYCLINIQUE DU BEAUJOLAIS;690003447;168;168;;317;317;;;;;;;;;;;;0;0
PCAMEDURG;2024;700000011;GH HAUTE SAONE SITE GRAY;700004591;420;252;168;588;420;168;168;168;;;;;;;;;;
PCAMEDURG;2024;700000029;GH HAUTE SAONE SITE VESOUL;700004591;588;420;168;1344;1176;168;252;252;;;;;;;;;;
PCAMEDURG;2024;700780208;GH HAUTE SAONE SITE LURE;700004591;168;;168;168;;168;168;168;;;;;;;;;;
PCAMEDURG;2024;710010067;CH DU PAYS CHAROLAIS BRIONNAIS;710780644;386;218;168;468;300;168;205;205;;;;;;;;;;
PCAMEDURG;2024;710010786;CH AUTUN SITE PARPAS;710781451;336;168;168;504;336;168;168;168;;;;;;;;;;
PCAMEDURG;2024;710978263;CH WILLIAM MOREY CHALON SUR SAONE;710780958;732;396;336;1268;932;336;336;336;346;346;168;168;612;612;;;;
PCAMEDURG;2024;710978289;CH LES CHANAUX MACON;710780263;824;656;168;1018;850;168;168;168;;;;;;;;;;
PCAMEDURG;2024;710978313;CENTRE HOSPITALIER DE MONTCEAU;710976705;336;168;168;406;238;168;168;168;0;0;0;0;0;0;0;0;0;0
PCAMEDURG;2024;710978347;HOTEL DIEU DU CREUSOT;570010181;588;420;168;770;588;182;;;;;;;;;;;;
PCAMEDURG;2024;720000033;CENTRE HOSPITALIER DU MANS;720000025;1471;1051;420;3232;2812;420;420;420;389;389;223;223;689;689;133;133;;
PCAMEDURG;2024;720000124;CENTRE HOSPITALIER CHATEAU DU LOIR;720000066;39;39;;;;;;;;;;;;;;;;
PCAMEDURG;2024;720000470;CENTRE HOSPITALIER MAMERS;610780082;336;168;168;392;224;168;168;168;;;;;;;;;;
PCAMEDURG;2024;720000520;CENTRE HOSPITALIER ST CALAIS;720000140;168;168;;168;168;;;;;;;;;;;;;
PCAMEDURG;2024;720001437;CH PAUL CHAPRON;720006022;93;93;;229;229;;;;;;;;;;;;;
PCAMEDURG;2024;720016179;POLE SANTE SARTHE ET LOIR;720016724;137;87;50;;;;;;;;;;;;;;;
PCAMEDURG;2024;720017748;CENTRE MEDICO CHIRURGICAL DU MANS;720000561;190;190;;520;520;;;;;;;;;;;;;
PCAMEDURG;2024;730000031;CHMS - SITE CHAMBERY MCO;730000015;1983;1623;360;1903;1375;528;504;504;535;535;245;245;890;890;250;250;;0
PCAMEDURG;2024;730000080;CH DE SAINT JEAN DE MAURIENNE;730780103;370;202;168;504;336;168;168;168;;;;;;;;;;
PCAMEDURG;2024;730000098;CHMS - SITE AIX GRAND PORT;730000015;398;230;168;756;588;168;168;168;;;;;;;;;;
PCAMEDURG;2024;730000247;CH DE BOURG ST MAURICE;730780525;385;217;168;424;256;168;0;0;0;0;0;0;0;0;0;0;0;0
PCAMEDURG;2024;730000262;CH D'ALBERTVILLE;730002839;588;420;168;826;658;168;168;168;0;0;0;0;0;0;0;0;0;0
PCAMEDURG;2024;730004298;HOPITAL PRIVE MEDIPOLE DE SAVOIE;730010048;240;240;;420;420;;;;;;;;;;;;8;0
PCAMEDURG;2024;730010477;ANTENNE SMUR MODANE;730780103;168;;168;;;;168;168;;;;;;;;;;
PCAMEDURG;2024;730012176;ANTENNE SMUR COURCHEVEL;730002839;58;0;58;0;0;0;0;0;0;0;0;0;0;0;0;0;0;0
PCAMEDURG;2024;730012440;ANTENNE SMUR MOUTIERS;730002839;168;0;168;168;0;168;0;0;0;0;0;0;0;0;0;0;0;0
PCAMEDURG;2024;740000237;CH ANNECY-GENEVOIS SITE ANNECY;740781133;1100;719;381;1892;1512;380;336;336;525;525;227;227;975;975;75;75;;
PCAMEDURG;2024;740000302;CH ANNECY-GENEVOIS SITE ST JULIEN EN G;740781133;455;287;168;840;672;168;168;168;;;;;;;;;;
PCAMEDURG;2024;740000328;HOPITAUX DU LEMAN;740790381;595;427;168;980;812;168;168;168;;;;;;;;;;
PCAMEDURG;2024;740014345;HOPITAL PRIVE PAYS DE SAVOIE;740000617;168;168;;504;504;;;;;;;;;;;;;
PCAMEDURG;2024;740015581;ANTENNE SMUR MEYTHET;740781133;74;;74;74;;74;;;;;;;;;;;;
PCAMEDURG;2024;740780424;CLINIQUE GENERALE D'ANNECY;740000120;168;168;0;252;252;0;0;0;0;0;0;0;0;0;0;0;0;0
PCAMEDURG;2024;740781141;CH ALPES LEMAN;740790258;845;538;307;1899;1742;157;201;201;0;0;;;;;;;;
PCAMEDURG;2024;740781166;HOPITAUX DU MONT BLANC SITE CHAMONIX;740001839;190;;190;27;;27;;;;;;;;;;;;
PCAMEDURG;2024;740781224;HOPITAUX DU MONT BLANC SITE SALLANCHES;740001839;593;351;242;1084;858;226;;;;;;;;;;;;
PCAMEDURG;2024;750000523;GH PARIS SITE SAINT JOSEPH;750150120;950;950;;1444;1444;;;;;;;;;;;;;
PCAMEDURG;2024;750000549;HOPITAL FONDATION A DE ROTHSCHILD;750150229;310;310;;396;396;;;;;;;;;;;;;
PCAMEDURG;2024;750100018;GHU APHP CUP SITE HOTEL DIEU;750712184;336;168;168;672;504;168;168;168;;;;;;;;;0;0
PCAMEDURG;2024;750100042;GHU APHP NUP SITE LARIBOISIERE;750712184;1088;920;168;3864;3696;168;168;168;;;;;;;;;;
PCAMEDURG;2024;750100075;GHU APHP NUP SITE SAINT LOUIS;750712184;490;490;;2352;2352;;;;;;;;;;;;;
PCAMEDURG;2024;750100091;GHU APHP SUN SITE ST ANTOINE;750712184;819;819;;1680;1680;;;;;;;;;;;;;
PCAMEDURG;2024;750100109;GHU APHP SUN SITE TROUSSEAU;750712184;346;346;;226;226;;;;;;;;;;;;;
PCAMEDURG;2024;750100125;GHU APHP SUN SITE PITIE SALPETRIERE;750712184;1155;987;168;2237;1985;252;168;168;;;;;;;;;;
PCAMEDURG;2024;750100166;GHU APHP CUP SITE COCHIN PORT ROYAL;750712184;769;601;168;1922;1754;168;168;168;;;;;;;;;0;0
PCAMEDURG;2024;750100208;GHU CUP SITE NECKER ENFANTS MALADES;750712184;1541;570;971;2642;1477;1165;960;960;554;554;554;554;1820;1820;;;66;54
PCAMEDURG;2024;750100232;GHU APHP NUP SITE BICHAT C BERNARD;750712184;840;840;;2268;2268;;;;;;;;;;;;0;0
PCAMEDURG;2024;750100273;GHU APHP SUN SITE TENON;750712184;609;609;;1505;1505;;;;;;;;;;;;;
PCAMEDURG;2024;750150237;HOPITAL CROIX SAINT SIMON;750006728;355;355;;697;697;;;;;;;;;;;;;
PCAMEDURG;2024;750803447;GHU APHP CUP SITE G POMPIDOU HEGP;750712184;669;669;;1730;1730;;;;;;;;;;;;0;0
PCAMEDURG;2024;750803454;GHU APHP NUP SITE ROBERT DEBRE;750712184;1180;950;230;1864;1694;170;170;170;;;;;;;;;;
PCAMEDURG;2024;760000018;CH DIEPPE;760780023;651;483;168;837;662;175;175;175;;;;;;;;;;
PCAMEDURG;2024;760000042;CH EU;760780056;168;168;;168;168;;;;;;;;;;;;;
PCAMEDURG;2024;760000158;HOPITAL CHARLES NICOLLE CHU ROUEN;760780239;;;;2780;2210;570;524;524;;;;;;;;;;
PCAMEDURG;2024;760000364;CHI DU PAYS DES HAUTES FALAISES FECAMP;760780734;406;238;168;636;464;172;172;172;;;;;;;;;;
PCAMEDURG;2024;760000372;CH LILLEBONNE CHI CAUX VALLEE DE SEINE;760780742;336;168;168;336;168;168;168;168;;;;;;;;;;
PCAMEDURG;2024;760000463;CH LES FEUGRAIS CHI ELBEUF;760024042;1003;787;216;1348;1120;228;228;228;;;;;;;;;;
PCAMEDURG;2024;760021329;HOPITAL PRIVE DE L'ESTUAIRE;760000448;366;366;;602;602;;;;;;;;;;;;;
PCAMEDURG;2024;760026252;ANTENNE DE SMUR EU CH DIEPPE;760780023;168;;168;168;;168;168;168;;;;;;;;;;
PCAMEDURG;2024;760780510;CLINIQUE DU CEDRE;760000257;252;252;;420;420;;;;;;;;;;;;;
PCAMEDURG;2024;760780791;CLINIQUE LES ORMEAUX;760000414;241;241;0;431;431;;;;0;0;0;0;0;0;0;0;0;0
PCAMEDURG;2024;760805770;HOPITAL JACQUES MONOD CH LE HAVRE;760780726;840;336;504;1832;1272;560;560;560;336;336;168;168;768;768;;;;
PCAMEDURG;2024;760921809;CLINIQUE DE L'EUROPE;760000273;370;370;;1395;1395;;;;;;;;;;;;;
PCAMEDURG;2024;770000131;CH DE COULOMMIERS;770021145;554;386;168;756;588;168;168;168;;;;;;;;;;
PCAMEDURG;2024;770000149;CH SUD SEINE ET MARNE FONTAINEBLEAU;770021152;504;336;168;1720;1531;189;504;504;;;;;;;;;;
PCAMEDURG;2024;770000156;CH DE MELUN SITE SANTEPOLE;770110054;2127;1651;476;210;210;;476;476;;;;;;;;;;
PCAMEDURG;2024;770000164;CH SUD SEINE ET MARNE SITE MONTEREAU;770021152;504;336;168;1134;945;189;504;504;0;0;0;0;0;0;0;0;;
PCAMEDURG;2024;770000172;CH DE PROVINS LEON BINET;770110070;652;517;135;855;654;201;293;293;;;;;;;;;;
PCAMEDURG;2024;770000214;CH SUD SEINE ET MARNE SITE DE NEMOURS;770021152;504;336;168;803;614;189;504;504;;;;;;;;;;
PCAMEDURG;2024;770000446;CH DE MEAUX SITE SAINT FARON;770021145;743;406;337;1093;756;337;337;337;;;;;;;;;;
PCAMEDURG;2024;770019032;GHEF MARNE LA VALLEE SITE JOSSIGNY;770021145;994;574;420;1680;1344;336;420;420;;;;;;;;;;
PCAMEDURG;2024;770300010;HOPITAL PRIVE DE MARNE CHANTEREINE;770004299;294;294;;595;595;;;;;;;;;;;;;
PCAMEDURG;2024;770300135;CLINIQUE MEDICO CHIRURG LES FONTAINES;770000289;251;251;;321;321;;;;;;;;;;;;;
PCAMEDURG;2024;770790707;CLINIQUE DE TOURNAN;770000719;;;;420;420;;;;;;;;;;;;;
PCAMEDURG;2024;780000287;CH FRANCOIS QUESNAY MANTES;780110011;660;503;157;1368;1176;192;192;192;;;;;;;;;;
PCAMEDURG;2024;780000295;CHI DE MEULAN LES MUREAUX;780002697;398;398;;553;553;;;;;;;;;;;;;
PCAMEDURG;2024;780000311;CHI POISSY ST GERMAIN SITE DE POISSY;780001236;1554;1050;504;3528;3024;504;504;504;0;0;0;0;0;0;0;0;;
PCAMEDURG;2024;780000329;CH DE RAMBOUILLET;780110052;644;476;168;1176;1008;168;168;168;;;;;;;;;;
PCAMEDURG;2024;780022737;POLYCLINIQUE DE MAISONS LAFFITTE;780000675;168;168;;252;252;;;;;;;;;;;;;
PCAMEDURG;2024;780300323;HOPITAL PRIVE FRANCISCAINES;780003679;168;168;;504;504;;;;;;;;;;;;5;5
PCAMEDURG;2024;780300406;HOPITAL PRIVE DE PARLY II;780018032;168;168;;231;231;;;;;;;;;;;;;
PCAMEDURG;2024;780300414;CH PRIVE DE L EUROPE;780000675;168;168;;420;420;;;;;;;;;;;;;
PCAMEDURG;2024;780300422;HOPITAL PRIVE DE L OUEST PARISIEN;780002259;378;378;;756;756;;;;;;;;;;;;0;0
PCAMEDURG;2024;780300455;CH PRIVE DU MONTGARDE;780000717;168;168;;168;168;;;;;;;;;;;;;
PCAMEDURG;2024;780800256;CH DE VERSAILLES SITE ANDRE MIGNOT;780110078;1912;1358;554;3127;2563;564;624;624;1204;1204;586;586;1886;1886;212;212;30;30
PCAMEDURG;2024;790000087;CENTRE HOSPITALIER DE NIORT;790000012;792;456;336;1596;1344;252;420;420;344;344;168;168;588;588;35;35;;
PCAMEDURG;2024;790009948;POLYCLINIQUE D'INKERMANN;790001242;168;168;;381;381;;;;;;;;;;;;;
PCAMEDURG;2024;790019848;SITE HOSPITALIER FAYE L'ABBESSE;790006654;644;308;336;924;588;336;336;336;;;;;;;;;;
PCAMEDURG;2024;800000143;CH ABBEVILLE;800000028;644;308;336;1428;1260;168;336;336;;;;;;;;;;
PCAMEDURG;2024;800000390;CH CHIMR MONTDIDIER;800000085;336;168;168;588;420;168;168;168;0;0;0;0;0;0;0;0;;
PCAMEDURG;2024;800000432;CH PÉRONNE;800000093;504;336;168;1064;728;336;399;399;;;;;;;;;;
PCAMEDURG;2024;800006124;CHU AMIENS SUD;800000044;2084;1305;779;3268;2512;756;756;756;611;611;275;275;708;708;;;;
PCAMEDURG;2024;800015729;SAS DE CARDIOLOGIES ET URGENCES;800015679;228;228;;585;585;;;;;;;;;;;;;
PCAMEDURG;2024;810000224;CL CLAUDE BERNARD ALBI;810000471;140;140;;168;168;;;;;;;;;;;;5;
PCAMEDURG;2024;810000505;CH ALBI;810000331;644;308;336;2307;2139;168;336;336;336;336;;;540;540;;;;
PCAMEDURG;2024;810000521;CHIC CASTRES MAZAMET SITE AUTAN;810000380;941;441;500;1344;1008;336;336;336;;;;;;;;;0;
PCAMEDURG;2024;810000562;CH LAVAUR SITE GUIRAUD;810000455;336;168;168;588;420;168;168;168;;;;;;;;;;
PCAMEDURG;2024;810101444;POLYCLINIQUE DU SIDOBRE CASTRES;810000992;168;168;0;251;251;0;0;0;0;0;0;0;0;0;0;0;0;0
PCAMEDURG;2024;820000032;CH MONTAUBAN;820000016;737;400;337;1092;840;252;252;252;168;168;299;299;522;522;;;;
PCAMEDURG;2024;820000057;CL PONT DE CHAUME MONTAUBAN;820000131;168;168;;550;550;;;;;;;;;;;;;
PCAMEDURG;2024;820000883;CHI CASTELSARRASIN MOISSAC SITE MOISSA;820004950;336;168;168;457;255;202;173;173;;;;;;;;;;
PCAMEDURG;2024;830000279;CH JEAN MARCEL DE BRIGNOLES;830100517;504;336;168;672;504;168;168;168;;;;;;;;;;
PCAMEDURG;2024;830000287;CH LA DRACENIE DE DRAGUIGNAN;830100525;481;296;185;1344;1008;336;504;504;;;;;;;;;;
PCAMEDURG;2024;830000311;CHI DE FREJUS SAINT RAPHAEL;830100566;731;487;244;2674;2475;199;199;199;;;;;;;;;0;0
PCAMEDURG;2024;830000337;CENTRE HOSPITALIER DE SAINT TROPEZ;830100590;350;182;168;744;576;168;85;85;;;;;;;;;;
PCAMEDURG;2024;830000345;CHITS CH SAINTE MUSSE;830100616;1219;883;336;2352;1932;420;504;504;714;714;238;238;1524;1524;;;;
PCAMEDURG;2024;830100574;HOP INSTRUC DES ARMEES SAINTE ANNE;750821092;528;528;;1225;1225;;;;;;;;;;;;;
PCAMEDURG;2024;830100608;CHITS CH GEORGE SAND;830100616;300;230;70;742;672;70;70;70;;;;;;;;;;
PCAMEDURG;2024;830200523;POLYCLINIQUE MUTUALISTE MALARTIC;830210084;168;168;;420;420;;;;;;;;;;;;;
PCAMEDURG;2024;840000343;CENTRE HOSPITALIER DU PAYS D'APT;840000012;168;168;;168;168;;;;;;;;;;;;;
PCAMEDURG;2024;840000392;CENTRE HOSPITALIER DE CARPENTRAS;840000046;252;168;84;771;600;171;171;171;;;;;;;;;;
PCAMEDURG;2024;840000418;CHI DE CAVAILLON LAURIS;840004659;504;336;168;504;336;168;168;168;;;;;;;;;;
PCAMEDURG;2024;840000483;CH LOUIS GIORGI D'ORANGE;840000087;574;406;168;1176;1008;168;168;168;;;;;;;;;;
PCAMEDURG;2024;840000491;CHI SITE DE PERTUIS;130041916;504;336;168;447;280;167;167;167;;;;;;;;;;
PCAMEDURG;2024;840000525;CH VAISON LA ROMAINE;840000111;70;70;;420;420;;;;;;;;;;;;0;0
PCAMEDURG;2024;840000533;CH JULES NIEL DE VALREAS;840000129;168;168;;336;336;;;;;;;;;;;;;
PCAMEDURG;2024;840001861;CH D'AVIGNON HENRI DUFFAUT;840006597;1368;1032;336;2173;1837;336;420;420;588;588;252;252;691;691;60;60;26;22
PCAMEDURG;2024;840006480;SMUR CH ORANGE SITE VAISON;840000087;168;;168;168;;168;112;112;;;;;;;;;;
PCAMEDURG;2024;840019228;CH AVIGNON ANTENNE SMUR D'APT;840006597;336;168;168;336;168;168;168;168;;;;;;;;;;
PCAMEDURG;2024;850000118;CLINIQUE SAINT CHARLES;850013244;168;168;;336;336;;;;;;;;;;;;;
PCAMEDURG;2024;850000142;CHD SITE LA ROCHE SUR YON;850000019;829;493;336;1649;1313;336;336;336;637;637;248;248;1164;1164;124;124;;
PCAMEDURG;2024;850000175;CH LVO - SITE DE CHALLANS;850009010;236;201;35;1043;875;168;168;168;;;;;;;;;;
PCAMEDURG;2024;850000209;CHD-SITE DE LUCON;850000019;336;168;168;504;336;168;0;0;;;;;;;;;;
PCAMEDURG;2024;850000225;CHD - SITE DE MONTAIGU;850000019;183;99;84;279;195;84;0;0;;;;;;;;;;
PCAMEDURG;2024;850000241;CENTRE HOSPITALIER COTE DE LUMIÈRE;850000084;539;371;168;712;534;178;174;174;;;;;;;;;0;0
PCAMEDURG;2024;850009630;CH FONTENAY SITE POLE SANTE SUD VENDEE;850000035;336;168;168;469;301;168;168;168;;;;;;;;;;
PCAMEDURG;2024;860000025;CHU DE POITIERS - SITE CHATELLERAULT;860014208;392;224;168;700;525;175;175;175;;;;;;;;;;
PCAMEDURG;2024;860000033;CHU DE POITIERS - SITE DE LOUDUN;860014208;168;;168;168;;168;168;168;;;;;;;;;;
PCAMEDURG;2024;860000058;CHU DE POITIERS - SITE DE MONTMORILLON;860014208;336;168;168;504;336;168;168;168;;;;;;;;;;
PCAMEDURG;2024;860000223;CHU LA MILETRIE;860014208;1476;860;616;2220;1736;484;508;508;493;493;168;168;672;672;;;;
PCAMEDURG;2024;860010321;POLYCLINIQUE DE POITIERS;860010313;168;168;;401;401;;;;;;;;;;;;;
PCAMEDURG;2024;870000064;C H U DUPUYTREN LIMOGES;870000015;1278;774;504;336;;336;336;336;;;;;475;475;79;79;20;20
PCAMEDURG;2024;870000098;CENTRE HOSPITALIER SAINT JUNIEN;870000023;168;168;;284;284;;;;;;;;;;;;;
PCAMEDURG;2024;870000270;CTRE HOSPITALIER J BOUTARD ST YRIEIX;870000031;84;84;;168;168;;;;;;;;;;;;;
PCAMEDURG;2024;870000288;CLINIQUE FRANCOIS CHENIEUX;870017415;266;266;;809;809;;;;;;;;;;;;;
PCAMEDURG;2024;870014859;HOPITAL DE LA MERE ET DE L'ENFANT;870000015;168;168;;;;;;;;;;;;;;;;
PCAMEDURG;2024;870017647;CHU LIMOGES - ANTENNE SMUR ST JUNIEN;870000015;168;;168;168;;168;168;168;;;;;;;;;;
PCAMEDURG;2024;880000021;CHI E.DURKHEIM - PLATEAU DE LA JUSTICE;880007059;759;506;253;1092;756;336;252;252;240;240;168;168;564;564;0;0;;
PCAMEDURG;2024;880000047;CHI HMV - SITE SAINT DIE DES VOSGES;880009147;406;238;168;840;672;168;168;168;;;;;;;;;;
PCAMEDURG;2024;880000054;CHI L'OUEST VOSGIEN SITE NEUFCHATEAU;880007299;672;336;336;832;416;416;168;168;;;;;;;;;;
PCAMEDURG;2024;880000062;CENTRE HOSPITALIER DE REMIREMONT;880780093;177;177;;588;420;168;168;168;0;0;0;0;0;0;0;0;;
PCAMEDURG;2024;880000070;CHI DE L'OUEST VOSGIEN SITE DE VITTEL;880007299;168;112;56;252;168;84;168;168;;;;;;;;;;
PCAMEDURG;2024;880007752;CHI HMV - ANTENNE SMUR;880009147;70;;70;70;;70;70;70;;;;;;;;;;
PCAMEDURG;2024;890975527;CH AUXERRE;890000037;1022;686;336;1689;1185;504;336;336;276;276;168;168;400;400;76;76;2;
PCAMEDURG;2024;890975535;CH AVALLON;890000409;336;168;168;235;151;84;;;;;;;;;;;;
PCAMEDURG;2024;890975543;CH JOIGNY;890000417;336;168;168;336;168;168;;;;;;;;;;;;
PCAMEDURG;2024;890975550;CH SENS;890970569;722;386;336;168;;168;168;168;;;;;;;;;;
PCAMEDURG;2024;890975568;CENTRE HOSPITALIER DU TONNERROIS;890000433;105;100;5;420;252;168;168;168;;;;;;;;;;
PCAMEDURG;2024;900003039;HNFC SITE TREVENANS;900000365;1288;952;336;1932;1596;336;336;336;;;;;;;;;;
PCAMEDURG;2024;910000272;CH D ARPAJON;910110014;599;496;103;1290;1081;209;168;168;;;;;;;;;;
PCAMEDURG;2024;910000280;CH DOURDAN ETAMPES SITE DOURDAN;910019447;316;316;;646;646;;;;;;;;;;;;;
PCAMEDURG;2024;910000298;CENTRE HOSPITALIER DE LONGJUMEAU;910110055;584;416;168;840;672;168;168;168;;;;;;;;;;
PCAMEDURG;2024;910000306;CH D ORSAY;910110055;672;504;168;756;588;168;168;168;;;;;;;;;;
PCAMEDURG;2024;910000314;CH SUD FRANCILIEN;910002773;351;;351;504;;504;483;483;203;203;203;203;1701;1701;;;;
PCAMEDURG;2024;910001973;CH DOURDAN ETAMPES SITE ETAMPES;910019447;395;227;168;805;805;;170;170;0;0;0;0;0;0;0;0;;
PCAMEDURG;2024;910018423;CENTRE HOSPITALIER DE JUVISY SUR ORGE;910110055;672;504;168;840;672;168;168;168;;;;;;;;;;
PCAMEDURG;2024;910020254;CH SUD FRANCILIEN SITE JEAN JAURES;910002773;413;413;;;;;;;;;;;;;;;;
PCAMEDURG;2024;910026780;HOPITAL PARIS-SACLAY;910110055;861;693;168;1344;1176;168;168;168;;;;;;;;;;
PCAMEDURG;2024;910300144;CMCO D EVRY;910000447;168;168;;336;336;;;;;;;;;;;;;
PCAMEDURG;2024;910300219;HOPITAL PRIVE JACQUES CARTIER;910003888;294;294;0;477;477;0;0;0;0;0;0;0;0;0;0;0;0;0
PCAMEDURG;2024;910300300;HOPITAL PRIVE DU VAL D YERRES;910000538;168;168;;231;231;;;;;;;;;;;;;
PCAMEDURG;2024;910803543;HOPITAL PRIVE CLAUDE GALIEN;910017615;192;192;;670;670;;;;;;;;;;;;;
PCAMEDURG;2024;920000577;CH DE NANTERRE;920110020;;;;609;609;;;;;;;;;;;;0;0
PCAMEDURG;2024;920000585;CH RIVES DE SEINE SITE NEUILLY S/SEINE;920026374;728;728;;1204;1204;;;;;;;;;;;;;
PCAMEDURG;2024;920000619;CH DES QUATRE VILLES SITE ST CLOUD;920009909;268;268;0;336;336;;;;0;0;0;0;;;;;0;
PCAMEDURG;2024;920000643;HOPITAL FRANCO BRITANNIQUE - FCJ;750720468;406;406;;840;840;;;;;;;;;;;;;
PCAMEDURG;2024;920000650;HOPITAL FOCH;920150059;528;528;;1263;1263;;;;;;;;;;;;;
PCAMEDURG;2024;920100013;GHU APHP UPS SITE AMBROISE PARE;750712184;462;462;;1024;1024;;;;;;;;;;;;;
PCAMEDURG;2024;920100021;GHU APHP UPS SITE ANTOINE BECLERE;750712184;766;516;250;1477;1260;217;217;217;;;;;;;;;;
PCAMEDURG;2024;920100039;GHU APHP NUP SITE BEAUJON;750712184;406;;406;336;;336;420;420;;;;;;;;;;
PCAMEDURG;2024;920100047;GHU APHP NUP SITE LOUIS MOURIER;750712184;1302;1134;168;1883;1799;84;84;84;;;;;;;;;1;0
PCAMEDURG;2024;920100054;GHU APHP UPS SITE RAYMOND POINCARE;750712184;604;;604;564;;564;792;792;;;;;;;;;;
PCAMEDURG;2024;920120011;HOPITAL INSTRUCTION DES ARMEES PERCY;750821092;336;336;;252;252;;;;;;;;;;;;;
PCAMEDURG;2024;920300043;HOPITAL PRIVE D ANTONY;920001526;630;630;;1234;1234;;;;;;;;;;;;;
PCAMEDURG;2024;920300597;CLINIQUE DE MEUDON LA FORET;920000940;1008;1008;;185;185;;;;;;;;;;;;;
PCAMEDURG;2024;930000286;GHI LE RAINCY MONTFERMEIL;930021480;775;607;168;1092;924;168;168;168;;;;;;;;;;
PCAMEDURG;2024;930000302;CHI ANDRE GREGOIRE;930110036;450;450;;840;840;;;;;;;;;;;;;
PCAMEDURG;2024;930000328;CH GENERAL DELAFONTAINE;930110051;248;44;204;240;36;204;204;204;;;;;;;;;;
PCAMEDURG;2024;930000336;CHI ROBERT BALLANGER;930110069;1452;1218;234;234;;234;234;234;;;;;;;;;3;
PCAMEDURG;2024;930100037;GHU APHP HU PSSD SITE AVICENNE;750712184;1200;478;722;1898;1176;722;722;722;1156;1156;484;484;1428;1428;150;150;38;27
PCAMEDURG;2024;930100045;GHU APHP HU PSSD SITE JEAN VERDIER;750712184;744;744;;1596;1596;;;;;;;;;;;;;
PCAMEDURG;2024;930300025;HOPITAL EUROPEEN DE PARIS-LA ROSERAIE;930000393;252;252;;661;661;;;;;;;;;;;;;
PCAMEDURG;2024;930300066;HOPITAL PRIVE DE L EST PARISIEN;930000401;168;168;;420;420;;;;;;;;;;;;;
PCAMEDURG;2024;930300082;CENTRE MEDICO CHIRURGICAL FLOREAL;930000419;252;252;0;468;468;0;0;0;0;0;0;0;0;0;0;0;0;0
PCAMEDURG;2024;930300116;HOPITAL PRIVE DE LA SEINE SAINT DENIS;930000427;200;200;;420;420;;;;;;;;;;;;;
PCAMEDURG;2024;930300553;CLINIQUE DE L ESTREE;930000633;252;252;;494;494;;;;;;;;;;;;;
PCAMEDURG;2024;930300595;HOPITAL PRIVE DU VERT GALANT;930000658;0;0;0;588;588;0;0;0;0;0;0;0;0;0;0;0;0;0
PCAMEDURG;2024;940000573;CHI DE CRETEIL;940110018;44;44;;1547;1547;;;;;;;;;;;;;
PCAMEDURG;2024;940000599;CHI LUCIE ET RAYMOND AUBRAC;940110042;843;675;168;1302;1134;168;168;168;;;;;;;;;;
PCAMEDURG;2024;940000649;HOPITAL SAINT CAMILLE;940150014;690;690;;760;760;;;;;;;;;;;;;
PCAMEDURG;2024;940100027;GHU APHP HM SITE HENRI MONDOR;750712184;1231;682;549;2244;1680;564;732;732;556;556;428;428;0;0;140;140;25;25
PCAMEDURG;2024;940100043;GHU APHP UPS SITE KREMLIN BICETRE APHP;750712184;1056;1056;;1344;1344;;;;;;;;;;;;;
PCAMEDURG;2024;940120017;HOPITAL INSTRUCTION DES ARMEES BEGIN;750821092;312;312;;588;588;;;;;;;;;;;;;
PCAMEDURG;2024;940300031;HOPITAL PRIVE PAUL D EGINE;940000706;266;266;;733;733;;;;;;;;;;;;;
PCAMEDURG;2024;940300270;HOPITAL PRIVE ARMAND BRILLARD;940000771;208;208;;420;420;;;;;;;;;;;;;
PCAMEDURG;2024;940300445;CLINIQUE DU SUD;940000854;168;168;;223;223;;;;;;;;;;;;;
PCAMEDURG;2024;940300569;HOPITAL PRIVE DE VITRY SITE PASTEUR;940000912;168;168;;435;435;;;;;;;;;;;;;
PCAMEDURG;2024;950000307;CH VICTOR DUPOUY;950110015;1120;793;327;4536;4200;336;336;336;;;;;;;;;;
PCAMEDURG;2024;950000315;HOPITAL NOVO SITE BEAUMONT SUR OISE;950110080;588;420;168;840;672;168;168;168;;;;;;;;;;
PCAMEDURG;2024;950000323;GHEM SIMONE VEIL SITE EAUBONNE;950013870;1612;1276;336;2520;2184;336;336;336;;;;;;;;;;
PCAMEDURG;2024;950000331;CH GENERAL DE GONESSE;950110049;2157;1907;250;2434;2184;250;250;250;;;;;;;;;;
PCAMEDURG;2024;950000349;HOPITAL NOVO SITE MAGNY;950110080;223;223;0;174;174;0;0;0;0;0;0;0;0;0;0;0;;
PCAMEDURG;2024;950000364;CH NOVO SITE RENE DUBOS;950110080;1461;873;588;2016;1428;588;588;588;966;966;966;966;1848;1848;;;;
PCAMEDURG;2024;950300244;CHP SAINTE MARIE OSNY;950045468;420;420;;481;481;;;;;;;;;;;;;
PCAMEDURG;2024;950300277;HOPITAL PRIVE NORD PARISIEN;950000547;199;199;0;332;332;0;;;;;;;;;;;;
PCAMEDURG;2024;950807982;CLINIQUE CLAUDE BERNARD;950001636;288;288;;504;504;;;;;;;;;;;;;
PCAMEDURG;2024;970100392;CENTRE HOSPITALIER DE LA BASSE -TERRE;970100178;613;445;168;734;566;168;168;168;;;;;;;;;;
PCAMEDURG;2024;970100400;C.H. LOUIS CONSTANT FLEMING;970100186;168;168;;336;336;;;;0;0;0;0;0;0;0;0;0;0
PCAMEDURG;2024;970100426;C.H. STE MARIE;970100202;168;168;;504;504;;;;;;;;;;;;;
PCAMEDURG;2024;970100442;C.H.U. DE POINTE-A-PITRE/ABYMES;970100228;;;;60;60;;;;;;;;;;;;;
PCAMEDURG;2024;970107249;CLINIQUE LES EAUX CLAIRES;970100731;218;218;0;372;372;0;0;0;0;0;0;0;0;0;0;0;0;0
PCAMEDURG;2024;970112470;CH L CONSTANT FLEMING-ANTENNE ST BARTH;970100186;168;;168;168;;168;168;168;;;;;;;;;;
PCAMEDURG;2024;970300026;CENTRE HOSPITALIER DE CAYENNE;970302022;1050;812;238;1344;1008;336;336;336;168;168;168;168;434;434;0;0;;
PCAMEDURG;2024;970300083;CENTRE HOSPITALIER  FRANCK-JOLY;970302121;644;476;168;924;756;168;168;168;;;;;;;;;;
PCAMEDURG;2024;970305637;CENTRE HOSPITALIER INTERCOM DE KOUROU;970305629;420;252;168;588;420;168;84;84;;;;;;;;;;
PCAMEDURG;2024;970400024;CHU SITE FELIX GUYON (SAINT DENIS);970408589;978;635;343;1985;1311;674;280;280;;;;;;;;;;
PCAMEDURG;2024;970400057;CHU SITE SUD (SAINT PIERRE);970408589;1037;701;336;1547;1211;336;;;;;;;;;;;;
PCAMEDURG;2024;970400065;CH OUEST REUNION;970421038;796;628;168;1727;1391;336;336;336;;;;;;;;;;
PCAMEDURG;2024;970400073;GHER (SAINT-BENOIT);970403606;682;514;168;1419;1251;168;168;168;;;;;;;;;;
PCAMEDURG;2024;980500011;CHM;980500003;1153;729;424;1730;1212;518;583;583;424;424;;;533;533;;;0;0
